ML_Number	Run	Model	Is_Best	AUC	AUPRC	Sensitivity	Specificity	Balanced_Accuracy	MCC	Dataset
1	1	AdaBoost	False	0.7167	0.8333	0.7333	0.7	0.7167	0.4201	rarefied_asv
1	1	Blended	True	0.6333	0.8397	0.8333	0.4	0.6167	0.2558	nonrarefied_asv
1	1	Blended	True	0.6	0.8536	0.65	0.7	0.675	0.323	nonrarefied_taxa
1	1	Blended	False	0.6333	0.85	0.8	0.5	0.65	0.3046	rarefied_asv
1	1	Blended	False	0.8333	0.95	0.9333	0.5	0.7167	0.4379	rarefied_taxa
1	1	Extra_Trees	False	0.7167	0.8897	0.9333	0.2	0.5667	0.1558	nonrarefied_asv
1	1	Extra_Trees	False	0.6	0.8411	0.9333	0.4	0.6667	0.3333	nonrarefied_taxa
1	1	Extra_Trees	True	0.5667	0.8167	1.0	0.5	0.75	0.5225	rarefied_asv
1	1	Extra_Trees	False	0.9	0.9667	0.9333	0.5	0.7167	0.4379	rarefied_taxa
1	1	K_Neighbors	False	0.75	0.9175	1.0	0.0	0.5	0.0	nonrarefied_taxa
1	1	LDA	False	0.4167	0.7375	0.5333	0.4	0.4667	-0.0667	nonrarefied_asv
1	1	Naive_Bayes	False	0.5833	0.7933	0.3667	0.8	0.5833	0.1812	nonrarefied_taxa
1	1	Random_Forest	False	0.6333	0.8636	1.0	0.1	0.55	0.1225	nonrarefied_asv
1	1	Random_Forest	False	0.7167	0.8778	1.0	0.3	0.65	0.3225	rarefied_asv
1	1	Random_Forest	True	0.8	0.9278	0.9333	0.5	0.7167	0.4379	rarefied_taxa
1	1	XGBoost	False	0.5	0.72	0.6	0.4	0.5	0.0	rarefied_taxa
1	2	AdaBoost	False	0.75	0.85	1.0	0.5	0.75	0.5225	rarefied_asv
1	2	AdaBoost	False	0.95	0.95	0.8667	0.9	0.8833	0.7534	rarefied_taxa
1	2	Blended	False	0.6333	0.8644	0.85	0.6	0.725	0.4491	nonrarefied_asv
1	2	Blended	False	0.85	0.9178	0.75	0.7	0.725	0.4225	nonrarefied_taxa
1	2	Blended	False	0.75	0.8778	1.0	0.5	0.75	0.5225	rarefied_asv
1	2	Blended	False	0.95	0.95	0.9333	0.9	0.9167	0.8379	rarefied_taxa
1	2	Gradient_Boosting	False	0.7333	0.9144	0.85	0.6	0.725	0.4491	nonrarefied_asv
1	2	Gradient_Boosting	True	0.7333	0.9111	1.0	0.5	0.75	0.5225	rarefied_asv
1	2	Gradient_Boosting	True	0.9	0.9389	0.9333	0.9	0.9167	0.8379	rarefied_taxa
1	2	K_Neighbors	False	0.85	0.9178	0.7667	0.7	0.7333	0.4391	nonrarefied_taxa
1	2	K_Neighbors	False	0.65	0.8444	0.8667	0.5	0.6833	0.3534	rarefied_asv
1	2	LDA	True	0.8167	0.8536	0.8167	0.7	0.7583	0.4891	nonrarefied_taxa
1	2	Logistic_Regression	False	0.8167	0.9011	0.7	0.7	0.7	0.3725	nonrarefied_taxa
1	2	Random_Forest	True	0.6	0.8422	0.85	0.6	0.725	0.4491	nonrarefied_asv
1	2	XGBoost	False	0.625	0.8308	1.0	0.0	0.5	0.0	nonrarefied_asv
1	2	XGBoost	False	0.7167	0.8678	1.0	0.0	0.5	0.0	rarefied_taxa
1	3	AdaBoost	False	0.6833	0.8556	0.8	0.4	0.6	0.2179	rarefied_asv
1	3	Blended	False	0.65	0.8397	0.6667	0.5	0.5833	0.1517	nonrarefied_asv
1	3	Blended	False	0.6333	0.8731	0.6333	0.6	0.6167	0.2208	nonrarefied_taxa
1	3	Blended	True	0.6667	0.8944	0.8	0.7	0.75	0.4867	rarefied_asv
1	3	Blended	False	0.6333	0.85	0.7333	0.5	0.6167	0.2201	rarefied_taxa
1	3	Decision_Tree	True	0.725	0.8453	0.7667	0.6	0.6833	0.3438	nonrarefied_asv
1	3	Extra_Trees	False	0.4333	0.7808	1.0	0.0	0.5	0.0	nonrarefied_taxa
1	3	Extra_Trees	False	0.6333	0.85	0.8667	0.5	0.6833	0.3713	rarefied_taxa
1	3	K_Neighbors	False	0.6667	0.9056	1.0	0.2	0.6	0.2	rarefied_asv
1	3	LDA	False	0.4833	0.7186	0.75	0.3	0.525	0.0075	nonrarefied_taxa
1	3	Logistic_Regression	False	0.6667	0.8889	0.7333	0.5	0.6167	0.2201	rarefied_taxa
1	3	Naive_Bayes	True	0.6917	0.8033	0.3833	1.0	0.6917	0.3524	nonrarefied_taxa
1	3	QDA	False	0.6	0.7767	0.4833	0.7	0.5917	0.2167	nonrarefied_asv
1	3	Random_Forest	False	0.5	0.7603	0.8333	0.3	0.5667	0.115	nonrarefied_asv
1	3	Random_Forest	True	0.7667	0.9278	0.9333	0.5	0.7167	0.4558	rarefied_taxa
1	3	XGBoost	False	0.6667	0.8889	1.0	0.0	0.5	0.0	rarefied_asv
1	4	Blended	False	0.5667	0.8564	0.65	0.3	0.475	-0.0413	nonrarefied_asv
1	4	Blended	False	0.55	0.8242	0.4333	0.3	0.3667	-0.2391	nonrarefied_taxa
1	4	Blended	True	0.6667	0.8889	0.6667	0.6	0.6333	0.2488	rarefied_asv
1	4	Blended	False	0.7333	0.9111	0.7333	0.5	0.6167	0.2558	rarefied_taxa
1	4	Extra_Trees	True	0.4583	0.805	0.9333	0.1	0.5167	0.0333	nonrarefied_asv
1	4	Extra_Trees	False	0.5	0.8222	0.8667	0.3	0.5833	0.1667	rarefied_asv
1	4	Extra_Trees	True	0.7	0.8589	0.8	0.8	0.8	0.6	rarefied_taxa
1	4	Gradient_Boosting	False	0.5333	0.8333	0.9333	0.3	0.6167	0.2379	rarefied_taxa
1	4	LDA	False	0.5167	0.7742	0.5833	0.4	0.4917	0.0137	nonrarefied_asv
1	4	Naive_Bayes	True	0.5833	0.7917	0.3667	0.8	0.5833	0.1763	nonrarefied_taxa
1	4	QDA	False	0.55	0.7381	0.8333	0.1	0.4667	-0.0667	nonrarefied_asv
1	4	QDA	False	0.4667	0.7589	0.9333	0.2	0.5667	0.1333	rarefied_asv
1	4	Random_Forest	False	0.4667	0.7508	0.8833	0.2	0.5417	0.0684	nonrarefied_taxa
1	4	Random_Forest	False	0.3667	0.7278	1.0	0.1	0.55	0.1225	rarefied_asv
1	4	Random_Forest	False	0.7333	0.8889	0.9333	0.3	0.6167	0.2379	rarefied_taxa
1	4	XGBoost	False	0.4167	0.7311	1.0	0.0	0.5	0.0	nonrarefied_taxa
1	5	Blended	False	0.7333	0.9053	1.0	0.4	0.7	0.4449	nonrarefied_asv
1	5	Blended	False	0.9	0.9444	0.8833	0.8	0.8417	0.6783	nonrarefied_taxa
1	5	Blended	False	0.7333	0.9278	0.8667	0.4	0.6333	0.2667	rarefied_asv
1	5	Blended	False	0.7333	0.9278	1.0	0.4	0.7	0.4	rarefied_taxa
1	5	Decision_Tree	True	0.925	0.94	0.9	0.8	0.85	0.6899	nonrarefied_taxa
1	5	Decision_Tree	True	0.7	0.8722	0.8667	0.6	0.7333	0.4488	rarefied_asv
1	5	Extra_Trees	False	0.7333	0.9175	0.9333	0.3	0.6167	0.2408	nonrarefied_asv
1	5	Extra_Trees	True	0.8	0.9222	1.0	0.4	0.7	0.4	rarefied_taxa
1	5	Gradient_Boosting	False	0.6333	0.8719	0.9333	0.4	0.6667	0.3783	nonrarefied_asv
1	5	Gradient_Boosting	False	0.7917	0.8856	0.9	0.7	0.8	0.5674	nonrarefied_taxa
1	5	K_Neighbors	False	0.75	0.8589	0.75	0.9	0.825	0.6375	nonrarefied_taxa
1	5	K_Neighbors	False	0.6667	0.85	0.9333	0.4	0.6667	0.3155	rarefied_asv
1	5	Logistic_Regression	False	0.5667	0.8722	0.6	0.6	0.6	0.2	rarefied_asv
1	5	Random_Forest	True	0.7333	0.9053	1.0	0.4	0.7	0.4449	nonrarefied_asv
1	5	Random_Forest	False	0.6667	0.9056	0.9333	0.4	0.6667	0.3333	rarefied_taxa
1	5	XGBoost	False	0.7333	0.9111	1.0	0.0	0.5	0.0	rarefied_taxa
1	6	Blended	True	0.7833	0.9219	0.8333	0.7	0.7667	0.5375	nonrarefied_asv
1	6	Blended	True	0.7833	0.8911	0.75	0.6	0.675	0.3046	nonrarefied_taxa
1	6	Blended	False	0.4667	0.79	0.1333	0.7	0.4167	-0.1891	rarefied_asv
1	6	Blended	False	0.6667	0.9011	0.5333	0.6	0.5667	0.1512	rarefied_taxa
1	6	Extra_Trees	False	0.8333	0.9122	0.9333	0.4	0.6667	0.3184	nonrarefied_taxa
1	6	K_Neighbors	False	0.7333	0.8367	0.7667	0.7	0.7333	0.4858	nonrarefied_asv
1	6	K_Neighbors	True	0.6	0.8067	0.6	0.6	0.6	0.2	rarefied_taxa
1	6	LDA	False	0.55	0.7464	0.6333	0.6	0.6167	0.2283	nonrarefied_taxa
1	6	LDA	True	0.5667	0.7733	0.7333	0.3	0.5167	0.0155	rarefied_asv
1	6	LightGBM	False	0.5	0.72	0.0	1.0	0.5	0.0	rarefied_asv
1	6	Logistic_Regression	False	0.7	0.8953	0.8167	0.7	0.7583	0.4891	nonrarefied_asv
1	6	Logistic_Regression	False	0.5333	0.8622	0.5333	0.6	0.5667	0.1333	rarefied_taxa
1	6	Naive_Bayes	False	0.25	0.7478	0.1333	0.7	0.4167	-0.1891	rarefied_asv
1	6	Naive_Bayes	False	0.5333	0.7622	0.2667	0.8	0.5333	0.0667	rarefied_taxa
1	6	QDA	False	0.4	0.6936	0.7833	0.0	0.3917	-0.1891	nonrarefied_asv
1	6	Random_Forest	False	0.6083	0.8358	0.8	0.5	0.65	0.3225	nonrarefied_taxa
1	7	Blended	True	0.5667	0.7808	0.4	0.7	0.55	0.0746	nonrarefied_asv
1	7	Blended	False	0.5667	0.8175	0.7333	0.5	0.6167	0.2379	nonrarefied_taxa
1	7	Blended	False	0.4333	0.7667	0.6	0.5	0.55	0.1225	rarefied_asv
1	7	Blended	False	0.7	0.8722	0.7333	0.6	0.6667	0.3512	rarefied_taxa
1	7	Decision_Tree	False	0.5	0.71	0.0	1.0	0.5	0.0	nonrarefied_asv
1	7	Decision_Tree	True	0.6917	0.8333	0.6333	0.6	0.6167	0.1879	nonrarefied_taxa
1	7	Extra_Trees	False	0.5667	0.8167	1.0	0.0	0.5	0.0	rarefied_asv
1	7	Extra_Trees	True	0.7	0.8722	0.8667	0.6	0.7333	0.4667	rarefied_taxa
1	7	K_Neighbors	False	0.5667	0.7811	1.0	0.0	0.5	0.0	rarefied_asv
1	7	K_Neighbors	False	0.6333	0.7978	1.0	0.2	0.6	0.2	rarefied_taxa
1	7	LDA	False	0.4667	0.7922	0.45	0.5	0.475	-0.0553	nonrarefied_asv
1	7	LDA	False	0.6167	0.8433	0.7333	0.5	0.6167	0.2379	nonrarefied_taxa
1	7	LightGBM	False	0.5	0.71	0.0	1.0	0.5	0.0	nonrarefied_asv
1	7	Logistic_Regression	False	0.6167	0.83	0.6833	0.5	0.5917	0.1879	nonrarefied_taxa
1	7	Logistic_Regression	True	0.4333	0.7667	0.6	0.7	0.65	0.3225	rarefied_asv
1	7	Random_Forest	False	0.6167	0.84	0.9333	0.4	0.6667	0.3155	rarefied_taxa
1	8	Blended	False	0.4667	0.7547	0.95	0.2	0.575	0.1225	nonrarefied_asv
1	8	Blended	False	0.7167	0.8589	0.6333	0.4	0.5167	0.015	nonrarefied_taxa
1	8	Blended	False	0.85	0.9111	0.8667	0.5	0.6833	0.3534	rarefied_asv
1	8	Blended	False	0.7	0.8956	0.9333	0.0	0.4667	-0.0816	rarefied_taxa
1	8	Decision_Tree	True	0.7833	0.8778	0.7333	0.9	0.8167	0.6558	rarefied_asv
1	8	Extra_Trees	True	0.7	0.8331	0.9	0.4	0.65	0.3174	nonrarefied_asv
1	8	Extra_Trees	True	0.75	0.8356	0.8667	0.5	0.6833	0.3517	nonrarefied_taxa
1	8	Extra_Trees	False	0.6	0.8511	1.0	0.2	0.6	0.2	rarefied_taxa
1	8	Gradient_Boosting	False	0.6833	0.8256	0.8167	0.4	0.6083	0.1891	nonrarefied_taxa
1	8	Gradient_Boosting	False	0.7333	0.8789	1.0	0.2	0.6	0.2	rarefied_asv
1	8	K_Neighbors	False	0.4167	0.7797	0.8	0.2	0.5	-0.015	nonrarefied_taxa
1	8	K_Neighbors	False	0.7333	0.8789	1.0	0.0	0.5	0.0	rarefied_asv
1	8	LDA	False	0.3333	0.7689	0.3333	0.4	0.3667	-0.2667	rarefied_taxa
1	8	LightGBM	False	0.5667	0.7456	0.9	0.2	0.55	0.0816	nonrarefied_asv
1	8	Random_Forest	False	0.5167	0.7981	0.8333	0.3	0.5667	0.115	nonrarefied_asv
1	8	Random_Forest	True	0.5333	0.8344	0.9333	0.4	0.6667	0.3155	rarefied_taxa
1	9	AdaBoost	True	1.0	1.0	0.9	0.8	0.85	0.6899	nonrarefied_taxa
1	9	AdaBoost	False	0.7	0.8678	0.8	0.4	0.6	0.1821	rarefied_asv
1	9	AdaBoost	True	0.9167	0.9289	0.9333	0.7	0.8167	0.6333	rarefied_taxa
1	9	Blended	True	0.75	0.9175	0.6667	0.8	0.7333	0.4438	nonrarefied_asv
1	9	Blended	False	0.9333	0.9833	0.95	0.5	0.725	0.4449	nonrarefied_taxa
1	9	Blended	True	0.6	0.8289	0.9333	0.4	0.6667	0.3333	rarefied_asv
1	9	Blended	False	0.8667	0.9444	0.8667	0.5	0.6833	0.3713	rarefied_taxa
1	9	Decision_Tree	False	0.7333	0.8222	0.7333	0.7	0.7167	0.4104	nonrarefied_asv
1	9	Decision_Tree	False	0.725	0.81	0.95	0.5	0.725	0.4449	nonrarefied_taxa
1	9	Extra_Trees	False	0.8333	0.9111	0.8667	0.5	0.6833	0.3713	rarefied_taxa
1	9	Gradient_Boosting	False	0.8583	0.9508	1.0	0.4	0.7	0.4	nonrarefied_asv
1	9	Gradient_Boosting	False	0.8333	0.9444	0.85	0.5	0.675	0.3266	nonrarefied_taxa
1	9	Logistic_Regression	False	0.3667	0.75	0.7333	0.5	0.6167	0.2379	rarefied_asv
1	9	Random_Forest	False	0.9333	0.9733	1.0	0.4	0.7	0.4	nonrarefied_asv
1	9	Random_Forest	False	0.8	0.9278	0.8667	0.5	0.6833	0.3713	rarefied_taxa
1	9	XGBoost	False	0.6333	0.8622	1.0	0.2	0.6	0.2	rarefied_asv
1	10	Blended	True	0.8167	0.9483	0.6167	0.8	0.7083	0.4167	nonrarefied_asv
1	10	Blended	True	0.75	0.8489	1.0	0.6	0.8	0.6449	nonrarefied_taxa
1	10	Blended	False	0.4	0.7456	0.8667	0.2	0.5333	0.0488	rarefied_asv
1	10	Blended	True	0.8	0.9344	0.8667	0.8	0.8333	0.6488	rarefied_taxa
1	10	Decision_Tree	False	0.8	0.86	0.9	0.6	0.75	0.5266	nonrarefied_taxa
1	10	Decision_Tree	False	0.8	0.8844	0.6667	0.8	0.7333	0.4281	rarefied_taxa
1	10	Extra_Trees	False	0.6833	0.9092	0.8833	0.4	0.6417	0.3104	nonrarefied_asv
1	10	Gradient_Boosting	False	0.5833	0.8272	1.0	0.4	0.7	0.4449	nonrarefied_taxa
1	10	Gradient_Boosting	False	0.8	0.9344	0.9333	0.3	0.6167	0.2333	rarefied_taxa
1	10	K_Neighbors	True	0.4667	0.7622	0.8	0.4	0.6	0.1821	rarefied_asv
1	10	LDA	False	0.6667	0.8456	0.5333	0.5	0.5167	0.0155	rarefied_taxa
1	10	LightGBM	False	0.5	0.72	0.0	1.0	0.5	0.0	rarefied_asv
1	10	Naive_Bayes	False	0.675	0.8225	0.55	0.8	0.675	0.365	nonrarefied_asv
1	10	QDA	False	0.5333	0.7456	0.8667	0.2	0.5333	0.0488	rarefied_asv
1	10	Random_Forest	False	0.8167	0.9144	1.0	0.4	0.7	0.4449	nonrarefied_asv
1	10	XGBoost	False	0.7167	0.8389	0.9333	0.6	0.7667	0.5558	nonrarefied_taxa
2	1	AdaBoost	False	0.9672	0.9922	0.9146	0.87	0.8923	0.7361	nonrarefied_taxa
2	1	Blended	False	0.9788	0.9947	0.9257	0.87	0.8979	0.7485	nonrarefied_asv
2	1	Blended	True	0.9715	0.9935	0.9041	0.91	0.907	0.7364	nonrarefied_taxa
2	1	Blended	False	0.9471	0.9886	0.9176	0.95	0.9338	0.8123	rarefied_asv
2	1	Blended	False	0.9324	0.9832	0.8941	0.95	0.9221	0.7871	rarefied_taxa
2	1	Extra_Trees	False	0.9588	0.9908	0.8824	0.95	0.9162	0.7664	rarefied_asv
2	1	Extra_Trees	True	0.9324	0.9775	0.9294	0.95	0.9397	0.8391	rarefied_taxa
2	1	Gradient_Boosting	True	0.9765	0.9944	0.9152	0.92	0.9176	0.7635	nonrarefied_asv
2	1	K_Neighbors	False	0.8162	0.9331	0.714	0.85	0.782	0.4661	rarefied_taxa
2	1	LightGBM	False	0.9657	0.9925	0.9152	0.86	0.8876	0.7212	nonrarefied_taxa
2	1	Logistic_Regression	False	0.9709	0.9931	0.9146	0.91	0.9123	0.7542	nonrarefied_asv
2	1	Logistic_Regression	True	0.95	0.9893	0.9412	0.95	0.9456	0.8487	rarefied_asv
2	1	Random_Forest	False	0.9632	0.9915	0.9146	0.87	0.8923	0.726	nonrarefied_taxa
2	1	Random_Forest	False	0.95	0.9892	0.8706	0.95	0.9103	0.7529	rarefied_asv
2	1	Random_Forest	False	0.9412	0.9869	0.9059	0.85	0.8779	0.7359	rarefied_taxa
2	1	XGBoost	False	0.9515	0.9883	0.9152	0.87	0.8926	0.7289	nonrarefied_asv
2	2	Blended	True	0.9509	0.9867	0.9257	0.92	0.9229	0.7921	nonrarefied_asv
2	2	Blended	False	0.9196	0.9798	0.893	0.75	0.8215	0.5979	nonrarefied_taxa
2	2	Blended	False	0.9169	0.9773	0.9044	0.8	0.8522	0.6794	rarefied_asv
2	2	Blended	False	0.9042	0.9787	0.8926	0.75	0.8213	0.6266	rarefied_taxa
2	2	Decision_Tree	True	0.8903	0.9574	0.8441	0.9	0.8721	0.6713	rarefied_asv
2	2	Decision_Tree	False	0.8955	0.9682	0.8926	0.8	0.8463	0.6531	rarefied_taxa
2	2	Gradient_Boosting	False	0.9103	0.9742	0.8825	0.79	0.8362	0.6117	nonrarefied_taxa
2	2	LDA	False	0.9495	0.9872	0.893	0.92	0.9065	0.731	nonrarefied_asv
2	2	LightGBM	False	0.9481	0.9864	0.8924	0.87	0.8812	0.7067	nonrarefied_asv
2	2	Logistic_Regression	False	0.8702	0.9468	0.8936	0.75	0.8218	0.5981	nonrarefied_taxa
2	2	Logistic_Regression	False	0.9074	0.9792	0.9279	0.75	0.839	0.6881	rarefied_asv
2	2	Random_Forest	True	0.9226	0.9805	0.8392	0.87	0.8546	0.6181	nonrarefied_taxa
2	2	Random_Forest	True	0.9175	0.9779	0.8449	0.9	0.8724	0.6492	rarefied_taxa
2	2	XGBoost	False	0.9432	0.9851	0.9468	0.38	0.6634	0.3589	nonrarefied_asv
2	2	XGBoost	False	0.9055	0.9721	0.9404	0.3	0.6202	0.2677	rarefied_asv
2	2	XGBoost	False	0.9285	0.9844	0.9279	0.45	0.689	0.4425	rarefied_taxa
2	3	AdaBoost	False	0.9659	0.9885	0.9169	1.0	0.9585	0.8373	rarefied_asv
2	3	Blended	True	0.9584	0.9918	0.9158	0.95	0.9329	0.7952	nonrarefied_asv
2	3	Blended	False	0.9489	0.9899	0.9053	0.87	0.8876	0.7219	nonrarefied_taxa
2	3	Blended	False	0.9822	0.9961	0.9169	1.0	0.9585	0.8373	rarefied_asv
2	3	Blended	True	0.9496	0.9892	0.8816	1.0	0.9408	0.7812	rarefied_taxa
2	3	K_Neighbors	False	0.9303	0.9827	0.6292	1.0	0.8146	0.5046	nonrarefied_asv
2	3	K_Neighbors	False	0.9051	0.9763	0.4529	1.0	0.7265	0.3721	rarefied_taxa
2	3	LightGBM	True	0.9519	0.99	0.8836	0.91	0.8968	0.7114	nonrarefied_taxa
2	3	Random_Forest	False	0.9466	0.989	0.8936	0.95	0.9218	0.7545	nonrarefied_asv
2	3	Random_Forest	False	0.9321	0.9863	0.9053	0.86	0.8826	0.7107	nonrarefied_taxa
2	3	Random_Forest	True	0.9673	0.9929	0.9169	1.0	0.9585	0.8373	rarefied_asv
2	3	Random_Forest	False	0.9349	0.9751	0.8699	1.0	0.9349	0.761	rarefied_taxa
2	3	XGBoost	False	0.9246	0.9813	0.9579	0.69	0.8239	0.6778	nonrarefied_asv
2	3	XGBoost	False	0.944	0.9887	0.9368	0.77	0.8534	0.7097	nonrarefied_taxa
2	3	XGBoost	False	0.9546	0.9885	0.9529	0.8	0.8765	0.7747	rarefied_asv
2	3	XGBoost	False	0.9022	0.9713	0.9169	0.55	0.7335	0.5144	rarefied_taxa
2	4	AdaBoost	False	0.9373	0.9739	0.8813	0.92	0.9006	0.7225	nonrarefied_taxa
2	4	Blended	False	0.9575	0.9896	0.9035	0.87	0.8868	0.7255	nonrarefied_asv
2	4	Blended	True	0.9478	0.9861	0.9345	0.92	0.9273	0.8249	nonrarefied_taxa
2	4	Blended	False	0.9603	0.9893	0.9404	0.9	0.9202	0.8027	rarefied_asv
2	4	Blended	False	0.9312	0.9851	0.9169	0.7	0.8085	0.6055	rarefied_taxa
2	4	Extra_Trees	True	0.929	0.9834	0.8819	0.91	0.8959	0.7143	nonrarefied_asv
2	4	Gradient_Boosting	False	0.9246	0.9766	0.9162	0.9	0.9081	0.759	rarefied_asv
2	4	LightGBM	False	0.9433	0.9853	0.9345	0.88	0.9073	0.7909	nonrarefied_taxa
2	4	LightGBM	True	0.9726	0.9931	0.9051	0.95	0.9276	0.7752	rarefied_asv
2	4	LightGBM	True	0.9371	0.9853	0.8926	0.9	0.8963	0.7178	rarefied_taxa
2	4	Random_Forest	False	0.956	0.9895	0.8924	0.87	0.8812	0.7025	nonrarefied_asv
2	4	Random_Forest	False	0.9373	0.9867	0.8809	0.85	0.8654	0.6609	rarefied_taxa
2	4	XGBoost	False	0.9093	0.9774	0.9778	0.28	0.6289	0.4234	nonrarefied_asv
2	4	XGBoost	False	0.9687	0.9929	0.9778	0.45	0.7139	0.5727	nonrarefied_taxa
2	4	XGBoost	False	0.9548	0.9891	0.9882	0.55	0.7691	0.6597	rarefied_asv
2	4	XGBoost	False	0.9077	0.979	0.9765	0.3	0.6382	0.42	rarefied_taxa
2	5	AdaBoost	False	0.9661	0.992	0.9246	0.86	0.8923	0.7571	nonrarefied_taxa
2	5	Blended	False	0.9443	0.9886	0.7766	1.0	0.8883	0.6317	nonrarefied_asv
2	5	Blended	False	0.9602	0.9911	0.9357	0.83	0.8828	0.7364	nonrarefied_taxa
2	5	Blended	False	0.9434	0.9879	0.9037	0.9	0.9018	0.7445	rarefied_asv
2	5	Blended	False	0.9706	0.9935	0.8809	0.85	0.8654	0.6661	rarefied_taxa
2	5	Extra_Trees	True	0.9522	0.9901	0.9044	1.0	0.9522	0.8169	rarefied_asv
2	5	Gradient_Boosting	False	0.9258	0.9846	0.8936	0.86	0.8768	0.6864	nonrarefied_asv
2	5	K_Neighbors	False	0.9236	0.9727	0.7234	1.0	0.8617	0.5773	nonrarefied_asv
2	5	K_Neighbors	False	0.9118	0.9725	0.7265	1.0	0.8632	0.591	rarefied_asv
2	5	LightGBM	True	0.9455	0.9883	0.8936	0.91	0.9018	0.721	nonrarefied_taxa
2	5	LightGBM	False	0.9616	0.9915	0.9162	0.85	0.8831	0.7209	rarefied_taxa
2	5	Random_Forest	True	0.9357	0.9819	0.8614	0.95	0.9057	0.6996	nonrarefied_asv
2	5	Random_Forest	True	0.9096	0.9638	0.8691	0.95	0.9096	0.7254	rarefied_taxa
2	5	XGBoost	False	0.9465	0.988	0.9474	0.56	0.7537	0.548	nonrarefied_taxa
2	5	XGBoost	False	0.9491	0.9887	0.9515	0.45	0.7007	0.4783	rarefied_asv
2	5	XGBoost	False	0.9441	0.9881	0.9404	0.7	0.8202	0.6684	rarefied_taxa
2	6	Blended	False	0.9611	0.9892	0.9263	0.91	0.9182	0.8121	nonrarefied_asv
2	6	Blended	False	0.9658	0.9932	0.9368	0.86	0.8984	0.7711	nonrarefied_taxa
2	6	Blended	False	0.9732	0.9944	0.9404	0.9	0.9202	0.8027	rarefied_asv
2	6	Blended	False	0.9583	0.9913	0.9287	0.8	0.8643	0.6993	rarefied_taxa
2	6	Decision_Tree	False	0.9481	0.9792	0.9287	0.9	0.9143	0.781	rarefied_asv
2	6	Extra_Trees	False	0.9157	0.9694	0.883	0.95	0.9165	0.752	nonrarefied_asv
2	6	Extra_Trees	True	0.9732	0.9944	0.9051	1.0	0.9526	0.8069	rarefied_asv
2	6	LightGBM	False	0.9605	0.9914	0.8836	0.95	0.9168	0.7491	nonrarefied_asv
2	6	LightGBM	True	0.9539	0.9907	0.8731	0.95	0.9115	0.7352	nonrarefied_taxa
2	6	LightGBM	False	0.9763	0.995	0.9051	1.0	0.9526	0.8069	rarefied_asv
2	6	Logistic_Regression	False	0.9526	0.9898	0.9522	0.7	0.8261	0.6821	rarefied_taxa
2	6	Random_Forest	False	0.9591	0.9917	0.9152	0.9	0.9076	0.7611	nonrarefied_taxa
2	6	Random_Forest	True	0.9553	0.9907	0.9169	0.9	0.9085	0.7535	rarefied_taxa
2	6	XGBoost	True	0.9767	0.995	0.9684	0.87	0.9192	0.8459	nonrarefied_asv
2	6	XGBoost	False	0.9642	0.9926	0.9474	0.77	0.8587	0.7285	nonrarefied_taxa
2	6	XGBoost	False	0.9463	0.9888	0.9404	0.6	0.7702	0.5516	rarefied_taxa
2	7	Blended	False	0.9665	0.9924	0.8614	1.0	0.9307	0.7543	nonrarefied_asv
2	7	Blended	False	0.9477	0.9889	0.9035	0.86	0.8818	0.7169	nonrarefied_taxa
2	7	Blended	False	0.9392	0.987	0.9154	0.85	0.8827	0.7317	rarefied_asv
2	7	Blended	False	0.8974	0.9726	0.6199	1.0	0.8099	0.4906	rarefied_taxa
2	7	Extra_Trees	False	0.8783	0.9511	0.7831	0.95	0.8665	0.6177	rarefied_taxa
2	7	Gradient_Boosting	False	0.9568	0.9905	0.9041	0.95	0.927	0.7827	nonrarefied_asv
2	7	K_Neighbors	False	0.9536	0.9867	0.7456	1.0	0.8728	0.6147	nonrarefied_asv
2	7	K_Neighbors	False	0.9186	0.9818	0.8088	1.0	0.9044	0.6739	rarefied_asv
2	7	K_Neighbors	False	0.8691	0.9626	0.536	1.0	0.768	0.4288	rarefied_taxa
2	7	LightGBM	False	0.9614	0.9915	0.893	0.91	0.9015	0.7364	nonrarefied_taxa
2	7	Random_Forest	True	0.9494	0.9807	0.8825	1.0	0.9412	0.7826	nonrarefied_asv
2	7	Random_Forest	True	0.9149	0.9747	0.9035	0.91	0.9068	0.7512	nonrarefied_taxa
2	7	Random_Forest	True	0.9577	0.9835	0.9154	1.0	0.9577	0.8431	rarefied_asv
2	7	Random_Forest	True	0.9298	0.979	0.8096	0.95	0.8798	0.634	rarefied_taxa
2	7	XGBoost	False	0.9557	0.9899	0.914	0.77	0.842	0.6628	nonrarefied_taxa
2	7	XGBoost	False	0.9419	0.987	0.939	0.65	0.7945	0.6451	rarefied_asv
2	8	AdaBoost	True	0.9753	0.9951	0.8415	1.0	0.9208	0.7145	nonrarefied_taxa
2	8	Blended	False	0.9688	0.9937	0.9053	0.86	0.8826	0.7168	nonrarefied_asv
2	8	Blended	False	0.9724	0.9944	0.8947	0.92	0.9074	0.7397	nonrarefied_taxa
2	8	Blended	False	0.964	0.9927	0.8684	1.0	0.9342	0.7641	rarefied_asv
2	8	Blended	False	0.9215	0.9833	0.8919	0.8	0.846	0.6498	rarefied_taxa
2	8	Extra_Trees	True	0.9428	0.988	0.9044	1.0	0.9522	0.8169	rarefied_asv
2	8	Extra_Trees	True	0.9336	0.9863	0.9037	0.95	0.9268	0.7785	rarefied_taxa
2	8	Gradient_Boosting	True	0.9292	0.974	0.8947	0.91	0.9024	0.7388	nonrarefied_asv
2	8	K_Neighbors	False	0.954	0.99	0.6206	1.0	0.8103	0.4925	rarefied_asv
2	8	Logistic_Regression	False	0.95	0.9897	0.9579	0.81	0.8839	0.7816	nonrarefied_asv
2	8	Random_Forest	False	0.9697	0.9924	0.8415	0.96	0.9008	0.6871	nonrarefied_taxa
2	8	Random_Forest	False	0.9569	0.9885	0.8684	1.0	0.9342	0.7641	rarefied_asv
2	8	Random_Forest	False	0.9315	0.9848	0.8441	0.9	0.8721	0.6484	rarefied_taxa
2	8	XGBoost	False	0.9464	0.9869	0.9368	0.69	0.8134	0.6503	nonrarefied_asv
2	8	XGBoost	False	0.9382	0.9866	0.9263	0.7	0.8132	0.6236	nonrarefied_taxa
2	8	XGBoost	False	0.9426	0.9881	0.9162	0.5	0.7081	0.4102	rarefied_taxa
2	9	Blended	True	0.9443	0.9868	0.8731	0.96	0.9165	0.7442	nonrarefied_asv
2	9	Blended	True	0.9424	0.9806	0.8942	0.87	0.8821	0.7009	nonrarefied_taxa
2	9	Blended	False	0.9676	0.9931	0.9397	0.9	0.9199	0.7989	rarefied_asv
2	9	Blended	False	0.9618	0.9916	0.9279	0.9	0.914	0.7811	rarefied_taxa
2	9	Extra_Trees	True	0.95	0.9876	0.9279	0.95	0.939	0.8164	rarefied_asv
2	9	K_Neighbors	False	0.9115	0.9775	0.6924	1.0	0.8462	0.56	nonrarefied_asv
2	9	K_Neighbors	False	0.8957	0.9559	0.5205	0.96	0.7402	0.3816	nonrarefied_taxa
2	9	LightGBM	False	0.9539	0.9875	0.9152	0.72	0.8176	0.6404	nonrarefied_taxa
2	9	LightGBM	True	0.9612	0.9918	0.9287	0.9	0.9143	0.7847	rarefied_taxa
2	9	Random_Forest	False	0.8956	0.9747	0.7848	1.0	0.8924	0.6779	nonrarefied_asv
2	9	Random_Forest	False	0.9603	0.9896	0.8669	0.95	0.9085	0.7372	rarefied_asv
2	9	Random_Forest	False	0.9588	0.9909	0.9154	0.9	0.9077	0.7647	rarefied_taxa
2	9	XGBoost	False	0.9235	0.9823	0.9363	0.69	0.8131	0.6416	nonrarefied_asv
2	9	XGBoost	False	0.954	0.9891	0.9573	0.66	0.8087	0.6702	nonrarefied_taxa
2	9	XGBoost	False	0.9351	0.9836	0.9647	0.65	0.8074	0.6773	rarefied_asv
2	9	XGBoost	False	0.9279	0.9663	0.9647	0.75	0.8574	0.7435	rarefied_taxa
2	10	Blended	False	0.9746	0.9938	0.9152	0.91	0.9126	0.7889	nonrarefied_asv
2	10	Blended	False	0.9382	0.984	0.9146	0.77	0.8423	0.6783	nonrarefied_taxa
2	10	Blended	False	0.9254	0.9778	0.9154	0.9	0.9077	0.78	rarefied_asv
2	10	Blended	False	0.9103	0.9807	0.8801	0.85	0.8651	0.673	rarefied_taxa
2	10	Decision_Tree	False	0.8822	0.9504	0.9041	0.73	0.817	0.6208	nonrarefied_taxa
2	10	Decision_Tree	False	0.8389	0.9418	0.8809	0.8	0.8404	0.6336	rarefied_taxa
2	10	Extra_Trees	False	0.9567	0.9902	0.9152	0.91	0.9126	0.7889	nonrarefied_asv
2	10	Gradient_Boosting	False	0.9163	0.9745	0.9357	0.82	0.8778	0.7471	nonrarefied_taxa
2	10	Gradient_Boosting	False	0.9355	0.983	0.9154	0.9	0.9077	0.7773	rarefied_asv
2	10	K_Neighbors	False	0.9453	0.9867	0.7135	0.96	0.8367	0.5605	nonrarefied_asv
2	10	Random_Forest	True	0.9702	0.9934	0.9152	0.91	0.9126	0.7889	nonrarefied_asv
2	10	Random_Forest	True	0.9326	0.9836	0.8725	0.91	0.8913	0.6932	nonrarefied_taxa
2	10	Random_Forest	True	0.9417	0.982	0.9037	0.95	0.9268	0.7952	rarefied_asv
2	10	Random_Forest	True	0.9158	0.9826	0.8801	0.95	0.9151	0.7486	rarefied_taxa
2	10	XGBoost	False	0.9134	0.9715	0.9279	0.85	0.889	0.7648	rarefied_asv
2	10	XGBoost	False	0.8721	0.9711	0.8809	0.75	0.8154	0.5968	rarefied_taxa
6	1	AdaBoost	False	0.8086	0.6776	0.6147	0.7712	0.693	0.3936	nonrarefied_asv
6	1	Blended	True	0.858	0.7674	0.6566	0.8703	0.7634	0.5396	nonrarefied_asv
6	1	Blended	True	0.8639	0.7781	0.7326	0.8805	0.8066	0.6221	nonrarefied_taxa
6	1	Blended	True	0.8228	0.7179	0.6741	0.8	0.737	0.4719	rarefied_asv
6	1	Blended	False	0.8397	0.756	0.6815	0.8154	0.7484	0.496	rarefied_taxa
6	1	Extra_Trees	False	0.8169	0.698	0.6441	0.8295	0.7368	0.4775	nonrarefied_taxa
6	1	Extra_Trees	False	0.7949	0.6747	0.8	0.6231	0.7115	0.4025	rarefied_asv
6	1	Gradient_Boosting	False	0.815	0.7213	0.6519	0.8462	0.749	0.507	rarefied_taxa
6	1	LightGBM	False	0.8473	0.7555	0.6724	0.8297	0.7511	0.504	nonrarefied_taxa
6	1	LightGBM	False	0.8198	0.7334	0.6	0.8462	0.7231	0.4611	rarefied_taxa
6	1	Random_Forest	False	0.8272	0.7171	0.7115	0.7507	0.7311	0.449	nonrarefied_asv
6	1	Random_Forest	False	0.8372	0.733	0.6715	0.8195	0.7455	0.4903	nonrarefied_taxa
6	1	Random_Forest	False	0.8142	0.7257	0.7333	0.7385	0.7359	0.4576	rarefied_asv
6	1	XGBoost	False	0.8357	0.7627	0.746	0.7609	0.7534	0.4899	nonrarefied_asv
6	1	XGBoost	False	0.7786	0.6855	0.7333	0.7192	0.7263	0.4349	rarefied_asv
6	1	XGBoost	True	0.8132	0.7198	0.7926	0.7269	0.7598	0.503	rarefied_taxa
6	2	Blended	False	0.8267	0.7392	0.712	0.7846	0.7483	0.4845	nonrarefied_asv
6	2	Blended	True	0.8462	0.778	0.6713	0.8735	0.7724	0.5605	nonrarefied_taxa
6	2	Blended	False	0.842	0.7281	0.7556	0.7923	0.7739	0.5357	rarefied_asv
6	2	Blended	True	0.8541	0.7538	0.6667	0.8692	0.7679	0.5507	rarefied_taxa
6	2	Extra_Trees	False	0.8123	0.7231	0.6929	0.7641	0.7285	0.4582	nonrarefied_asv
6	2	Gradient_Boosting	False	0.8127	0.7054	0.7329	0.7676	0.7502	0.4869	nonrarefied_asv
6	2	Gradient_Boosting	True	0.8464	0.7336	0.7778	0.7962	0.787	0.5603	rarefied_asv
6	2	Gradient_Boosting	False	0.8308	0.7256	0.6741	0.85	0.762	0.5299	rarefied_taxa
6	2	LightGBM	False	0.7891	0.6829	0.6782	0.778	0.7281	0.4442	nonrarefied_taxa
6	2	LightGBM	False	0.8158	0.7043	0.763	0.7577	0.7603	0.5015	rarefied_asv
6	2	LightGBM	False	0.8181	0.7279	0.6444	0.8154	0.7299	0.4617	rarefied_taxa
6	2	Random_Forest	True	0.8119	0.7103	0.7943	0.713	0.7536	0.4838	nonrarefied_asv
6	2	Random_Forest	False	0.8196	0.7224	0.6372	0.836	0.7366	0.4787	nonrarefied_taxa
6	2	XGBoost	False	0.8003	0.7117	0.9586	0.184	0.5713	0.2043	nonrarefied_taxa
6	2	XGBoost	False	0.8009	0.6855	0.9852	0.2192	0.6022	0.2725	rarefied_asv
6	2	XGBoost	False	0.7696	0.6377	0.9778	0.1923	0.585	0.2377	rarefied_taxa
6	3	Blended	True	0.8297	0.738	0.7324	0.792	0.7622	0.5111	nonrarefied_asv
6	3	Blended	True	0.8653	0.7748	0.7671	0.8224	0.7948	0.5749	nonrarefied_taxa
6	3	Blended	False	0.8491	0.7583	0.7259	0.7885	0.7572	0.502	rarefied_asv
6	3	Blended	True	0.8423	0.7188	0.8	0.7538	0.7769	0.5328	rarefied_taxa
6	3	Gradient_Boosting	False	0.8238	0.7368	0.6984	0.8057	0.7521	0.5015	nonrarefied_asv
6	3	Gradient_Boosting	False	0.8372	0.7518	0.6641	0.8565	0.7603	0.5314	nonrarefied_taxa
6	3	Gradient_Boosting	False	0.8395	0.7549	0.7333	0.8038	0.7686	0.5293	rarefied_asv
6	3	Gradient_Boosting	False	0.8272	0.7038	0.6815	0.7923	0.7369	0.4694	rarefied_taxa
6	3	LightGBM	False	0.8124	0.6984	0.691	0.7611	0.7261	0.4412	nonrarefied_asv
6	3	LightGBM	False	0.8222	0.7474	0.6501	0.8292	0.7397	0.483	nonrarefied_taxa
6	3	LightGBM	False	0.833	0.7645	0.763	0.7462	0.7546	0.4947	rarefied_asv
6	3	LightGBM	False	0.8144	0.682	0.6593	0.8231	0.7412	0.4891	rarefied_taxa
6	3	Random_Forest	False	0.7991	0.6782	0.677	0.7407	0.7089	0.4147	nonrarefied_asv
6	3	XGBoost	False	0.844	0.7335	0.8634	0.6692	0.7663	0.5031	nonrarefied_taxa
6	3	XGBoost	True	0.8453	0.7521	0.8148	0.7462	0.7805	0.5387	rarefied_asv
6	3	XGBoost	False	0.8397	0.7388	0.8519	0.7	0.7759	0.5267	rarefied_taxa
6	4	Blended	True	0.8562	0.771	0.7674	0.7954	0.7814	0.5461	nonrarefied_asv
6	4	Blended	True	0.8407	0.7501	0.6506	0.8568	0.7537	0.5185	nonrarefied_taxa
6	4	Blended	True	0.8342	0.7512	0.7333	0.8192	0.7763	0.5474	rarefied_asv
6	4	Blended	True	0.8436	0.7695	0.6296	0.8615	0.7456	0.5133	rarefied_taxa
6	4	Extra_Trees	False	0.7765	0.653	0.8982	0.5258	0.712	0.4149	nonrarefied_asv
6	4	Extra_Trees	False	0.7547	0.6208	0.7255	0.6246	0.6751	0.3322	nonrarefied_taxa
6	4	Gradient_Boosting	False	0.8121	0.7281	0.637	0.8192	0.7281	0.4631	rarefied_taxa
6	4	LightGBM	False	0.8444	0.7395	0.7398	0.7851	0.7624	0.5086	nonrarefied_asv
6	4	LightGBM	False	0.8273	0.7297	0.6706	0.8123	0.7414	0.4801	nonrarefied_taxa
6	4	LightGBM	False	0.8301	0.7566	0.7333	0.7962	0.7647	0.5191	rarefied_asv
6	4	Random_Forest	False	0.8162	0.7239	0.7556	0.7385	0.747	0.4792	rarefied_asv
6	4	Random_Forest	False	0.8093	0.7272	0.6296	0.8192	0.7244	0.4561	rarefied_taxa
6	4	XGBoost	False	0.8179	0.6928	0.9726	0.2148	0.5937	0.2468	nonrarefied_asv
6	4	XGBoost	False	0.805	0.6832	0.9795	0.2969	0.6382	0.3232	nonrarefied_taxa
6	4	XGBoost	False	0.7988	0.7048	0.963	0.1923	0.5776	0.212	rarefied_asv
6	4	XGBoost	False	0.8086	0.7305	0.963	0.2654	0.6142	0.2798	rarefied_taxa
6	5	Blended	False	0.8494	0.7448	0.6834	0.7853	0.7344	0.4634	nonrarefied_asv
6	5	Blended	True	0.8581	0.7784	0.6913	0.8327	0.762	0.5211	nonrarefied_taxa
6	5	Blended	True	0.8572	0.7806	0.7852	0.7654	0.7753	0.5316	rarefied_asv
6	5	Blended	False	0.8567	0.7803	0.7185	0.8231	0.7708	0.5359	rarefied_taxa
6	5	Extra_Trees	False	0.796	0.6495	0.8276	0.54	0.6838	0.3677	nonrarefied_asv
6	5	Gradient_Boosting	True	0.8453	0.7355	0.7729	0.7444	0.7586	0.4985	nonrarefied_asv
6	5	LightGBM	False	0.8409	0.7212	0.6924	0.779	0.7357	0.4757	nonrarefied_asv
6	5	LightGBM	False	0.8249	0.731	0.6308	0.8192	0.725	0.452	nonrarefied_taxa
6	5	LightGBM	False	0.8193	0.7197	0.6519	0.8077	0.7298	0.4577	rarefied_asv
6	5	LightGBM	False	0.8328	0.76	0.6741	0.8231	0.7486	0.498	rarefied_taxa
6	5	Random_Forest	False	0.8129	0.7067	0.6103	0.7954	0.7029	0.4051	nonrarefied_taxa
6	5	Random_Forest	False	0.8579	0.7755	0.7185	0.7846	0.7516	0.4931	rarefied_asv
6	5	Random_Forest	False	0.8221	0.7259	0.6519	0.8115	0.7317	0.4635	rarefied_taxa
6	5	XGBoost	False	0.8446	0.7503	0.7595	0.7235	0.7415	0.4617	nonrarefied_taxa
6	5	XGBoost	False	0.8452	0.7702	0.8148	0.7269	0.7709	0.516	rarefied_asv
6	5	XGBoost	True	0.855	0.7901	0.7926	0.7654	0.779	0.5362	rarefied_taxa
6	6	Blended	True	0.8286	0.745	0.6637	0.7922	0.7279	0.4498	nonrarefied_asv
6	6	Blended	True	0.8584	0.7955	0.6577	0.8536	0.7556	0.524	nonrarefied_taxa
6	6	Blended	True	0.8301	0.7395	0.7407	0.7731	0.7569	0.5002	rarefied_asv
6	6	Blended	True	0.8373	0.7522	0.6519	0.8346	0.7432	0.4961	rarefied_taxa
6	6	Extra_Trees	False	0.7853	0.6633	0.7671	0.5708	0.669	0.3312	nonrarefied_asv
6	6	Extra_Trees	False	0.7823	0.6611	0.8296	0.5423	0.686	0.3597	rarefied_asv
6	6	Gradient_Boosting	False	0.7956	0.686	0.6222	0.8	0.7111	0.4217	rarefied_taxa
6	6	LightGBM	False	0.8348	0.7599	0.6648	0.8092	0.737	0.4705	nonrarefied_taxa
6	6	LightGBM	False	0.7708	0.683	0.5111	0.8538	0.6825	0.3945	rarefied_taxa
6	6	Random_Forest	False	0.8205	0.7317	0.6575	0.7823	0.7199	0.4401	nonrarefied_asv
6	6	Random_Forest	False	0.8202	0.7423	0.6434	0.8163	0.7299	0.4667	nonrarefied_taxa
6	6	Random_Forest	False	0.8119	0.7307	0.7556	0.7346	0.7451	0.4732	rarefied_asv
6	6	XGBoost	False	0.8023	0.7087	0.8078	0.6346	0.7212	0.4185	nonrarefied_asv
6	6	XGBoost	False	0.8363	0.753	0.8294	0.6761	0.7528	0.479	nonrarefied_taxa
6	6	XGBoost	False	0.8012	0.7138	0.8	0.6769	0.7385	0.4543	rarefied_asv
6	6	XGBoost	False	0.8077	0.7135	0.7407	0.7154	0.7281	0.4397	rarefied_taxa
6	7	Blended	False	0.8196	0.7133	0.7526	0.7476	0.7501	0.4796	nonrarefied_asv
6	7	Blended	True	0.8476	0.7595	0.6986	0.8296	0.7641	0.5256	nonrarefied_taxa
6	7	Blended	True	0.8617	0.7595	0.7556	0.8269	0.7912	0.5751	rarefied_asv
6	7	Blended	False	0.8568	0.7742	0.7037	0.8385	0.7711	0.5411	rarefied_taxa
6	7	Extra_Trees	False	0.7705	0.6296	0.8444	0.5346	0.6895	0.3688	rarefied_asv
6	7	Gradient_Boosting	False	0.8331	0.7423	0.6163	0.85	0.7331	0.4777	nonrarefied_taxa
6	7	Gradient_Boosting	False	0.8056	0.6957	0.6519	0.8038	0.7278	0.4539	rarefied_taxa
6	7	LightGBM	False	0.7905	0.6861	0.643	0.7576	0.7003	0.3921	nonrarefied_asv
6	7	LightGBM	False	0.8225	0.7309	0.6303	0.843	0.7367	0.481	nonrarefied_taxa
6	7	LightGBM	False	0.8384	0.7514	0.6815	0.8269	0.7542	0.5103	rarefied_taxa
6	7	Random_Forest	False	0.8116	0.7143	0.6839	0.7474	0.7157	0.4277	nonrarefied_asv
6	7	Random_Forest	False	0.841	0.7508	0.7852	0.7577	0.7714	0.5245	rarefied_asv
6	7	XGBoost	True	0.8151	0.6949	0.8143	0.6963	0.7553	0.4847	nonrarefied_asv
6	7	XGBoost	False	0.8265	0.7082	0.7602	0.758	0.7591	0.4987	nonrarefied_taxa
6	7	XGBoost	False	0.8456	0.7623	0.8074	0.7231	0.7652	0.5075	rarefied_asv
6	7	XGBoost	True	0.8562	0.7742	0.7704	0.7885	0.7794	0.5437	rarefied_taxa
6	8	AdaBoost	False	0.809	0.7054	0.7055	0.751	0.7283	0.4393	nonrarefied_taxa
6	8	Blended	True	0.8357	0.7427	0.6998	0.8124	0.7561	0.5102	nonrarefied_asv
6	8	Blended	True	0.878	0.7696	0.6844	0.8772	0.7808	0.5748	nonrarefied_taxa
6	8	Blended	True	0.8588	0.7606	0.7185	0.8462	0.7823	0.5656	rarefied_asv
6	8	Blended	False	0.8667	0.7721	0.637	0.8654	0.7512	0.5181	rarefied_taxa
6	8	Extra_Trees	False	0.7631	0.623	0.768	0.621	0.6945	0.3663	nonrarefied_asv
6	8	Gradient_Boosting	False	0.8612	0.7664	0.671	0.85	0.7605	0.5313	nonrarefied_taxa
6	8	Gradient_Boosting	False	0.8494	0.7572	0.6593	0.8577	0.7585	0.5278	rarefied_taxa
6	8	LightGBM	False	0.814	0.6941	0.637	0.8231	0.7301	0.4685	rarefied_asv
6	8	LightGBM	True	0.8509	0.7607	0.7037	0.8462	0.7749	0.5497	rarefied_taxa
6	8	Random_Forest	False	0.8173	0.7088	0.774	0.6859	0.73	0.4369	nonrarefied_asv
6	8	Random_Forest	False	0.8225	0.7094	0.7407	0.7538	0.7473	0.4832	rarefied_asv
6	8	XGBoost	False	0.7811	0.6462	0.8839	0.5595	0.7217	0.4252	nonrarefied_asv
6	8	XGBoost	False	0.8097	0.7022	0.843	0.5767	0.7099	0.3996	nonrarefied_taxa
6	8	XGBoost	False	0.8096	0.6906	0.9333	0.5231	0.7282	0.4516	rarefied_asv
6	8	XGBoost	False	0.8192	0.7308	0.8519	0.5654	0.7086	0.4035	rarefied_taxa
6	9	Blended	False	0.833	0.7074	0.6655	0.7916	0.7286	0.449	nonrarefied_asv
6	9	Blended	True	0.856	0.7533	0.6917	0.8668	0.7793	0.5645	nonrarefied_taxa
6	9	Blended	True	0.8541	0.7574	0.6519	0.85	0.7509	0.5095	rarefied_asv
6	9	Blended	False	0.8473	0.7412	0.6889	0.8423	0.7656	0.5358	rarefied_taxa
6	9	Extra_Trees	False	0.8159	0.6912	0.9106	0.522	0.7163	0.4212	nonrarefied_asv
6	9	Gradient_Boosting	True	0.8244	0.7021	0.8083	0.7302	0.7692	0.5106	nonrarefied_asv
6	9	Gradient_Boosting	False	0.8038	0.691	0.6148	0.8462	0.7305	0.472	rarefied_asv
6	9	Gradient_Boosting	False	0.8386	0.7309	0.6444	0.8538	0.7491	0.5078	rarefied_taxa
6	9	LightGBM	False	0.8082	0.6939	0.6926	0.8018	0.7472	0.4849	nonrarefied_taxa
6	9	LightGBM	False	0.8212	0.6797	0.6296	0.8269	0.7283	0.4604	rarefied_asv
6	9	Random_Forest	False	0.8344	0.7157	0.7055	0.8497	0.7776	0.555	nonrarefied_taxa
6	9	Random_Forest	True	0.8314	0.7044	0.7037	0.8577	0.7807	0.5692	rarefied_taxa
6	9	XGBoost	False	0.7594	0.6148	0.8766	0.4569	0.6667	0.3328	nonrarefied_asv
6	9	XGBoost	False	0.795	0.6742	0.8154	0.6518	0.7336	0.4418	nonrarefied_taxa
6	9	XGBoost	False	0.7646	0.631	0.7852	0.6269	0.7061	0.3952	rarefied_asv
6	9	XGBoost	False	0.8077	0.6934	0.8667	0.5769	0.7218	0.4277	rarefied_taxa
6	10	AdaBoost	False	0.8147	0.6962	0.609	0.8222	0.7156	0.4448	nonrarefied_asv
6	10	Blended	True	0.8405	0.7456	0.7391	0.8124	0.7758	0.5383	nonrarefied_asv
6	10	Blended	True	0.8616	0.7834	0.7253	0.8571	0.7912	0.5834	nonrarefied_taxa
6	10	Blended	False	0.8207	0.69	0.763	0.7577	0.7603	0.5057	rarefied_asv
6	10	Blended	True	0.8584	0.7841	0.7185	0.8308	0.7746	0.5513	rarefied_taxa
6	10	Extra_Trees	False	0.8091	0.703	0.8761	0.5802	0.7282	0.4354	nonrarefied_asv
6	10	Gradient_Boosting	False	0.8347	0.7307	0.671	0.8467	0.7589	0.5235	nonrarefied_taxa
6	10	Gradient_Boosting	True	0.8086	0.6941	0.7333	0.7885	0.7609	0.5153	rarefied_asv
6	10	Gradient_Boosting	False	0.848	0.7639	0.7111	0.8115	0.7613	0.5209	rarefied_taxa
6	10	LightGBM	False	0.8377	0.7563	0.6297	0.809	0.7193	0.4376	nonrarefied_taxa
6	10	LightGBM	False	0.7781	0.6593	0.7259	0.7231	0.7245	0.4486	rarefied_asv
6	10	LightGBM	False	0.8393	0.7404	0.6667	0.8192	0.7429	0.4906	rarefied_taxa
6	10	Random_Forest	False	0.8358	0.7387	0.746	0.7543	0.7501	0.4793	nonrarefied_asv
6	10	XGBoost	False	0.8438	0.7585	0.7253	0.8263	0.7758	0.5447	nonrarefied_taxa
6	10	XGBoost	False	0.8119	0.6746	0.8296	0.6808	0.7552	0.4864	rarefied_asv
6	10	XGBoost	False	0.8417	0.7535	0.7407	0.7962	0.7684	0.5367	rarefied_taxa
8	1	AdaBoost	True	0.9842	0.9799	0.9492	0.9735	0.9614	0.923	nonrarefied_asv
8	1	Blended	False	0.9874	0.9836	0.9492	0.9735	0.9614	0.9241	nonrarefied_asv
8	1	Blended	False	0.997	0.9952	0.9608	0.9933	0.9771	0.9616	nonrarefied_taxa
8	1	Blended	False	0.9906	0.987	0.9467	0.9849	0.9658	0.9371	rarefied_asv
8	1	Blended	False	0.9901	0.9886	0.9467	0.9926	0.9696	0.9477	rarefied_taxa
8	1	Extra_Trees	False	0.9852	0.9823	0.92	1.0	0.96	0.9391	rarefied_asv
8	1	Extra_Trees	True	0.9884	0.9873	0.9467	1.0	0.9733	0.9598	rarefied_taxa
8	1	LightGBM	False	0.9826	0.9759	0.9108	0.9735	0.9422	0.8931	nonrarefied_asv
8	1	LightGBM	True	0.9949	0.9929	0.9608	0.9933	0.9771	0.9616	nonrarefied_taxa
8	1	LightGBM	False	0.9911	0.9886	0.96	0.9695	0.9648	0.9299	rarefied_taxa
8	1	Logistic_Regression	False	0.9849	0.9827	0.9467	0.9772	0.9619	0.927	rarefied_asv
8	1	Logistic_Regression	False	0.9832	0.9859	0.9467	0.9926	0.9696	0.9478	rarefied_taxa
8	1	Naive_Bayes	True	0.9834	0.953	0.96	0.9772	0.9686	0.9379	rarefied_asv
8	1	Random_Forest	False	0.9734	0.9345	0.9608	0.974	0.9674	0.9325	nonrarefied_taxa
8	1	XGBoost	False	0.9817	0.9723	0.935	0.9404	0.9377	0.8698	nonrarefied_asv
8	1	XGBoost	False	0.9915	0.9887	0.9867	0.9335	0.9601	0.9061	nonrarefied_taxa
8	2	AdaBoost	False	0.9949	0.9925	0.9333	0.9923	0.9628	0.9373	rarefied_taxa
8	2	Blended	True	0.9932	0.9882	0.8958	0.9738	0.9348	0.8832	nonrarefied_asv
8	2	Blended	True	0.9983	0.9972	0.9608	1.0	0.9804	0.9709	nonrarefied_taxa
8	2	Blended	True	0.9938	0.9916	0.9467	0.9692	0.9579	0.9183	rarefied_asv
8	2	Blended	False	0.9954	0.9925	0.9467	0.9769	0.9618	0.9262	rarefied_taxa
8	2	LightGBM	False	0.9865	0.9767	0.895	0.9473	0.9212	0.8472	nonrarefied_asv
8	2	LightGBM	False	0.9939	0.99	0.9225	0.9673	0.9449	0.8963	nonrarefied_taxa
8	2	LightGBM	False	0.9429	0.9376	0.8942	0.9692	0.9317	0.878	rarefied_asv
8	2	LightGBM	True	0.9949	0.9927	0.9467	0.9846	0.9656	0.9368	rarefied_taxa
8	2	Random_Forest	False	0.9835	0.9733	0.8958	0.9602	0.928	0.8656	nonrarefied_asv
8	2	Random_Forest	False	0.9893	0.9771	0.9608	0.9802	0.9705	0.9431	nonrarefied_taxa
8	2	Random_Forest	False	0.9465	0.9423	0.8942	1.0	0.9471	0.9184	rarefied_asv
8	2	Random_Forest	False	0.9934	0.9911	0.92	0.9769	0.9485	0.9089	rarefied_taxa
8	2	XGBoost	False	0.9843	0.9732	0.9742	0.7976	0.8859	0.7352	nonrarefied_asv
8	2	XGBoost	False	0.9966	0.9941	0.9867	0.9151	0.9509	0.8742	nonrarefied_taxa
8	2	XGBoost	False	0.9937	0.9896	0.9867	0.8547	0.9207	0.8165	rarefied_asv
8	3	AdaBoost	True	0.9916	0.9841	0.9375	0.9804	0.959	0.9234	nonrarefied_asv
8	3	Blended	False	0.9928	0.9863	0.9375	0.974	0.9557	0.9134	nonrarefied_asv
8	3	Blended	False	0.9946	0.992	0.9242	1.0	0.9621	0.9437	nonrarefied_taxa
8	3	Blended	True	0.9896	0.9915	0.9467	0.9769	0.9618	0.9284	rarefied_asv
8	3	Blended	True	0.9985	0.9976	0.96	0.9769	0.9685	0.9401	rarefied_taxa
8	3	Decision_Tree	False	0.9432	0.9202	0.8942	0.9923	0.9432	0.9085	rarefied_taxa
8	3	Extra_Trees	False	0.992	0.9878	0.9242	1.0	0.9621	0.9437	nonrarefied_taxa
8	3	Extra_Trees	False	0.9769	0.976	0.8942	1.0	0.9471	0.9185	rarefied_asv
8	3	Gradient_Boosting	False	0.9903	0.9829	0.9125	0.974	0.9432	0.8946	nonrarefied_asv
8	3	Gradient_Boosting	False	0.9935	0.9912	0.9208	0.9923	0.9566	0.9286	rarefied_taxa
8	3	LightGBM	False	0.9962	0.9938	0.9242	0.9871	0.9556	0.9242	nonrarefied_taxa
8	3	LightGBM	False	0.9915	0.9883	0.8808	0.9923	0.9366	0.8983	rarefied_asv
8	3	Logistic_Regression	True	0.9691	0.9747	0.9483	0.9933	0.9708	0.9514	nonrarefied_taxa
8	3	Random_Forest	False	0.9916	0.9898	0.9067	0.9846	0.9456	0.9089	rarefied_asv
8	3	Random_Forest	False	0.9995	0.9992	0.9333	0.9846	0.959	0.9296	rarefied_taxa
8	3	XGBoost	False	0.9937	0.9887	0.95	0.9546	0.9523	0.8973	nonrarefied_asv
8	4	AdaBoost	False	0.9983	0.9972	0.9475	0.9871	0.9673	0.9417	nonrarefied_taxa
8	4	AdaBoost	False	0.9976	0.9958	0.9342	0.9775	0.9558	0.9194	rarefied_taxa
8	4	Blended	False	0.9915	0.9868	0.9092	0.9804	0.9448	0.9053	nonrarefied_asv
8	4	Blended	False	0.9974	0.9962	0.9475	0.9871	0.9673	0.9417	nonrarefied_taxa
8	4	Blended	False	0.994	0.9921	0.9217	0.9926	0.9571	0.9289	rarefied_asv
8	4	Blended	False	0.9985	0.9973	0.9467	0.9926	0.9696	0.9489	rarefied_taxa
8	4	Extra_Trees	False	0.9774	0.9724	0.8842	0.9802	0.9322	0.886	nonrarefied_asv
8	4	Extra_Trees	True	0.9923	0.9902	0.9483	0.9935	0.9709	0.952	nonrarefied_taxa
8	4	Extra_Trees	False	0.9884	0.9856	0.8942	1.0	0.9471	0.9182	rarefied_asv
8	4	Extra_Trees	False	0.999	0.9984	0.9342	0.9926	0.9634	0.9389	rarefied_taxa
8	4	K_Neighbors	False	0.981	0.9629	0.9208	0.9775	0.9492	0.9081	rarefied_asv
8	4	LightGBM	True	0.9932	0.9871	0.9208	0.974	0.9474	0.9038	nonrarefied_asv
8	4	LightGBM	False	0.9991	0.9984	0.935	0.9935	0.9643	0.9417	nonrarefied_taxa
8	4	LightGBM	True	0.9927	0.991	0.9483	0.9698	0.9591	0.9198	rarefied_asv
8	4	Logistic_Regression	True	0.9842	0.987	0.96	0.9926	0.9763	0.9591	rarefied_taxa
8	4	Random_Forest	False	0.9851	0.9791	0.8967	0.9933	0.945	0.9136	nonrarefied_asv
8	5	AdaBoost	True	0.9966	0.9945	0.935	0.9806	0.9578	0.9252	nonrarefied_asv
8	5	Blended	False	0.9941	0.9903	0.9483	0.9609	0.9546	0.9063	nonrarefied_asv
8	5	Blended	False	0.9978	0.9967	0.9608	0.9935	0.9772	0.9614	nonrarefied_taxa
8	5	Blended	True	0.9899	0.9885	0.9733	0.9846	0.979	0.9586	rarefied_asv
8	5	Blended	True	0.9899	0.9877	0.9608	0.9923	0.9766	0.9593	rarefied_taxa
8	5	Extra_Trees	False	0.9949	0.9936	0.9483	0.9935	0.9709	0.9519	nonrarefied_taxa
8	5	Extra_Trees	False	0.9879	0.9848	0.9075	0.9846	0.9461	0.907	rarefied_asv
8	5	Extra_Trees	False	0.988	0.986	0.9475	0.9923	0.9699	0.9492	rarefied_taxa
8	5	LightGBM	False	0.9901	0.9835	0.9225	0.9544	0.9385	0.8782	nonrarefied_asv
8	5	LightGBM	True	0.997	0.994	0.9608	0.9935	0.9772	0.9614	nonrarefied_taxa
8	5	Logistic_Regression	False	0.99	0.9884	0.9483	0.9923	0.9703	0.9495	rarefied_taxa
8	5	Naive_Bayes	False	0.986	0.9589	0.9733	0.9692	0.9713	0.9386	rarefied_asv
8	5	Random_Forest	False	0.9974	0.9959	0.9608	0.9935	0.9772	0.9614	nonrarefied_taxa
8	5	Random_Forest	False	0.9894	0.9862	0.92	0.9846	0.9523	0.918	rarefied_asv
8	5	Random_Forest	False	0.9899	0.9872	0.96	0.9846	0.9723	0.9485	rarefied_taxa
8	5	XGBoost	False	0.9924	0.9868	0.9483	0.9413	0.9448	0.8787	nonrarefied_asv
8	6	Blended	True	0.9848	0.9791	0.9492	0.9675	0.9583	0.9144	nonrarefied_asv
8	6	Blended	False	0.9957	0.9943	0.9475	0.9935	0.9705	0.9512	nonrarefied_taxa
8	6	Blended	True	0.9966	0.995	0.9608	0.9692	0.965	0.9298	rarefied_asv
8	6	Blended	True	0.9966	0.9958	0.9875	0.9923	0.9899	0.9798	rarefied_taxa
8	6	Extra_Trees	False	0.9923	0.9897	0.9358	0.9935	0.9647	0.942	nonrarefied_taxa
8	6	Extra_Trees	False	0.9966	0.9958	0.9475	1.0	0.9738	0.9593	rarefied_taxa
8	6	Gradient_Boosting	False	0.9861	0.9833	0.9225	0.9806	0.9516	0.9145	nonrarefied_asv
8	6	Gradient_Boosting	True	0.9966	0.9944	0.9742	0.9804	0.9773	0.9515	nonrarefied_taxa
8	6	LightGBM	False	0.9773	0.9724	0.8825	0.9673	0.9249	0.8653	nonrarefied_asv
8	6	LightGBM	False	0.9632	0.9629	0.9083	0.9923	0.9503	0.9181	rarefied_asv
8	6	Logistic_Regression	False	0.9858	0.9699	0.9875	0.9769	0.9822	0.9603	rarefied_taxa
8	6	Random_Forest	False	0.9823	0.9787	0.8692	0.9806	0.9249	0.8744	nonrarefied_asv
8	6	Random_Forest	False	0.9944	0.9918	0.935	0.9935	0.9643	0.9418	nonrarefied_taxa
8	6	Random_Forest	False	0.9942	0.9925	0.9217	1.0	0.9608	0.9396	rarefied_asv
8	6	XGBoost	False	0.9973	0.9956	0.9867	0.9157	0.9512	0.8878	rarefied_asv
8	6	XGBoost	False	0.9951	0.9934	0.9608	0.9769	0.9689	0.9396	rarefied_taxa
8	7	Blended	False	0.9884	0.9895	0.9475	0.9867	0.9671	0.9425	nonrarefied_asv
8	7	Blended	False	0.9991	0.9984	0.96	1.0	0.98	0.9706	nonrarefied_taxa
8	7	Blended	True	0.9916	0.9898	0.9617	0.9923	0.977	0.9598	rarefied_asv
8	7	Blended	True	0.9995	0.9992	0.9608	1.0	0.9804	0.9694	rarefied_taxa
8	7	Decision_Tree	False	0.9475	0.9338	0.895	1.0	0.9475	0.9191	rarefied_taxa
8	7	Extra_Trees	False	0.9842	0.9821	0.9225	0.98	0.9512	0.9131	nonrarefied_asv
8	7	Extra_Trees	False	0.9867	0.986	0.9483	0.9926	0.9705	0.9497	rarefied_asv
8	7	Extra_Trees	False	0.9933	0.9942	0.9483	1.0	0.9742	0.9597	rarefied_taxa
8	7	Gradient_Boosting	False	0.9858	0.9833	0.9617	0.9846	0.9731	0.9504	rarefied_asv
8	7	LightGBM	True	0.9897	0.9865	0.9733	0.9802	0.9768	0.9531	nonrarefied_asv
8	7	LightGBM	False	0.9983	0.9969	0.9467	0.9933	0.97	0.9518	nonrarefied_taxa
8	7	Logistic_Regression	False	0.9828	0.9794	0.9608	0.9935	0.9772	0.9609	nonrarefied_taxa
8	7	Logistic_Regression	False	0.9893	0.9779	0.9617	0.9926	0.9771	0.9599	rarefied_taxa
8	7	Random_Forest	False	0.985	0.9853	0.9225	0.9933	0.9579	0.9322	nonrarefied_asv
8	7	Random_Forest	True	0.9996	0.9992	0.96	1.0	0.98	0.9706	nonrarefied_taxa
8	7	Random_Forest	False	0.9915	0.9895	0.9492	0.9923	0.9707	0.9497	rarefied_asv
8	8	AdaBoost	False	0.9979	0.9956	0.9367	0.9935	0.9651	0.943	nonrarefied_taxa
8	8	AdaBoost	True	0.9954	0.9929	0.9475	0.9846	0.9661	0.9395	rarefied_asv
8	8	Blended	True	0.9937	0.9912	0.9217	0.9804	0.951	0.9123	nonrarefied_asv
8	8	Blended	True	0.9974	0.9945	0.9492	0.9935	0.9714	0.9523	nonrarefied_taxa
8	8	Blended	False	0.9995	0.9992	0.9342	0.9923	0.9632	0.9388	rarefied_asv
8	8	Blended	False	0.9995	0.9992	0.9733	0.9923	0.9828	0.9695	rarefied_taxa
8	8	Extra_Trees	False	0.9901	0.9872	0.9075	1.0	0.9538	0.9288	rarefied_asv
8	8	Gradient_Boosting	True	0.999	0.9983	0.9867	0.9923	0.9895	0.9796	rarefied_taxa
8	8	LightGBM	False	0.9886	0.982	0.8958	0.9806	0.9382	0.8931	nonrarefied_asv
8	8	Logistic_Regression	False	0.9741	0.982	0.9483	0.9935	0.9709	0.952	nonrarefied_taxa
8	8	Logistic_Regression	False	0.9851	0.9889	0.9867	0.9846	0.9856	0.9695	rarefied_taxa
8	8	Random_Forest	False	0.9878	0.9838	0.8833	0.9871	0.9352	0.8953	nonrarefied_asv
8	8	Random_Forest	False	0.994	0.9906	0.9208	0.9926	0.9567	0.9277	rarefied_asv
8	8	Random_Forest	False	0.9979	0.9968	0.9867	0.9846	0.9856	0.9702	rarefied_taxa
8	8	XGBoost	False	0.9937	0.9901	0.975	0.9151	0.945	0.8663	nonrarefied_asv
8	8	XGBoost	False	0.9949	0.9911	0.9742	0.9413	0.9577	0.8984	nonrarefied_taxa
8	9	AdaBoost	True	0.9987	0.9977	0.9475	0.9933	0.9704	0.9518	nonrarefied_taxa
8	9	Blended	True	0.9919	0.987	0.9075	0.9802	0.9439	0.9032	nonrarefied_asv
8	9	Blended	False	0.9987	0.9976	0.9342	0.9933	0.9637	0.9421	nonrarefied_taxa
8	9	Blended	True	0.9857	0.9846	0.9467	0.9849	0.9658	0.9369	rarefied_asv
8	9	Blended	True	0.9929	0.9893	0.9733	0.9926	0.983	0.9689	rarefied_taxa
8	9	Extra_Trees	False	0.9935	0.9906	0.92	0.9933	0.9567	0.9322	nonrarefied_taxa
8	9	Extra_Trees	False	0.9872	0.9847	0.92	1.0	0.96	0.9391	rarefied_asv
8	9	Extra_Trees	False	0.996	0.9933	0.96	0.9926	0.9763	0.9587	rarefied_taxa
8	9	K_Neighbors	False	0.992	0.9878	0.9475	0.9926	0.97	0.9483	rarefied_taxa
8	9	Logistic_Regression	False	0.9799	0.9766	0.9083	0.9671	0.9377	0.8831	nonrarefied_asv
8	9	Logistic_Regression	False	0.9725	0.9786	0.9342	0.9933	0.9637	0.9421	nonrarefied_taxa
8	9	Logistic_Regression	False	0.9858	0.981	0.9333	0.9772	0.9553	0.9166	rarefied_asv
8	9	Logistic_Regression	False	0.9822	0.981	0.96	0.9926	0.9763	0.9583	rarefied_taxa
8	9	Naive_Bayes	False	0.98	0.9378	0.9075	0.9606	0.9341	0.8728	nonrarefied_asv
8	9	Random_Forest	False	0.9882	0.9833	0.8942	0.9867	0.9404	0.9044	nonrarefied_asv
8	9	Random_Forest	False	0.9867	0.9853	0.9067	1.0	0.9533	0.9287	rarefied_asv
8	10	AdaBoost	True	0.9905	0.9856	0.9358	0.9673	0.9516	0.9047	nonrarefied_asv
8	10	AdaBoost	True	0.997	0.9948	0.9733	0.9871	0.9802	0.9605	nonrarefied_taxa
8	10	Blended	False	0.9872	0.979	0.9225	0.9546	0.9386	0.8793	nonrarefied_asv
8	10	Blended	False	0.9974	0.9962	0.9608	0.9935	0.9772	0.9615	nonrarefied_taxa
8	10	Blended	False	0.9897	0.9867	0.9342	0.9695	0.9518	0.9089	rarefied_asv
8	10	Blended	False	0.9976	0.9964	0.935	0.9923	0.9637	0.9393	rarefied_taxa
8	10	Extra_Trees	True	0.9898	0.9885	0.9483	0.9923	0.9703	0.9494	rarefied_taxa
8	10	LightGBM	False	0.987	0.9789	0.935	0.9677	0.9514	0.9066	nonrarefied_asv
8	10	LightGBM	True	0.9897	0.9854	0.9475	0.9692	0.9584	0.9191	rarefied_asv
8	10	Logistic_Regression	False	0.9832	0.9838	0.9492	0.9869	0.968	0.9422	nonrarefied_taxa
8	10	Random_Forest	False	0.9801	0.9713	0.91	0.9611	0.9355	0.8783	nonrarefied_asv
8	10	Random_Forest	False	0.9966	0.9949	0.9608	0.9935	0.9772	0.9615	nonrarefied_taxa
8	10	Random_Forest	False	0.9853	0.9829	0.935	0.9772	0.9561	0.9186	rarefied_asv
8	10	Random_Forest	False	0.9948	0.9921	0.935	0.9849	0.96	0.9288	rarefied_taxa
8	10	XGBoost	False	0.9913	0.988	0.96	0.9387	0.9494	0.889	rarefied_asv
8	10	XGBoost	False	0.9946	0.9911	0.935	0.9849	0.96	0.9288	rarefied_taxa
9	1	Blended	False	0.6739	0.7651	0.6743	0.6065	0.6404	0.2773	nonrarefied_asv
9	1	Blended	True	0.7319	0.833	0.7098	0.5987	0.6543	0.3061	nonrarefied_taxa
9	1	Blended	False	0.7228	0.7895	0.7763	0.5462	0.6613	0.3351	rarefied_asv
9	1	Blended	False	0.7146	0.7837	0.7421	0.5638	0.6529	0.3094	rarefied_taxa
9	1	Extra_Trees	False	0.6997	0.8103	0.6802	0.5896	0.6349	0.2666	nonrarefied_taxa
9	1	Extra_Trees	False	0.7012	0.7583	0.8306	0.4762	0.6534	0.3345	rarefied_asv
9	1	Extra_Trees	True	0.7203	0.7898	0.7963	0.5148	0.6555	0.3247	rarefied_taxa
9	1	LDA	False	0.6796	0.7603	0.6802	0.6074	0.6438	0.2861	nonrarefied_asv
9	1	LightGBM	False	0.7014	0.8081	0.6922	0.5693	0.6307	0.2583	nonrarefied_taxa
9	1	LightGBM	False	0.6838	0.7491	0.7414	0.5252	0.6333	0.2716	rarefied_taxa
9	1	Logistic_Regression	True	0.6681	0.7615	0.6275	0.6636	0.6455	0.2855	nonrarefied_asv
9	1	Logistic_Regression	True	0.6937	0.7624	0.7763	0.5652	0.6708	0.3556	rarefied_asv
9	1	Random_Forest	False	0.658	0.767	0.6501	0.5879	0.619	0.2346	nonrarefied_asv
9	1	XGBoost	False	0.7293	0.8191	0.8283	0.39	0.6092	0.2307	nonrarefied_taxa
9	1	XGBoost	False	0.6768	0.7384	0.7547	0.4667	0.6107	0.2289	rarefied_asv
9	1	XGBoost	False	0.5986	0.6862	0.7763	0.4471	0.6117	0.2391	rarefied_taxa
9	2	AdaBoost	False	0.6787	0.7723	0.6866	0.5701	0.6284	0.2575	nonrarefied_taxa
9	2	Blended	True	0.6814	0.7766	0.6927	0.6156	0.6541	0.3073	nonrarefied_asv
9	2	Blended	False	0.714	0.7734	0.6986	0.5887	0.6437	0.2929	nonrarefied_taxa
9	2	Blended	True	0.665	0.7379	0.7209	0.4857	0.6033	0.2124	rarefied_asv
9	2	Blended	True	0.6746	0.7735	0.6805	0.6229	0.6517	0.302	rarefied_taxa
9	2	Extra_Trees	True	0.7062	0.7777	0.7398	0.5887	0.6642	0.3336	nonrarefied_taxa
9	2	LDA	False	0.68	0.7787	0.6217	0.6831	0.6524	0.2991	nonrarefied_asv
9	2	LightGBM	False	0.6151	0.7179	0.7143	0.4271	0.5707	0.1436	rarefied_asv
9	2	LightGBM	False	0.5795	0.6764	0.7214	0.4067	0.564	0.1354	rarefied_taxa
9	2	Logistic_Regression	False	0.6703	0.7778	0.6453	0.6455	0.6454	0.2857	nonrarefied_asv
9	2	Logistic_Regression	False	0.6831	0.7684	0.6927	0.6169	0.6548	0.3127	nonrarefied_taxa
9	2	Naive_Bayes	False	0.6277	0.6985	0.4766	0.7319	0.6042	0.2084	rarefied_taxa
9	2	Random_Forest	False	0.6524	0.7369	0.7043	0.5693	0.6368	0.2763	nonrarefied_asv
9	2	Random_Forest	False	0.6712	0.7383	0.7961	0.3952	0.5957	0.2116	rarefied_asv
9	2	XGBoost	False	0.6438	0.7099	1.0	0.0	0.5	0.0	rarefied_asv
9	2	XGBoost	False	0.6349	0.7179	1.0	0.0	0.5	0.0	rarefied_taxa
9	3	AdaBoost	False	0.6269	0.7073	0.7961	0.2871	0.5416	0.0999	rarefied_asv
9	3	AdaBoost	False	0.6155	0.7134	0.7614	0.3952	0.5783	0.168	rarefied_taxa
9	3	Blended	False	0.6184	0.7411	0.634	0.5797	0.6069	0.2127	nonrarefied_asv
9	3	Blended	False	0.6775	0.7703	0.6927	0.6268	0.6598	0.3169	nonrarefied_taxa
9	3	Blended	True	0.7058	0.7743	0.7414	0.5638	0.6526	0.311	rarefied_asv
9	3	Blended	True	0.7046	0.7804	0.7138	0.5743	0.644	0.2905	rarefied_taxa
9	3	Extra_Trees	True	0.6449	0.7627	0.6166	0.6069	0.6118	0.2255	nonrarefied_asv
9	3	Extra_Trees	False	0.6498	0.7593	0.5866	0.6818	0.6342	0.2654	nonrarefied_taxa
9	3	Gradient_Boosting	True	0.6728	0.7762	0.7103	0.6268	0.6686	0.3354	nonrarefied_taxa
9	3	Gradient_Boosting	False	0.675	0.7506	0.6805	0.5443	0.6124	0.2256	rarefied_asv
9	3	Gradient_Boosting	False	0.6978	0.7938	0.7823	0.4852	0.6338	0.2818	rarefied_taxa
9	3	LightGBM	False	0.6812	0.7626	0.7223	0.5996	0.6609	0.3224	nonrarefied_taxa
9	3	Logistic_Regression	False	0.5964	0.7187	0.5569	0.6346	0.5957	0.1891	nonrarefied_asv
9	3	Random_Forest	False	0.6334	0.7539	0.6695	0.5242	0.5969	0.1956	nonrarefied_asv
9	3	XGBoost	False	0.6638	0.7352	0.7687	0.4262	0.5975	0.2086	rarefied_asv
9	3	XGBoost	False	0.6934	0.7951	0.7062	0.4657	0.586	0.1778	rarefied_taxa
9	4	Blended	False	0.6655	0.7567	0.6387	0.6277	0.6332	0.2607	nonrarefied_asv
9	4	Blended	False	0.7414	0.8156	0.7344	0.6173	0.6759	0.3539	nonrarefied_taxa
9	4	Blended	False	0.7174	0.7838	0.797	0.5352	0.6661	0.3491	rarefied_asv
9	4	Blended	False	0.7264	0.7831	0.7487	0.5338	0.6413	0.2896	rarefied_taxa
9	4	Extra_Trees	True	0.7008	0.778	0.6681	0.6931	0.6806	0.3547	nonrarefied_asv
9	4	Extra_Trees	False	0.7053	0.804	0.6328	0.6545	0.6437	0.2845	nonrarefied_taxa
9	4	Gradient_Boosting	False	0.7226	0.788	0.8099	0.4762	0.643	0.3124	rarefied_asv
9	4	Gradient_Boosting	True	0.716	0.7657	0.769	0.5552	0.6621	0.3345	rarefied_taxa
9	4	LDA	False	0.6659	0.7632	0.6146	0.6372	0.6259	0.247	nonrarefied_asv
9	4	LDA	False	0.728	0.7968	0.6989	0.645	0.672	0.3425	nonrarefied_taxa
9	4	LightGBM	False	0.7054	0.764	0.7901	0.5262	0.6582	0.3329	rarefied_asv
9	4	LightGBM	False	0.7166	0.8016	0.7411	0.5348	0.638	0.2846	rarefied_taxa
9	4	Logistic_Regression	False	0.6486	0.7449	0.6684	0.6268	0.6476	0.2898	nonrarefied_asv
9	4	Logistic_Regression	True	0.7094	0.7844	0.7168	0.6359	0.6763	0.3518	nonrarefied_taxa
9	4	Random_Forest	True	0.7296	0.7996	0.7216	0.6648	0.6932	0.3855	rarefied_asv
9	4	XGBoost	False	0.7303	0.7812	0.9798	0.0395	0.5096	0.0566	rarefied_taxa
9	5	AdaBoost	True	0.6958	0.7686	0.7045	0.6273	0.6659	0.3284	nonrarefied_taxa
9	5	AdaBoost	False	0.6738	0.7405	0.788	0.3962	0.5921	0.2041	rarefied_taxa
9	5	Blended	False	0.6823	0.7712	0.7164	0.5693	0.6428	0.2865	nonrarefied_asv
9	5	Blended	False	0.7139	0.798	0.71	0.6182	0.6641	0.3255	nonrarefied_taxa
9	5	Blended	True	0.6883	0.7501	0.754	0.4743	0.6142	0.2424	rarefied_asv
9	5	Blended	True	0.7107	0.7911	0.7887	0.4957	0.6422	0.2952	rarefied_taxa
9	5	Extra_Trees	True	0.6782	0.762	0.6447	0.6645	0.6546	0.3024	nonrarefied_asv
9	5	Extra_Trees	False	0.6816	0.7808	0.6624	0.6091	0.6357	0.2676	nonrarefied_taxa
9	5	Extra_Trees	False	0.6556	0.7635	0.4961	0.7429	0.6195	0.2435	rarefied_taxa
9	5	Gradient_Boosting	False	0.6554	0.7518	0.6804	0.532	0.6062	0.2137	nonrarefied_asv
9	5	LDA	False	0.6663	0.7574	0.7162	0.5615	0.6388	0.2789	nonrarefied_asv
9	5	LightGBM	False	0.7139	0.8029	0.7159	0.5515	0.6337	0.2696	nonrarefied_taxa
9	5	LightGBM	False	0.6491	0.7185	0.8223	0.3967	0.6095	0.2465	rarefied_asv
9	5	Random_Forest	False	0.637	0.7368	0.6382	0.5529	0.5955	0.1935	rarefied_asv
9	5	XGBoost	False	0.6747	0.7469	0.8906	0.3067	0.5986	0.2567	rarefied_asv
9	5	XGBoost	False	0.7117	0.789	0.8501	0.3767	0.6134	0.2663	rarefied_taxa
9	6	Blended	True	0.6486	0.7285	0.7275	0.5515	0.6395	0.2844	nonrarefied_asv
9	6	Blended	True	0.6793	0.7633	0.7565	0.5139	0.6352	0.2828	nonrarefied_taxa
9	6	Blended	False	0.6861	0.779	0.7818	0.3757	0.5788	0.1737	rarefied_asv
9	6	Blended	True	0.7221	0.7765	0.8301	0.5057	0.6679	0.3617	rarefied_taxa
9	6	Extra_Trees	False	0.6443	0.725	0.6328	0.6459	0.6393	0.2749	nonrarefied_asv
9	6	Extra_Trees	False	0.6409	0.7518	0.6526	0.5138	0.5832	0.167	rarefied_asv
9	6	Gradient_Boosting	False	0.6729	0.7447	0.7214	0.5225	0.622	0.2473	nonrarefied_taxa
9	6	Gradient_Boosting	False	0.695	0.7885	0.7823	0.4267	0.6045	0.2217	rarefied_asv
9	6	Gradient_Boosting	False	0.6754	0.7529	0.7816	0.4762	0.6289	0.2731	rarefied_taxa
9	6	LDA	False	0.6629	0.7531	0.6795	0.5879	0.6337	0.2701	nonrarefied_taxa
9	6	LDA	True	0.6563	0.7491	0.8228	0.4057	0.6142	0.2545	rarefied_asv
9	6	LDA	False	0.7116	0.7902	0.7756	0.5343	0.655	0.3215	rarefied_taxa
9	6	LightGBM	False	0.6372	0.7351	0.6622	0.5043	0.5833	0.1631	nonrarefied_asv
9	6	LightGBM	False	0.6805	0.7707	0.7759	0.4262	0.601	0.219	rarefied_taxa
9	6	Logistic_Regression	False	0.6512	0.7459	0.6617	0.5688	0.6153	0.2303	nonrarefied_taxa
9	6	Random_Forest	False	0.6508	0.74	0.698	0.5242	0.6111	0.2278	nonrarefied_asv
9	7	Blended	False	0.6426	0.7499	0.6451	0.5338	0.5894	0.1784	nonrarefied_asv
9	7	Blended	False	0.6571	0.7589	0.5503	0.6359	0.5931	0.1819	nonrarefied_taxa
9	7	Blended	False	0.6346	0.7381	0.428	0.7305	0.5793	0.1682	rarefied_asv
9	7	Blended	False	0.69	0.7694	0.7349	0.4852	0.6101	0.2261	rarefied_taxa
9	7	Decision_Tree	True	0.6134	0.6874	0.632	0.5438	0.5879	0.1781	rarefied_asv
9	7	Decision_Tree	False	0.5508	0.6324	0.5846	0.5038	0.5442	0.0876	rarefied_taxa
9	7	Extra_Trees	True	0.6385	0.753	0.6512	0.5801	0.6156	0.2303	nonrarefied_asv
9	7	LDA	False	0.6145	0.7217	0.5615	0.6636	0.6126	0.2222	nonrarefied_asv
9	7	LightGBM	True	0.6794	0.7551	0.7067	0.5738	0.6402	0.2824	rarefied_taxa
9	7	Naive_Bayes	False	0.5952	0.7012	0.4201	0.7753	0.5977	0.1995	nonrarefied_taxa
9	7	Naive_Bayes	False	0.5787	0.6928	0.3731	0.8005	0.5868	0.1883	rarefied_asv
9	7	QDA	False	0.5991	0.7173	0.4283	0.711	0.5696	0.1469	rarefied_asv
9	7	Random_Forest	False	0.6218	0.748	0.7039	0.4377	0.5708	0.1459	nonrarefied_taxa
9	7	XGBoost	False	0.6278	0.7322	0.8287	0.3468	0.5877	0.1954	nonrarefied_asv
9	7	XGBoost	True	0.6381	0.7326	0.8221	0.381	0.6015	0.2282	nonrarefied_taxa
9	7	XGBoost	False	0.6699	0.7511	0.8366	0.3467	0.5916	0.2121	rarefied_taxa
9	8	Blended	False	0.6647	0.7711	0.7105	0.5784	0.6444	0.2887	nonrarefied_asv
9	8	Blended	False	0.7133	0.7927	0.7462	0.5619	0.654	0.3156	nonrarefied_taxa
9	8	Blended	False	0.6452	0.7196	0.734	0.4748	0.6044	0.2184	rarefied_asv
9	8	Blended	True	0.6502	0.7309	0.7405	0.5038	0.6221	0.253	rarefied_taxa
9	8	Gradient_Boosting	True	0.6571	0.7325	0.7207	0.5143	0.6175	0.24	rarefied_asv
9	8	LDA	True	0.6649	0.7554	0.6456	0.6442	0.6449	0.2843	nonrarefied_asv
9	8	LDA	True	0.7266	0.8021	0.746	0.6442	0.6951	0.3879	nonrarefied_taxa
9	8	LightGBM	False	0.6164	0.7371	0.6034	0.5411	0.5723	0.1426	nonrarefied_asv
9	8	LightGBM	False	0.5837	0.7009	0.7069	0.3762	0.5415	0.0872	rarefied_asv
9	8	LightGBM	False	0.5899	0.674	0.6586	0.4819	0.5703	0.1373	rarefied_taxa
9	8	Logistic_Regression	False	0.673	0.7569	0.7109	0.6169	0.6639	0.3305	nonrarefied_taxa
9	8	Random_Forest	False	0.6478	0.7517	0.6807	0.5879	0.6343	0.2667	nonrarefied_asv
9	8	Random_Forest	False	0.652	0.7316	0.6931	0.5333	0.6132	0.2274	rarefied_taxa
9	8	XGBoost	False	0.6746	0.776	0.8881	0.2424	0.5652	0.1799	nonrarefied_taxa
9	8	XGBoost	False	0.6505	0.7305	0.9255	0.1381	0.5318	0.1018	rarefied_asv
9	8	XGBoost	False	0.6128	0.7238	0.9048	0.1576	0.5312	0.0861	rarefied_taxa
9	9	AdaBoost	False	0.6799	0.755	0.8025	0.4552	0.6289	0.2717	rarefied_asv
9	9	Blended	True	0.6667	0.7766	0.7046	0.5329	0.6188	0.2409	nonrarefied_asv
9	9	Blended	True	0.6754	0.7776	0.6624	0.5892	0.6258	0.2479	nonrarefied_taxa
9	9	Blended	True	0.7137	0.7903	0.7954	0.5543	0.6748	0.3576	rarefied_asv
9	9	Blended	True	0.7318	0.8093	0.7752	0.5252	0.6502	0.3107	rarefied_taxa
9	9	Decision_Tree	False	0.6544	0.738	0.633	0.5615	0.5972	0.1923	nonrarefied_taxa
9	9	Extra_Trees	False	0.63	0.7078	0.6529	0.5738	0.6133	0.2243	rarefied_asv
9	9	Extra_Trees	False	0.6584	0.7554	0.5234	0.7329	0.6282	0.2559	rarefied_taxa
9	9	Gradient_Boosting	False	0.6816	0.766	0.8839	0.3271	0.6055	0.2558	rarefied_asv
9	9	Gradient_Boosting	False	0.6402	0.7284	0.7136	0.5067	0.6101	0.2226	rarefied_taxa
9	9	LDA	False	0.6218	0.7248	0.669	0.5329	0.6009	0.2	nonrarefied_asv
9	9	LightGBM	False	0.6112	0.6895	0.6627	0.5234	0.5931	0.1913	nonrarefied_asv
9	9	LightGBM	False	0.6498	0.7143	0.7394	0.5035	0.6214	0.2503	nonrarefied_taxa
9	9	Random_Forest	False	0.6131	0.7029	0.675	0.5056	0.5903	0.1856	nonrarefied_asv
9	9	XGBoost	False	0.5764	0.6838	0.7991	0.2913	0.5452	0.1094	nonrarefied_taxa
9	9	XGBoost	False	0.6583	0.7217	0.9522	0.1981	0.5751	0.2257	rarefied_taxa
9	10	Blended	False	0.7166	0.8129	0.716	0.6087	0.6624	0.3211	nonrarefied_asv
9	10	Blended	True	0.7429	0.8249	0.7396	0.6455	0.6925	0.383	nonrarefied_taxa
9	10	Blended	True	0.7256	0.7823	0.7683	0.5624	0.6653	0.343	rarefied_asv
9	10	Blended	True	0.7222	0.7884	0.7414	0.5743	0.6578	0.3198	rarefied_taxa
9	10	Extra_Trees	True	0.6606	0.7659	0.6629	0.6727	0.6678	0.3279	nonrarefied_asv
9	10	Extra_Trees	False	0.6659	0.7448	0.666	0.5933	0.6297	0.2587	rarefied_asv
9	10	Extra_Trees	False	0.6671	0.7656	0.5648	0.6633	0.6141	0.2249	rarefied_taxa
9	10	Gradient_Boosting	False	0.7191	0.7865	0.7623	0.5624	0.6623	0.3376	rarefied_asv
9	10	LDA	False	0.7382	0.8239	0.7221	0.6082	0.6652	0.3284	nonrarefied_taxa
9	10	LightGBM	False	0.6918	0.8035	0.7094	0.5896	0.6495	0.298	nonrarefied_asv
9	10	LightGBM	False	0.7361	0.8251	0.7451	0.6377	0.6914	0.3795	nonrarefied_taxa
9	10	LightGBM	False	0.6867	0.7447	0.7345	0.5452	0.6399	0.2836	rarefied_taxa
9	10	Logistic_Regression	False	0.6868	0.7505	0.728	0.6173	0.6727	0.3446	nonrarefied_taxa
9	10	Random_Forest	False	0.6862	0.7971	0.6806	0.6368	0.6587	0.311	nonrarefied_asv
9	10	Random_Forest	False	0.6844	0.7559	0.6998	0.5938	0.6468	0.2984	rarefied_asv
9	10	XGBoost	False	0.7046	0.7772	0.7287	0.5152	0.622	0.2515	rarefied_taxa
10	1	AdaBoost	True	0.6571	0.8315	0.6476	0.6667	0.6571	0.2689	rarefied_taxa
10	1	Blended	False	0.6628	0.8332	0.8214	0.4667	0.644	0.3471	nonrarefied_asv
10	1	Blended	False	0.6988	0.8684	0.6821	0.4667	0.5744	0.1662	nonrarefied_taxa
10	1	Blended	True	0.673	0.8709	0.881	0.4333	0.6571	0.3415	rarefied_asv
10	1	Blended	False	0.7365	0.9089	0.7095	0.6	0.6548	0.2881	rarefied_taxa
10	1	Extra_Trees	False	0.5	0.7309	0.0	1.0	0.5	0.0	nonrarefied_taxa
10	1	Gradient_Boosting	False	0.5698	0.8378	0.8238	0.3333	0.5786	0.1597	rarefied_taxa
10	1	K_Neighbors	False	0.5095	0.8023	0.7929	0.3333	0.5631	0.1877	nonrarefied_asv
10	1	K_Neighbors	False	0.6292	0.8131	0.8964	0.2667	0.5815	0.2198	nonrarefied_taxa
10	1	LDA	True	0.6315	0.8169	0.7429	0.6	0.6714	0.3473	nonrarefied_asv
10	1	LDA	False	0.6762	0.8144	0.8571	0.4333	0.6452	0.285	rarefied_asv
10	1	Logistic_Regression	True	0.631	0.8395	0.7643	0.4	0.5821	0.2053	nonrarefied_taxa
10	1	Logistic_Regression	False	0.5286	0.8247	0.819	0.2667	0.5429	0.1064	rarefied_asv
10	1	Naive_Bayes	False	0.5183	0.7768	0.7333	0.4333	0.5833	0.1312	rarefied_asv
10	1	Naive_Bayes	False	0.6484	0.8344	0.7095	0.6	0.6548	0.2881	rarefied_taxa
10	1	QDA	False	0.3595	0.7069	0.8679	0.0667	0.4673	-0.0744	nonrarefied_asv
10	2	AdaBoost	False	0.6929	0.8873	0.8143	0.3	0.5571	0.1229	nonrarefied_asv
10	2	AdaBoost	False	0.6792	0.8441	0.8893	0.3667	0.628	0.3347	nonrarefied_taxa
10	2	Blended	False	0.8054	0.9351	0.8143	0.4333	0.6238	0.2385	nonrarefied_asv
10	2	Blended	False	0.7167	0.8766	0.7821	0.4667	0.6244	0.2225	nonrarefied_taxa
10	2	Blended	False	0.8667	0.9574	0.8524	0.4	0.6262	0.2586	rarefied_asv
10	2	Blended	False	0.7984	0.9299	0.7952	0.6	0.6976	0.4047	rarefied_taxa
10	2	K_Neighbors	True	0.669	0.8602	0.6536	0.6667	0.6601	0.2898	nonrarefied_taxa
10	2	K_Neighbors	False	0.8254	0.933	0.8524	0.5	0.6762	0.3153	rarefied_asv
10	2	LDA	True	0.7113	0.8722	0.7393	0.5667	0.653	0.2602	nonrarefied_asv
10	2	LDA	True	0.7651	0.8517	0.8524	0.5667	0.7095	0.4018	rarefied_asv
10	2	LightGBM	False	0.7262	0.8969	0.6571	0.4667	0.5619	0.099	nonrarefied_asv
10	2	Logistic_Regression	False	0.6381	0.8472	0.8357	0.4	0.6179	0.2267	nonrarefied_taxa
10	2	Logistic_Regression	False	0.7937	0.9343	0.8524	0.5	0.6762	0.3678	rarefied_asv
10	2	Logistic_Regression	False	0.719	0.8907	0.8857	0.4667	0.6762	0.3192	rarefied_taxa
10	2	Naive_Bayes	True	0.7341	0.8573	0.7333	0.7	0.7167	0.3896	rarefied_taxa
10	2	Random_Forest	False	0.8079	0.9328	0.881	0.5	0.6905	0.3893	rarefied_taxa
10	3	AdaBoost	False	0.6149	0.8463	0.8393	0.3333	0.5863	0.1778	nonrarefied_taxa
10	3	AdaBoost	False	0.5603	0.8167	0.8571	0.2	0.5286	0.0278	rarefied_asv
10	3	AdaBoost	True	0.7667	0.9075	0.881	0.3667	0.6238	0.296	rarefied_taxa
10	3	Blended	False	0.611	0.79	0.7429	0.3667	0.5548	0.1184	nonrarefied_asv
10	3	Blended	False	0.6893	0.8797	0.8393	0.3333	0.5863	0.209	nonrarefied_taxa
10	3	Blended	False	0.6587	0.865	0.8286	0.3333	0.581	0.1453	rarefied_asv
10	3	Blended	False	0.7333	0.8912	0.7381	0.4667	0.6024	0.2109	rarefied_taxa
10	3	Decision_Tree	False	0.5259	0.747	0.9	0.2333	0.5667	0.1822	nonrarefied_asv
10	3	Gradient_Boosting	False	0.4875	0.7738	0.7643	0.3333	0.5488	0.0781	nonrarefied_asv
10	3	K_Neighbors	True	0.7101	0.8938	0.7571	0.4667	0.6119	0.2437	nonrarefied_taxa
10	3	K_Neighbors	True	0.6206	0.8336	0.9143	0.3	0.6071	0.2552	rarefied_asv
10	3	K_Neighbors	False	0.6603	0.8813	0.8238	0.4	0.6119	0.2303	rarefied_taxa
10	3	LDA	True	0.6232	0.8395	0.7143	0.4333	0.5738	0.137	nonrarefied_asv
10	3	LightGBM	False	0.5	0.7309	0.0	1.0	0.5	0.0	nonrarefied_taxa
10	3	Logistic_Regression	False	0.7667	0.926	0.7667	0.4667	0.6167	0.2294	rarefied_taxa
10	3	Naive_Bayes	False	0.5857	0.7926	0.7381	0.4333	0.5857	0.1439	rarefied_asv
10	4	AdaBoost	False	0.6083	0.8162	0.8464	0.3	0.5732	0.1666	nonrarefied_asv
10	4	AdaBoost	False	0.7095	0.882	0.8714	0.3667	0.619	0.2902	nonrarefied_taxa
10	4	Blended	True	0.8667	0.9638	0.9	0.6	0.75	0.5343	nonrarefied_asv
10	4	Blended	False	0.7482	0.8844	0.7107	0.6667	0.6887	0.3541	nonrarefied_taxa
10	4	Blended	True	0.8317	0.9177	0.9143	0.6333	0.7738	0.5663	rarefied_asv
10	4	Blended	False	0.8048	0.9109	0.8857	0.5	0.6929	0.3421	rarefied_taxa
10	4	Extra_Trees	False	0.7905	0.8993	0.9143	0.5	0.7071	0.403	rarefied_taxa
10	4	Gradient_Boosting	False	0.7365	0.8949	0.8857	0.5333	0.7095	0.4774	rarefied_asv
10	4	K_Neighbors	False	0.6036	0.8398	0.6071	0.6667	0.6369	0.2651	nonrarefied_taxa
10	4	LDA	False	0.6982	0.8373	0.8107	0.5333	0.672	0.3117	nonrarefied_asv
10	4	LightGBM	True	0.7238	0.872	0.9143	0.5333	0.7238	0.4604	rarefied_taxa
10	4	Logistic_Regression	True	0.7637	0.8972	0.7643	0.6667	0.7155	0.4267	nonrarefied_taxa
10	4	Logistic_Regression	False	0.8444	0.9407	0.881	0.5333	0.7071	0.4243	rarefied_asv
10	4	QDA	False	0.5738	0.8201	0.7679	0.4667	0.6173	0.2284	nonrarefied_asv
10	4	Random_Forest	False	0.7492	0.9018	0.8571	0.4667	0.6619	0.3268	rarefied_asv
10	4	XGBoost	False	0.846	0.9331	1.0	0.0	0.5	0.0	rarefied_taxa
10	5	AdaBoost	True	0.8516	0.9126	0.8476	0.8333	0.8405	0.6659	rarefied_asv
10	5	AdaBoost	True	0.7897	0.8949	0.8476	0.7667	0.8071	0.6048	rarefied_taxa
10	5	Blended	True	0.5179	0.7816	0.8179	0.4	0.6089	0.2311	nonrarefied_asv
10	5	Blended	True	0.706	0.875	0.8643	0.5333	0.6988	0.397	nonrarefied_taxa
10	5	Blended	False	0.8111	0.921	0.8762	0.7667	0.8214	0.6515	rarefied_asv
10	5	Blended	False	0.8159	0.9215	0.819	0.7	0.7595	0.5099	rarefied_taxa
10	5	Decision_Tree	False	0.5318	0.7548	0.7393	0.4	0.5696	0.1426	nonrarefied_asv
10	5	Gradient_Boosting	False	0.4304	0.7418	0.8929	0.2667	0.5798	0.1644	nonrarefied_asv
10	5	Gradient_Boosting	False	0.703	0.8884	0.8643	0.3	0.5821	0.1954	nonrarefied_taxa
10	5	Gradient_Boosting	False	0.8571	0.9587	0.881	0.5667	0.7238	0.4244	rarefied_asv
10	5	LightGBM	False	0.5429	0.8029	0.8143	0.2667	0.5405	0.0578	nonrarefied_taxa
10	5	LightGBM	False	0.8905	0.9651	0.9095	0.3333	0.6214	0.2852	rarefied_asv
10	5	LightGBM	False	0.8175	0.9235	0.8762	0.4667	0.6714	0.3075	rarefied_taxa
10	5	XGBoost	False	0.4667	0.7769	1.0	0.0	0.5	0.0	nonrarefied_asv
10	5	XGBoost	False	0.5357	0.8081	1.0	0.0	0.5	0.0	nonrarefied_taxa
10	5	XGBoost	False	0.8175	0.9347	0.9381	0.2667	0.6024	0.189	rarefied_taxa
10	6	Blended	True	0.5774	0.8035	0.8179	0.3333	0.5756	0.1129	nonrarefied_asv
10	6	Blended	True	0.8238	0.9108	0.85	0.5333	0.6917	0.4253	nonrarefied_taxa
10	6	Blended	False	0.6524	0.842	0.7095	0.5667	0.6381	0.2475	rarefied_asv
10	6	Blended	False	0.7048	0.892	0.6238	0.5667	0.5952	0.1788	rarefied_taxa
10	6	Decision_Tree	False	0.5646	0.773	0.7143	0.3667	0.5405	0.0936	nonrarefied_asv
10	6	Decision_Tree	False	0.694	0.8332	0.7107	0.6667	0.6887	0.3336	nonrarefied_taxa
10	6	Extra_Trees	False	0.5381	0.8483	0.881	0.1667	0.5238	0.0688	rarefied_taxa
10	6	Gradient_Boosting	False	0.6798	0.8543	0.925	0.2667	0.5958	0.1923	nonrarefied_taxa
10	6	K_Neighbors	True	0.6825	0.8518	0.7619	0.5667	0.6643	0.3162	rarefied_asv
10	6	LDA	False	0.6317	0.8385	0.7381	0.4	0.569	0.1304	rarefied_asv
10	6	LightGBM	False	0.5	0.7309	0.0	1.0	0.5	0.0	nonrarefied_asv
10	6	LightGBM	False	0.5	0.7309	0.0	1.0	0.5	0.0	nonrarefied_taxa
10	6	Logistic_Regression	False	0.6476	0.8827	0.7381	0.4667	0.6024	0.2	rarefied_taxa
10	6	Naive_Bayes	False	0.6048	0.801	0.6143	0.5667	0.5905	0.1588	rarefied_asv
10	6	Naive_Bayes	True	0.5365	0.8103	0.5095	0.7667	0.6381	0.2709	rarefied_taxa
10	6	XGBoost	False	0.6036	0.8162	1.0	0.0	0.5	0.0	nonrarefied_asv
10	7	AdaBoost	False	0.5921	0.8422	0.9143	0.3667	0.6405	0.291	rarefied_asv
10	7	Blended	False	0.6238	0.8599	0.825	0.3333	0.5792	0.1864	nonrarefied_asv
10	7	Blended	False	0.6488	0.8435	0.7679	0.3667	0.5673	0.128	nonrarefied_taxa
10	7	Blended	True	0.6397	0.8527	0.9714	0.3667	0.669	0.3835	rarefied_asv
10	7	Blended	True	0.6492	0.8494	0.9429	0.3667	0.6548	0.3606	rarefied_taxa
10	7	Extra_Trees	True	0.55	0.8098	0.9	0.2667	0.5833	0.2025	nonrarefied_taxa
10	7	K_Neighbors	False	0.5994	0.7873	0.8357	0.3	0.5679	0.1528	nonrarefied_asv
10	7	LDA	True	0.5768	0.8221	0.7929	0.5333	0.6631	0.3006	nonrarefied_asv
10	7	LDA	False	0.6746	0.8567	0.8	0.4333	0.6167	0.2359	rarefied_taxa
10	7	LightGBM	False	0.5363	0.7993	0.7429	0.3333	0.5381	0.083	nonrarefied_asv
10	7	LightGBM	False	0.5492	0.8239	0.881	0.1667	0.5238	0.0278	rarefied_asv
10	7	LightGBM	False	0.554	0.821	0.7905	0.3333	0.5619	0.1396	rarefied_taxa
10	7	Random_Forest	False	0.5455	0.7535	0.6643	0.4333	0.5488	0.1124	nonrarefied_taxa
10	7	XGBoost	False	0.7119	0.8704	1.0	0.0667	0.5333	0.1033	nonrarefied_taxa
10	7	XGBoost	False	0.6762	0.8678	1.0	0.2667	0.6333	0.3646	rarefied_asv
10	7	XGBoost	False	0.6651	0.8724	1.0	0.3	0.65	0.385	rarefied_taxa
10	8	AdaBoost	False	0.4881	0.7624	0.8464	0.1	0.4732	-0.0824	nonrarefied_asv
10	8	AdaBoost	True	0.7683	0.9157	0.881	0.5	0.6905	0.3663	rarefied_asv
10	8	Blended	False	0.6571	0.8604	0.8429	0.3	0.5714	0.1351	nonrarefied_asv
10	8	Blended	False	0.8155	0.9428	0.8429	0.5	0.6714	0.3487	nonrarefied_taxa
10	8	Blended	False	0.7968	0.9372	0.8857	0.4	0.6429	0.3414	rarefied_asv
10	8	Blended	True	0.6825	0.8588	0.819	0.4667	0.6429	0.2772	rarefied_taxa
10	8	Decision_Tree	False	0.6127	0.805	0.7952	0.4667	0.631	0.257	rarefied_asv
10	8	Extra_Trees	True	0.6333	0.8532	0.8964	0.3333	0.6149	0.227	nonrarefied_asv
10	8	Extra_Trees	True	0.8357	0.9529	0.8964	0.5333	0.7149	0.4477	nonrarefied_taxa
10	8	Gradient_Boosting	False	0.7889	0.9229	0.9143	0.4	0.6571	0.3286	rarefied_asv
10	8	K_Neighbors	False	0.6723	0.8766	0.7393	0.4333	0.5863	0.1649	nonrarefied_taxa
10	8	LightGBM	False	0.5	0.7309	0.0	1.0	0.5	0.0	nonrarefied_asv
10	8	Logistic_Regression	False	0.6587	0.8722	0.7571	0.4667	0.6119	0.2198	rarefied_taxa
10	8	Naive_Bayes	False	0.6429	0.805	0.7571	0.4667	0.6119	0.2352	rarefied_taxa
10	8	XGBoost	False	0.6637	0.8537	0.8964	0.3333	0.6149	0.247	nonrarefied_taxa
10	8	XGBoost	False	0.6651	0.858	0.9714	0.1333	0.5524	0.1436	rarefied_taxa
10	9	AdaBoost	False	0.6524	0.8583	0.95	0.2333	0.5917	0.2414	nonrarefied_asv
10	9	AdaBoost	False	0.5802	0.8059	0.5857	0.4667	0.5262	0.0242	rarefied_taxa
10	9	Blended	True	0.6214	0.8289	0.7857	0.5	0.6429	0.2824	nonrarefied_asv
10	9	Blended	False	0.6708	0.871	0.8393	0.3	0.5696	0.1598	nonrarefied_taxa
10	9	Blended	False	0.646	0.871	0.819	0.3333	0.5762	0.1388	rarefied_asv
10	9	Blended	False	0.6762	0.8633	0.7905	0.5	0.6452	0.2581	rarefied_taxa
10	9	Extra_Trees	False	0.619	0.8677	0.8238	0.2	0.5119	-0.0061	rarefied_asv
10	9	K_Neighbors	False	0.4921	0.7645	0.9095	0.2667	0.5881	0.1512	rarefied_asv
10	9	K_Neighbors	True	0.6595	0.8392	0.7333	0.5667	0.65	0.266	rarefied_taxa
10	9	LDA	False	0.5077	0.7759	0.7071	0.3	0.5036	-0.0192	nonrarefied_asv
10	9	LDA	False	0.5292	0.7632	0.8107	0.3	0.5554	0.114	nonrarefied_taxa
10	9	LightGBM	False	0.5	0.7309	0.0	1.0	0.5	0.0	nonrarefied_asv
10	9	LightGBM	False	0.6167	0.8359	0.7036	0.4333	0.5685	0.1412	nonrarefied_taxa
10	9	Logistic_Regression	True	0.5262	0.7885	0.8679	0.3	0.5839	0.1955	nonrarefied_taxa
10	9	Logistic_Regression	True	0.6333	0.8439	0.7286	0.5	0.6143	0.2067	rarefied_asv
10	9	Logistic_Regression	False	0.6984	0.8716	0.7857	0.5	0.6429	0.2642	rarefied_taxa
10	10	AdaBoost	False	0.5524	0.7733	0.7714	0.3333	0.5524	0.0774	rarefied_taxa
10	10	Blended	False	0.7226	0.8958	0.925	0.1333	0.5292	0.1014	nonrarefied_asv
10	10	Blended	True	0.5792	0.8452	0.7607	0.3	0.5304	0.0298	nonrarefied_taxa
10	10	Blended	True	0.6683	0.8524	0.8524	0.4667	0.6595	0.3169	rarefied_asv
10	10	Blended	False	0.6841	0.8768	0.9143	0.3333	0.6238	0.2707	rarefied_taxa
10	10	Gradient_Boosting	False	0.5488	0.8065	0.9	0.1	0.5	-0.0338	nonrarefied_asv
10	10	LDA	False	0.4964	0.7702	0.6571	0.3	0.4786	-0.0579	nonrarefied_taxa
10	10	LightGBM	False	0.5	0.74	0.0	1.0	0.5	0.0	rarefied_asv
10	10	Logistic_Regression	False	0.6006	0.8217	0.925	0.1333	0.5292	0.0779	nonrarefied_asv
10	10	Logistic_Regression	False	0.6508	0.8565	0.8762	0.3333	0.6048	0.2678	rarefied_asv
10	10	Logistic_Regression	True	0.7	0.8926	0.8524	0.4	0.6262	0.275	rarefied_taxa
10	10	Naive_Bayes	False	0.6214	0.8043	0.8571	0.3333	0.5952	0.2251	rarefied_taxa
10	10	QDA	True	0.5298	0.7599	0.9214	0.3	0.6107	0.2686	nonrarefied_asv
10	10	Random_Forest	False	0.469	0.7848	0.8679	0.1667	0.5173	0.0071	nonrarefied_taxa
10	10	XGBoost	False	0.6381	0.8798	0.8464	0.1667	0.5065	-0.0092	nonrarefied_taxa
10	10	XGBoost	False	0.6222	0.8389	0.9714	0.2	0.5857	0.2268	rarefied_asv
11	1	AdaBoost	False	0.7008	0.8305	0.7024	0.5746	0.6385	0.2696	rarefied_asv
11	1	Blended	False	0.6566	0.7921	0.532	0.6901	0.6111	0.2084	nonrarefied_asv
11	1	Blended	True	0.7409	0.8711	0.6423	0.6909	0.6666	0.3134	nonrarefied_taxa
11	1	Blended	True	0.7036	0.8108	0.6943	0.649	0.6717	0.3297	rarefied_asv
11	1	Blended	False	0.7023	0.835	0.5801	0.6641	0.6221	0.2323	rarefied_taxa
11	1	Extra_Trees	False	0.6139	0.7802	0.3147	0.9015	0.6081	0.2346	nonrarefied_asv
11	1	Extra_Trees	False	0.6897	0.8284	0.7784	0.4396	0.609	0.2279	rarefied_taxa
11	1	Gradient_Boosting	False	0.7166	0.8571	0.7558	0.5071	0.6315	0.2632	nonrarefied_taxa
11	1	K_Neighbors	False	0.6173	0.7649	0.5386	0.6192	0.5789	0.1507	nonrarefied_asv
11	1	K_Neighbors	False	0.6634	0.7646	0.6488	0.588	0.6184	0.2307	rarefied_asv
11	1	LightGBM	False	0.7037	0.8534	0.7258	0.5293	0.6276	0.249	nonrarefied_taxa
11	1	Logistic_Regression	False	0.6851	0.8111	0.744	0.5068	0.6254	0.2562	rarefied_taxa
11	1	Naive_Bayes	True	0.6311	0.7782	0.5086	0.7466	0.6276	0.2414	nonrarefied_asv
11	1	Naive_Bayes	False	0.6789	0.8101	0.4485	0.8525	0.6505	0.2947	nonrarefied_taxa
11	1	Naive_Bayes	True	0.6835	0.7913	0.5231	0.7313	0.6272	0.2443	rarefied_taxa
11	1	Random_Forest	False	0.7259	0.8464	0.7824	0.4849	0.6337	0.2752	rarefied_asv
11	2	Blended	False	0.6973	0.8206	0.6993	0.5433	0.6213	0.2363	nonrarefied_asv
11	2	Blended	True	0.6882	0.8287	0.6425	0.6414	0.6419	0.2686	nonrarefied_taxa
11	2	Blended	False	0.7238	0.8505	0.6715	0.6123	0.6419	0.2736	rarefied_asv
11	2	Blended	False	0.7297	0.8521	0.775	0.4553	0.6151	0.2362	rarefied_taxa
11	2	Extra_Trees	True	0.6772	0.8235	0.6443	0.6493	0.6468	0.2827	rarefied_asv
11	2	Extra_Trees	True	0.7114	0.8421	0.7023	0.5442	0.6232	0.2424	rarefied_taxa
11	2	Gradient_Boosting	False	0.7017	0.8387	0.7864	0.4586	0.6225	0.2577	nonrarefied_asv
11	2	LDA	False	0.6642	0.7851	0.6459	0.6485	0.6472	0.2788	nonrarefied_asv
11	2	LightGBM	False	0.6607	0.8197	0.7428	0.4436	0.5932	0.1921	nonrarefied_taxa
11	2	LightGBM	False	0.6013	0.7757	0.6983	0.4182	0.5583	0.1157	rarefied_asv
11	2	LightGBM	False	0.657	0.7964	0.6982	0.5305	0.6143	0.2233	rarefied_taxa
11	2	Logistic_Regression	True	0.68	0.8005	0.6958	0.5998	0.6478	0.2837	nonrarefied_asv
11	2	Logistic_Regression	False	0.6496	0.8077	0.679	0.5567	0.6178	0.2272	nonrarefied_taxa
11	2	Naive_Bayes	False	0.6692	0.7986	0.4519	0.7682	0.6101	0.2136	nonrarefied_taxa
11	2	Naive_Bayes	False	0.6626	0.7767	0.5684	0.7088	0.6386	0.265	rarefied_asv
11	2	XGBoost	False	0.6414	0.7942	1.0	0.0	0.5	0.0	rarefied_taxa
11	3	AdaBoost	False	0.6419	0.7963	0.6302	0.5672	0.5987	0.1909	rarefied_asv
11	3	Blended	True	0.646	0.8021	0.5581	0.6897	0.6239	0.2348	nonrarefied_asv
11	3	Blended	True	0.7336	0.8613	0.5779	0.7601	0.669	0.3189	nonrarefied_taxa
11	3	Blended	True	0.7141	0.8298	0.7557	0.5296	0.6427	0.2848	rarefied_asv
11	3	Blended	True	0.7441	0.8556	0.7674	0.5444	0.6559	0.3141	rarefied_taxa
11	3	Extra_Trees	False	0.694	0.8385	0.6755	0.5598	0.6177	0.2266	rarefied_asv
11	3	Extra_Trees	False	0.7005	0.8439	0.5535	0.7376	0.6455	0.2785	rarefied_taxa
11	3	Gradient_Boosting	False	0.728	0.8424	0.7485	0.545	0.6468	0.2947	rarefied_taxa
11	3	LDA	False	0.6454	0.8024	0.5716	0.6759	0.6237	0.2331	nonrarefied_asv
11	3	Logistic_Regression	False	0.6466	0.7933	0.6954	0.5288	0.6121	0.2175	nonrarefied_asv
11	3	Logistic_Regression	False	0.7208	0.8387	0.7387	0.5626	0.6506	0.2975	nonrarefied_taxa
11	3	Logistic_Regression	False	0.6894	0.8062	0.7059	0.5664	0.6361	0.265	rarefied_asv
11	3	Logistic_Regression	False	0.6962	0.8074	0.7405	0.5439	0.6422	0.2825	rarefied_taxa
11	3	Naive_Bayes	False	0.607	0.7621	0.5315	0.6825	0.607	0.2025	nonrarefied_asv
11	3	Naive_Bayes	False	0.6928	0.8123	0.4344	0.8379	0.6362	0.2669	nonrarefied_taxa
11	3	Random_Forest	False	0.6809	0.8356	0.6184	0.633	0.6257	0.2379	nonrarefied_taxa
11	4	Blended	True	0.7283	0.8559	0.796	0.4867	0.6413	0.2899	nonrarefied_asv
11	4	Blended	True	0.753	0.8781	0.7927	0.5	0.6464	0.2986	nonrarefied_taxa
11	4	Blended	True	0.7314	0.8484	0.6645	0.7017	0.6831	0.3511	rarefied_asv
11	4	Blended	False	0.6813	0.8361	0.5386	0.7396	0.6391	0.268	rarefied_taxa
11	4	Extra_Trees	False	0.7085	0.8525	0.7119	0.5781	0.645	0.285	nonrarefied_taxa
11	4	Extra_Trees	False	0.6756	0.829	0.634	0.6043	0.6192	0.234	rarefied_taxa
11	4	Gradient_Boosting	False	0.7002	0.8454	0.756	0.465	0.6105	0.2268	nonrarefied_asv
11	4	Gradient_Boosting	False	0.7204	0.8334	0.7599	0.5148	0.6374	0.2773	rarefied_asv
11	4	LightGBM	False	0.7139	0.8454	0.7794	0.4933	0.6364	0.2773	nonrarefied_asv
11	4	LightGBM	False	0.7158	0.8391	0.7713	0.5225	0.6469	0.2974	rarefied_asv
11	4	Logistic_Regression	False	0.6935	0.8178	0.7358	0.4998	0.6178	0.2319	nonrarefied_taxa
11	4	Naive_Bayes	False	0.686	0.7944	0.5425	0.7541	0.6483	0.2854	rarefied_asv
11	4	Naive_Bayes	True	0.6477	0.7663	0.5348	0.747	0.6409	0.2714	rarefied_taxa
11	4	Random_Forest	False	0.7103	0.8537	0.7589	0.5002	0.6296	0.2652	nonrarefied_taxa
11	4	Random_Forest	False	0.6947	0.8396	0.7481	0.4849	0.6165	0.2381	rarefied_taxa
11	4	XGBoost	False	0.6451	0.7865	1.0	0.0	0.5	0.0	nonrarefied_asv
11	5	AdaBoost	False	0.6293	0.7719	0.2845	0.9369	0.6107	0.2531	nonrarefied_asv
11	5	AdaBoost	False	0.6325	0.7741	0.3111	0.9441	0.6276	0.2871	nonrarefied_taxa
11	5	Blended	True	0.6968	0.8386	0.6753	0.6128	0.6441	0.2745	nonrarefied_asv
11	5	Blended	True	0.7433	0.8637	0.4981	0.816	0.6571	0.3043	nonrarefied_taxa
11	5	Blended	False	0.6503	0.7901	0.5382	0.663	0.6006	0.1925	rarefied_asv
11	5	Blended	False	0.6807	0.8192	0.4883	0.7533	0.6208	0.2356	rarefied_taxa
11	5	Extra_Trees	True	0.6748	0.8269	0.3813	0.9026	0.6419	0.2992	rarefied_asv
11	5	Extra_Trees	True	0.6616	0.8246	0.3507	0.9185	0.6346	0.2931	rarefied_taxa
11	5	K_Neighbors	False	0.6017	0.7312	0.5499	0.6262	0.5881	0.1685	rarefied_asv
11	5	LDA	False	0.6592	0.7989	0.6556	0.5916	0.6236	0.2352	nonrarefied_asv
11	5	LightGBM	False	0.6473	0.7991	0.7323	0.4291	0.5807	0.1634	nonrarefied_asv
11	5	Logistic_Regression	False	0.734	0.8528	0.7358	0.5704	0.6531	0.2978	nonrarefied_taxa
11	5	Logistic_Regression	False	0.6545	0.7834	0.7253	0.5222	0.6237	0.2484	rarefied_taxa
11	5	Naive_Bayes	False	0.6947	0.8184	0.438	0.8517	0.6448	0.2894	nonrarefied_taxa
11	5	Naive_Bayes	False	0.6391	0.7613	0.542	0.663	0.6025	0.1966	rarefied_asv
11	5	Naive_Bayes	False	0.6553	0.7667	0.4883	0.7533	0.6208	0.2355	rarefied_taxa
11	6	Blended	True	0.7157	0.8423	0.7658	0.5411	0.6534	0.3037	nonrarefied_asv
11	6	Blended	False	0.7391	0.8722	0.7859	0.4374	0.6117	0.2291	nonrarefied_taxa
11	6	Blended	False	0.7135	0.8435	0.7059	0.5732	0.6395	0.2721	rarefied_asv
11	6	Blended	False	0.7057	0.8373	0.6525	0.6034	0.628	0.2455	rarefied_taxa
11	6	Decision_Tree	False	0.6109	0.7461	0.6858	0.5005	0.5932	0.1807	nonrarefied_asv
11	6	Extra_Trees	False	0.6916	0.8367	0.679	0.5214	0.6002	0.197	rarefied_asv
11	6	Gradient_Boosting	True	0.6873	0.8259	0.8205	0.4399	0.6302	0.2797	rarefied_taxa
11	6	LDA	True	0.6984	0.8243	0.6604	0.6251	0.6427	0.2724	rarefied_asv
11	6	LightGBM	False	0.6714	0.8175	0.7367	0.4328	0.5847	0.1688	rarefied_taxa
11	6	Logistic_Regression	False	0.6722	0.809	0.6821	0.5567	0.6194	0.229	nonrarefied_asv
11	6	Logistic_Regression	True	0.6909	0.8263	0.746	0.551	0.6485	0.2905	nonrarefied_taxa
11	6	Logistic_Regression	False	0.6856	0.8195	0.6828	0.5886	0.6357	0.2641	rarefied_asv
11	6	Naive_Bayes	False	0.6711	0.7749	0.5263	0.7231	0.6247	0.2384	rarefied_taxa
11	6	Random_Forest	False	0.6905	0.8522	0.6524	0.5768	0.6146	0.2172	nonrarefied_taxa
11	6	XGBoost	False	0.6945	0.8223	0.8128	0.4005	0.6067	0.2262	nonrarefied_asv
11	6	XGBoost	False	0.7255	0.8565	0.9197	0.2899	0.6048	0.2766	nonrarefied_taxa
11	7	AdaBoost	False	0.5991	0.7607	0.4289	0.7335	0.5812	0.1786	nonrarefied_taxa
11	7	Blended	False	0.7062	0.8415	0.8024	0.4448	0.6236	0.2612	nonrarefied_asv
11	7	Blended	True	0.7105	0.8447	0.7758	0.4791	0.6274	0.2584	nonrarefied_taxa
11	7	Blended	True	0.7469	0.8517	0.8166	0.4843	0.6505	0.3142	rarefied_asv
11	7	Blended	True	0.6979	0.8103	0.7674	0.5219	0.6447	0.2917	rarefied_taxa
11	7	Extra_Trees	False	0.6585	0.8244	0.4614	0.8032	0.6323	0.2558	nonrarefied_asv
11	7	Extra_Trees	False	0.7243	0.85	0.7022	0.5809	0.6415	0.2756	rarefied_asv
11	7	K_Neighbors	False	0.6511	0.7764	0.7025	0.5077	0.6051	0.2078	rarefied_taxa
11	7	LightGBM	True	0.692	0.8275	0.8258	0.4729	0.6493	0.3204	nonrarefied_asv
11	7	LightGBM	False	0.6144	0.7764	0.7154	0.4936	0.6045	0.2059	nonrarefied_taxa
11	7	LightGBM	False	0.7228	0.8447	0.7862	0.4835	0.6348	0.2717	rarefied_asv
11	7	Logistic_Regression	False	0.653	0.7756	0.7144	0.5439	0.6291	0.2545	rarefied_taxa
11	7	Random_Forest	False	0.6825	0.8332	0.7924	0.4515	0.622	0.2543	nonrarefied_taxa
11	7	XGBoost	False	0.6769	0.819	0.8928	0.2401	0.5665	0.1678	nonrarefied_asv
11	7	XGBoost	False	0.7357	0.844	0.9007	0.357	0.6289	0.3015	rarefied_asv
11	7	XGBoost	False	0.6973	0.8262	0.897	0.2681	0.5825	0.2184	rarefied_taxa
11	8	Blended	True	0.6949	0.8336	0.7256	0.549	0.6373	0.2696	nonrarefied_asv
11	8	Blended	False	0.7125	0.8608	0.5485	0.7537	0.6511	0.285	nonrarefied_taxa
11	8	Blended	True	0.7758	0.8761	0.8052	0.5459	0.6755	0.3571	rarefied_asv
11	8	Blended	True	0.7472	0.8595	0.7896	0.5601	0.6749	0.3613	rarefied_taxa
11	8	Extra_Trees	False	0.6962	0.8538	0.6721	0.5916	0.6319	0.2534	nonrarefied_taxa
11	8	Extra_Trees	False	0.7299	0.8586	0.694	0.612	0.653	0.2976	rarefied_asv
11	8	Gradient_Boosting	False	0.6645	0.8345	0.6085	0.648	0.6283	0.2451	nonrarefied_asv
11	8	LDA	False	0.6655	0.8093	0.5347	0.7108	0.6228	0.2325	nonrarefied_asv
11	8	LightGBM	False	0.6814	0.7902	0.7139	0.6123	0.6631	0.3189	rarefied_asv
11	8	LightGBM	False	0.6965	0.815	0.7171	0.5906	0.6538	0.3014	rarefied_taxa
11	8	Logistic_Regression	False	0.6916	0.8385	0.6989	0.5562	0.6275	0.245	nonrarefied_taxa
11	8	Logistic_Regression	False	0.7088	0.837	0.7321	0.559	0.6456	0.2914	rarefied_taxa
11	8	Naive_Bayes	True	0.6821	0.8156	0.4481	0.8665	0.6573	0.3109	nonrarefied_taxa
11	8	Random_Forest	False	0.7277	0.8364	0.7633	0.5313	0.6473	0.2955	rarefied_asv
11	8	XGBoost	False	0.6431	0.8095	0.9431	0.0847	0.5139	0.0576	nonrarefied_asv
11	8	XGBoost	False	0.7037	0.8264	0.9577	0.1866	0.5722	0.2504	rarefied_taxa
11	9	AdaBoost	False	0.6841	0.8317	0.6952	0.4943	0.5948	0.1935	rarefied_asv
11	9	Blended	True	0.7047	0.8449	0.7389	0.4847	0.6118	0.2214	nonrarefied_asv
11	9	Blended	False	0.7416	0.8712	0.4615	0.8796	0.6705	0.3344	nonrarefied_taxa
11	9	Blended	True	0.719	0.8481	0.798	0.4701	0.634	0.2899	rarefied_asv
11	9	Blended	False	0.6661	0.8168	0.794	0.3957	0.5949	0.2086	rarefied_taxa
11	9	Extra_Trees	False	0.6886	0.8187	0.5381	0.7584	0.6483	0.29	nonrarefied_taxa
11	9	Extra_Trees	True	0.6381	0.7997	0.5652	0.6268	0.596	0.1823	rarefied_taxa
11	9	Gradient_Boosting	False	0.6209	0.787	0.6835	0.4632	0.5734	0.1431	rarefied_taxa
11	9	K_Neighbors	False	0.6092	0.7906	0.2771	0.9224	0.5998	0.2234	nonrarefied_asv
11	9	LightGBM	False	0.674	0.8334	0.7458	0.4564	0.6011	0.2008	nonrarefied_asv
11	9	LightGBM	False	0.6917	0.8312	0.775	0.4556	0.6153	0.2412	rarefied_asv
11	9	LightGBM	False	0.668	0.8224	0.7327	0.4481	0.5904	0.182	rarefied_taxa
11	9	Naive_Bayes	True	0.7058	0.8416	0.4447	0.9081	0.6764	0.3506	nonrarefied_taxa
11	9	Random_Forest	False	0.7025	0.8515	0.7862	0.5059	0.6461	0.2982	nonrarefied_taxa
11	9	Random_Forest	False	0.6928	0.8408	0.6839	0.5313	0.6076	0.2134	rarefied_asv
11	9	XGBoost	False	0.6506	0.8	0.9164	0.1833	0.5498	0.1457	nonrarefied_asv
11	10	AdaBoost	False	0.6302	0.7604	0.3012	0.9643	0.6327	0.3033	nonrarefied_taxa
11	10	Blended	False	0.6745	0.8154	0.5553	0.6618	0.6085	0.2032	nonrarefied_asv
11	10	Blended	False	0.6861	0.8469	0.4282	0.8377	0.633	0.2641	nonrarefied_taxa
11	10	Blended	False	0.7245	0.8431	0.7786	0.4766	0.6276	0.2633	rarefied_asv
11	10	Blended	False	0.6926	0.8336	0.6066	0.6339	0.6203	0.229	rarefied_taxa
11	10	Extra_Trees	False	0.6794	0.8275	0.6605	0.5735	0.617	0.2313	rarefied_asv
11	10	Extra_Trees	False	0.6714	0.8296	0.6677	0.5587	0.6132	0.2172	rarefied_taxa
11	10	Gradient_Boosting	True	0.6711	0.8161	0.767	0.4772	0.6221	0.2488	rarefied_taxa
11	10	LDA	False	0.6684	0.8152	0.5787	0.6473	0.613	0.2116	nonrarefied_asv
11	10	LightGBM	True	0.682	0.813	0.7557	0.5211	0.6384	0.2766	rarefied_asv
11	10	Logistic_Regression	True	0.6698	0.814	0.6523	0.5919	0.6221	0.2318	nonrarefied_asv
11	10	Logistic_Regression	False	0.6661	0.8138	0.6924	0.5564	0.6244	0.2399	nonrarefied_taxa
11	10	Naive_Bayes	False	0.65	0.7758	0.5186	0.7039	0.6113	0.2091	nonrarefied_asv
11	10	Naive_Bayes	True	0.6671	0.8033	0.4484	0.8236	0.636	0.2664	nonrarefied_taxa
11	10	Naive_Bayes	False	0.6493	0.7665	0.5113	0.7236	0.6175	0.2253	rarefied_taxa
11	10	XGBoost	False	0.6776	0.7985	0.7671	0.4692	0.6181	0.2421	rarefied_asv
12	1	AdaBoost	False	0.8618	0.9486	0.9036	0.5333	0.7185	0.4749	rarefied_asv
12	1	Blended	False	0.7904	0.9283	0.847	0.5167	0.6818	0.3586	nonrarefied_asv
12	1	Blended	False	0.9299	0.979	0.9152	0.6833	0.7992	0.5956	nonrarefied_taxa
12	1	Blended	False	0.8279	0.9395	0.8836	0.5	0.6918	0.407	rarefied_asv
12	1	Blended	False	0.8729	0.9579	0.8055	0.65	0.7277	0.4324	rarefied_taxa
12	1	Extra_Trees	False	0.8801	0.9664	0.8136	0.7167	0.7652	0.5013	nonrarefied_taxa
12	1	K_Neighbors	True	0.7814	0.9244	0.7621	0.7333	0.7477	0.4427	nonrarefied_asv
12	1	LightGBM	False	0.708	0.8734	0.7345	0.55	0.6423	0.3014	rarefied_asv
12	1	LightGBM	False	0.7667	0.9002	0.6673	0.85	0.7586	0.4652	rarefied_taxa
12	1	Logistic_Regression	False	0.7917	0.9296	0.8985	0.4667	0.6826	0.415	nonrarefied_asv
12	1	Logistic_Regression	True	0.9218	0.9767	0.897	0.75	0.8235	0.6398	nonrarefied_taxa
12	1	Logistic_Regression	True	0.7939	0.9202	0.8618	0.6	0.7309	0.4613	rarefied_asv
12	1	Logistic_Regression	False	0.8629	0.9486	0.8436	0.6	0.7218	0.4372	rarefied_taxa
12	1	Random_Forest	False	0.8624	0.9601	0.8985	0.6167	0.7576	0.51	nonrarefied_taxa
12	1	Random_Forest	True	0.8518	0.9478	0.8055	0.75	0.7777	0.5225	rarefied_taxa
12	1	XGBoost	False	0.8032	0.9355	0.9818	0.1667	0.5742	0.2536	nonrarefied_asv
12	2	AdaBoost	True	0.8307	0.94	0.9	0.6	0.75	0.4987	nonrarefied_asv
12	2	Blended	False	0.8867	0.9629	0.9	0.4167	0.6583	0.3563	nonrarefied_asv
12	2	Blended	True	0.8542	0.9562	0.9	0.8	0.85	0.6824	nonrarefied_taxa
12	2	Blended	True	0.7273	0.8968	0.8636	0.4667	0.6652	0.3698	rarefied_asv
12	2	Blended	True	0.8336	0.9289	0.88	0.7833	0.8317	0.6736	rarefied_taxa
12	2	K_Neighbors	False	0.8319	0.9168	0.8833	0.45	0.6667	0.3218	nonrarefied_asv
12	2	K_Neighbors	False	0.7708	0.9325	0.6136	0.95	0.7818	0.4959	nonrarefied_taxa
12	2	LightGBM	False	0.578	0.8407	0.6455	0.4167	0.5311	0.057	rarefied_asv
12	2	Logistic_Regression	False	0.8534	0.9343	0.9167	0.5167	0.7167	0.4964	nonrarefied_asv
12	2	Logistic_Regression	False	0.6652	0.8589	0.8036	0.4167	0.6102	0.209	rarefied_asv
12	2	Logistic_Regression	False	0.8797	0.955	0.8618	0.7833	0.8226	0.6223	rarefied_taxa
12	2	Naive_Bayes	False	0.8361	0.9147	0.9167	0.75	0.8333	0.6605	nonrarefied_taxa
12	2	Naive_Bayes	False	0.8586	0.922	0.8418	0.7833	0.8126	0.5973	rarefied_taxa
12	2	Random_Forest	False	0.8347	0.9483	0.8121	0.6333	0.7227	0.4179	nonrarefied_taxa
12	2	Random_Forest	False	0.653	0.8745	0.7655	0.3667	0.5661	0.1068	rarefied_asv
12	2	Random_Forest	False	0.7815	0.9157	0.7855	0.5833	0.6844	0.3241	rarefied_taxa
12	3	AdaBoost	False	0.6826	0.8299	0.8318	0.55	0.6909	0.4011	nonrarefied_asv
12	3	AdaBoost	False	0.8429	0.9429	0.8618	0.7	0.7809	0.5509	rarefied_asv
12	3	Blended	True	0.8311	0.9339	0.9318	0.5	0.7159	0.4943	nonrarefied_asv
12	3	Blended	False	0.89	0.9597	0.8652	0.6833	0.7742	0.5381	nonrarefied_taxa
12	3	Blended	False	0.8679	0.9495	0.8818	0.65	0.7659	0.5442	rarefied_asv
12	3	Blended	True	0.905	0.9569	0.8636	0.8	0.8318	0.6356	rarefied_taxa
12	3	Decision_Tree	False	0.6419	0.8122	0.7955	0.5	0.6477	0.312	nonrarefied_asv
12	3	Extra_Trees	False	0.8273	0.9393	0.9303	0.35	0.6402	0.3444	nonrarefied_asv
12	3	Extra_Trees	True	0.9102	0.9677	0.8121	0.8	0.8061	0.5647	nonrarefied_taxa
12	3	Extra_Trees	False	0.89	0.9515	0.8218	0.75	0.7859	0.5428	rarefied_taxa
12	3	Gradient_Boosting	True	0.8489	0.9434	0.8618	0.7	0.7809	0.5469	rarefied_asv
12	3	LightGBM	False	0.8329	0.9357	0.8018	0.6833	0.7426	0.4634	rarefied_asv
12	3	Logistic_Regression	False	0.8789	0.9515	0.8618	0.75	0.8059	0.604	rarefied_taxa
12	3	Naive_Bayes	False	0.8378	0.9188	0.8652	0.6833	0.7742	0.5381	nonrarefied_taxa
12	3	Naive_Bayes	False	0.8739	0.9249	0.8036	0.85	0.8268	0.6082	rarefied_taxa
12	3	Random_Forest	False	0.8622	0.9498	0.9152	0.6833	0.7992	0.6235	nonrarefied_taxa
12	4	AdaBoost	False	0.8134	0.9136	0.7091	0.8	0.7545	0.4739	rarefied_taxa
12	4	Blended	False	0.9076	0.9717	0.95	0.4833	0.7167	0.5521	nonrarefied_asv
12	4	Blended	False	0.9029	0.9658	0.8833	0.6	0.7417	0.522	nonrarefied_taxa
12	4	Blended	False	0.9089	0.9662	0.8218	0.6833	0.7526	0.5152	rarefied_asv
12	4	Blended	False	0.9018	0.9638	0.8236	0.7833	0.8035	0.5761	rarefied_taxa
12	4	Decision_Tree	False	0.7643	0.8686	0.6509	0.75	0.7005	0.3668	rarefied_asv
12	4	Extra_Trees	True	0.8928	0.9655	0.8485	0.75	0.7992	0.6123	nonrarefied_taxa
12	4	Extra_Trees	True	0.8968	0.9611	0.8436	0.8	0.8218	0.6101	rarefied_asv
12	4	Gradient_Boosting	True	0.9167	0.9754	0.9667	0.6	0.7833	0.5892	nonrarefied_asv
12	4	LightGBM	False	0.897	0.9656	0.8985	0.5	0.6992	0.4316	nonrarefied_asv
12	4	Logistic_Regression	False	0.8398	0.9225	0.9318	0.5333	0.7326	0.554	nonrarefied_asv
12	4	Logistic_Regression	False	0.8399	0.9353	0.8818	0.6	0.7409	0.4756	nonrarefied_taxa
12	4	Naive_Bayes	False	0.852	0.9236	0.8236	0.8333	0.8285	0.618	rarefied_taxa
12	4	Random_Forest	False	0.8821	0.9637	0.8152	0.7333	0.7742	0.5482	nonrarefied_taxa
12	4	Random_Forest	True	0.8979	0.9628	0.8818	0.8	0.8409	0.674	rarefied_taxa
12	4	XGBoost	False	0.7765	0.9036	1.0	0.05	0.525	0.0877	rarefied_asv
12	5	AdaBoost	False	0.846	0.9299	0.697	0.9	0.7985	0.5172	nonrarefied_taxa
12	5	AdaBoost	False	0.8447	0.9426	0.8836	0.6333	0.7585	0.5372	rarefied_asv
12	5	AdaBoost	False	0.8839	0.9533	0.8836	0.75	0.8168	0.6502	rarefied_taxa
12	5	Blended	False	0.9288	0.9776	0.8652	0.7833	0.8242	0.651	nonrarefied_asv
12	5	Blended	False	0.8919	0.9466	0.8833	0.7167	0.8	0.6327	nonrarefied_taxa
12	5	Blended	True	0.91	0.9574	0.94	0.8	0.87	0.76	rarefied_asv
12	5	Blended	False	0.92	0.9647	0.8818	0.85	0.8659	0.7051	rarefied_taxa
12	5	Extra_Trees	False	0.91	0.9579	0.84	0.7833	0.8117	0.6257	rarefied_asv
12	5	Gradient_Boosting	True	0.9229	0.9762	0.85	0.8	0.825	0.6361	nonrarefied_asv
12	5	LightGBM	False	0.9003	0.9702	0.8833	0.4667	0.675	0.4274	nonrarefied_asv
12	5	LightGBM	False	0.8929	0.961	0.8418	0.7833	0.8126	0.5991	rarefied_taxa
12	5	Naive_Bayes	False	0.8167	0.9114	0.8833	0.7167	0.8	0.6327	nonrarefied_taxa
12	5	Naive_Bayes	True	0.8904	0.9406	0.8418	0.9	0.8709	0.6978	rarefied_taxa
12	5	Random_Forest	True	0.8659	0.9442	0.7652	0.85	0.8076	0.5485	nonrarefied_taxa
12	5	Random_Forest	False	0.895	0.9538	0.9	0.6	0.75	0.5225	rarefied_asv
12	5	XGBoost	False	0.8148	0.9365	0.9333	0.4167	0.675	0.465	nonrarefied_asv
12	6	Blended	False	0.9034	0.9724	0.8818	0.5833	0.7326	0.4752	nonrarefied_asv
12	6	Blended	False	0.8867	0.9602	0.8318	0.7	0.7659	0.5155	nonrarefied_taxa
12	6	Blended	False	0.8729	0.9512	0.92	0.5667	0.7433	0.5705	rarefied_asv
12	6	Blended	True	0.9129	0.9689	0.9	0.6667	0.7833	0.64	rarefied_taxa
12	6	Extra_Trees	False	0.9118	0.9695	0.82	0.7167	0.7683	0.5887	rarefied_taxa
12	6	Gradient_Boosting	True	0.9006	0.9687	0.8985	0.7333	0.8159	0.6302	nonrarefied_taxa
12	6	K_Neighbors	True	0.8581	0.9426	0.7621	0.9	0.8311	0.591	nonrarefied_asv
12	6	K_Neighbors	False	0.8199	0.9269	0.5955	0.95	0.7727	0.4771	nonrarefied_taxa
12	6	LightGBM	False	0.8588	0.9567	0.7636	0.7333	0.7485	0.4727	nonrarefied_taxa
12	6	LightGBM	False	0.8252	0.916	0.7255	0.7	0.7127	0.3921	rarefied_asv
12	6	Logistic_Regression	False	0.8755	0.959	0.9167	0.5833	0.75	0.5717	nonrarefied_asv
12	6	Logistic_Regression	False	0.7644	0.9152	0.84	0.6167	0.7283	0.4821	rarefied_asv
12	6	Random_Forest	True	0.8739	0.9528	0.86	0.7167	0.7883	0.6282	rarefied_asv
12	6	Random_Forest	False	0.9079	0.9676	0.88	0.65	0.765	0.5347	rarefied_taxa
12	6	XGBoost	False	0.8731	0.9599	0.9667	0.2833	0.625	0.3336	nonrarefied_asv
12	6	XGBoost	False	0.8858	0.9593	0.96	0.45	0.705	0.4403	rarefied_taxa
12	7	AdaBoost	False	0.7436	0.8946	0.7439	0.6	0.672	0.3216	nonrarefied_asv
12	7	Blended	False	0.9045	0.9579	0.9667	0.55	0.7583	0.618	nonrarefied_asv
12	7	Blended	False	0.8753	0.9486	0.8167	0.7333	0.775	0.5528	nonrarefied_taxa
12	7	Blended	False	0.7729	0.9108	0.8455	0.45	0.6477	0.3105	rarefied_asv
12	7	Blended	False	0.8408	0.9443	0.8455	0.6333	0.7394	0.4659	rarefied_taxa
12	7	Extra_Trees	True	0.8339	0.9363	0.8273	0.7	0.7636	0.5032	rarefied_asv
12	7	Extra_Trees	False	0.8308	0.9353	0.9055	0.6	0.7527	0.5422	rarefied_taxa
12	7	K_Neighbors	False	0.8097	0.9297	0.3945	1.0	0.6973	0.3932	rarefied_taxa
12	7	LightGBM	True	0.9102	0.9658	0.9318	0.6	0.7659	0.6003	nonrarefied_asv
12	7	Logistic_Regression	False	0.8436	0.9454	0.8652	0.6833	0.7742	0.5759	nonrarefied_taxa
12	7	Naive_Bayes	True	0.8618	0.9252	0.7833	0.8	0.7917	0.555	nonrarefied_taxa
12	7	Random_Forest	False	0.8438	0.9452	0.8818	0.5333	0.7076	0.4716	nonrarefied_taxa
12	7	Random_Forest	False	0.8279	0.9318	0.9236	0.45	0.6868	0.4423	rarefied_asv
12	7	Random_Forest	True	0.8208	0.9321	0.8673	0.65	0.7586	0.5686	rarefied_taxa
12	7	XGBoost	False	0.8557	0.949	0.9667	0.4	0.6833	0.438	nonrarefied_asv
12	7	XGBoost	False	0.7689	0.8743	0.98	0.2833	0.6317	0.3321	rarefied_asv
12	8	AdaBoost	False	0.8043	0.9234	0.7036	0.7833	0.7435	0.442	rarefied_asv
12	8	AdaBoost	False	0.8079	0.9214	0.78	0.6833	0.7317	0.4728	rarefied_taxa
12	8	Blended	False	0.8854	0.9673	0.8818	0.5167	0.6992	0.4219	nonrarefied_asv
12	8	Blended	False	0.8895	0.965	0.797	0.7167	0.7568	0.4718	nonrarefied_taxa
12	8	Blended	False	0.8858	0.9618	0.8418	0.7333	0.7876	0.5588	rarefied_asv
12	8	Blended	False	0.8239	0.9236	0.88	0.6833	0.7817	0.5961	rarefied_taxa
12	8	Extra_Trees	True	0.9039	0.965	0.8818	0.7333	0.8076	0.6225	rarefied_taxa
12	8	K_Neighbors	False	0.8324	0.9518	0.847	0.5667	0.7068	0.4266	nonrarefied_asv
12	8	K_Neighbors	False	0.8436	0.9521	0.5076	0.95	0.7288	0.3999	nonrarefied_taxa
12	8	LightGBM	False	0.6687	0.8405	0.8985	0.3667	0.6326	0.306	nonrarefied_asv
12	8	LightGBM	False	0.8758	0.9521	0.8818	0.6167	0.7492	0.5086	rarefied_asv
12	8	LightGBM	False	0.7265	0.8862	0.8218	0.3833	0.6026	0.2152	rarefied_taxa
12	8	Logistic_Regression	True	0.8729	0.9632	0.8818	0.5333	0.7076	0.4436	nonrarefied_asv
12	8	Random_Forest	True	0.801	0.9263	0.8485	0.7167	0.7826	0.537	nonrarefied_taxa
12	8	Random_Forest	True	0.8405	0.9253	0.82	0.7833	0.8017	0.6058	rarefied_asv
12	8	XGBoost	False	0.8593	0.9564	0.8985	0.5167	0.7076	0.4759	nonrarefied_taxa
12	9	Blended	False	0.8902	0.9646	0.9833	0.6333	0.8083	0.7105	nonrarefied_asv
12	9	Blended	False	0.8817	0.9609	0.8833	0.65	0.7667	0.562	nonrarefied_taxa
12	9	Blended	False	0.7644	0.9114	0.6109	0.75	0.6805	0.3343	rarefied_asv
12	9	Blended	False	0.8768	0.9564	0.8273	0.7	0.7636	0.5125	rarefied_taxa
12	9	Extra_Trees	False	0.813	0.9322	0.6333	0.9	0.7667	0.5069	nonrarefied_taxa
12	9	Extra_Trees	True	0.8818	0.9563	0.9036	0.75	0.8268	0.6534	rarefied_taxa
12	9	Gradient_Boosting	True	0.8797	0.9567	0.7491	0.8	0.7745	0.5126	rarefied_asv
12	9	K_Neighbors	False	0.6684	0.8727	0.3182	1.0	0.6591	0.3367	rarefied_asv
12	9	LightGBM	True	0.9308	0.9775	0.9652	0.6833	0.8242	0.7122	nonrarefied_asv
12	9	Logistic_Regression	False	0.8186	0.9211	0.9333	0.6833	0.8083	0.6591	nonrarefied_asv
12	9	Logistic_Regression	True	0.8707	0.9612	0.9167	0.6333	0.775	0.6012	nonrarefied_taxa
12	9	Logistic_Regression	False	0.7673	0.9125	0.8455	0.5167	0.6811	0.3863	rarefied_asv
12	9	Naive_Bayes	False	0.7555	0.8657	0.8073	0.7	0.7536	0.4902	rarefied_taxa
12	9	Random_Forest	False	0.8747	0.9567	0.8673	0.7	0.7836	0.5816	rarefied_taxa
12	9	XGBoost	False	0.8516	0.9576	0.9333	0.3	0.6167	0.3381	nonrarefied_asv
12	9	XGBoost	False	0.8143	0.9371	0.9167	0.4167	0.6667	0.4055	nonrarefied_taxa
12	10	AdaBoost	True	0.9019	0.9668	0.9652	0.55	0.7576	0.5425	nonrarefied_asv
12	10	AdaBoost	False	0.7695	0.8668	0.6891	0.85	0.7695	0.5278	rarefied_asv
12	10	Blended	False	0.8965	0.9633	0.95	0.5333	0.7417	0.5512	nonrarefied_asv
12	10	Blended	True	0.8793	0.9633	0.8152	0.6833	0.7492	0.5014	nonrarefied_taxa
12	10	Blended	True	0.9089	0.9637	0.9418	0.7	0.8209	0.6833	rarefied_asv
12	10	Blended	False	0.9558	0.9875	0.9236	0.65	0.7868	0.6111	rarefied_taxa
12	10	Extra_Trees	False	0.8557	0.9559	0.8667	0.6167	0.7417	0.5298	nonrarefied_taxa
12	10	Extra_Trees	True	0.9568	0.9867	0.8855	0.9	0.8927	0.7774	rarefied_taxa
12	10	K_Neighbors	False	0.8335	0.9515	0.6424	0.8333	0.7379	0.4556	nonrarefied_taxa
12	10	LightGBM	False	0.8851	0.964	1.0	0.3667	0.6833	0.4928	nonrarefied_asv
12	10	LightGBM	False	0.8313	0.9474	0.8136	0.5333	0.6735	0.3626	nonrarefied_taxa
12	10	LightGBM	False	0.8179	0.9167	0.9036	0.65	0.7768	0.5825	rarefied_asv
12	10	Logistic_Regression	False	0.9076	0.9723	0.9255	0.6333	0.7794	0.6149	rarefied_taxa
12	10	Random_Forest	False	0.9058	0.9684	0.8455	0.8	0.8227	0.6268	rarefied_taxa
12	10	XGBoost	False	0.8558	0.9459	0.9333	0.4667	0.7	0.4713	nonrarefied_asv
12	10	XGBoost	False	0.85	0.9232	0.88	0.7	0.79	0.6225	rarefied_asv
13	1	AdaBoost	False	0.8315	0.8613	0.7794	0.7545	0.767	0.5368	nonrarefied_taxa
13	1	AdaBoost	False	0.8905	0.9073	0.78	0.84	0.81	0.6271	rarefied_asv
13	1	AdaBoost	True	0.8865	0.8994	0.82	0.79	0.805	0.616	rarefied_taxa
13	1	Blended	True	0.8915	0.9073	0.8043	0.7909	0.7976	0.5975	nonrarefied_asv
13	1	Blended	False	0.8818	0.8984	0.796	0.7727	0.7844	0.5708	nonrarefied_taxa
13	1	Blended	True	0.886	0.9035	0.82	0.86	0.84	0.6822	rarefied_asv
13	1	Blended	False	0.886	0.9018	0.81	0.79	0.8	0.6062	rarefied_taxa
13	1	Extra_Trees	False	0.8633	0.8719	0.8134	0.7636	0.7885	0.5802	nonrarefied_asv
13	1	Extra_Trees	False	0.8675	0.8848	0.81	0.81	0.81	0.6233	rarefied_asv
13	1	Gradient_Boosting	False	0.8313	0.8445	0.7534	0.7636	0.7585	0.5204	nonrarefied_asv
13	1	LightGBM	False	0.8273	0.8424	0.7079	0.7727	0.7403	0.4826	nonrarefied_asv
13	1	LightGBM	False	0.853	0.8718	0.78	0.75	0.765	0.5347	rarefied_taxa
13	1	Logistic_Regression	True	0.8595	0.8608	0.815	0.7545	0.7848	0.5724	nonrarefied_taxa
13	1	Random_Forest	False	0.8543	0.8686	0.8047	0.7455	0.7751	0.5544	nonrarefied_taxa
13	1	Random_Forest	False	0.873	0.8955	0.81	0.81	0.81	0.6206	rarefied_asv
13	1	XGBoost	False	0.8395	0.8616	0.8	0.74	0.77	0.5448	rarefied_taxa
13	2	AdaBoost	True	0.91	0.9139	0.83	0.84	0.835	0.6722	rarefied_taxa
13	2	Blended	True	0.8774	0.8931	0.7881	0.7909	0.7895	0.5813	nonrarefied_asv
13	2	Blended	True	0.8708	0.8736	0.7885	0.7909	0.7897	0.5826	nonrarefied_taxa
13	2	Blended	True	0.9275	0.9301	0.86	0.87	0.865	0.7342	rarefied_asv
13	2	Blended	False	0.9015	0.9067	0.81	0.84	0.825	0.652	rarefied_taxa
13	2	Extra_Trees	False	0.8585	0.8694	0.8142	0.7273	0.7708	0.5469	nonrarefied_taxa
13	2	Extra_Trees	False	0.886	0.8917	0.85	0.76	0.805	0.6176	rarefied_taxa
13	2	Gradient_Boosting	False	0.8686	0.8859	0.7704	0.7727	0.7715	0.5466	nonrarefied_asv
13	2	Gradient_Boosting	False	0.9305	0.9347	0.85	0.87	0.86	0.7247	rarefied_asv
13	2	LightGBM	False	0.784	0.7982	0.6549	0.7182	0.6866	0.374	nonrarefied_asv
13	2	LightGBM	False	0.8473	0.8627	0.7628	0.7364	0.7496	0.5108	nonrarefied_taxa
13	2	LightGBM	False	0.8898	0.9033	0.81	0.74	0.775	0.5643	rarefied_asv
13	2	LightGBM	False	0.8805	0.8894	0.8	0.82	0.81	0.6216	rarefied_taxa
13	2	Random_Forest	False	0.8569	0.8715	0.7364	0.7727	0.7545	0.5105	nonrarefied_asv
13	2	Random_Forest	False	0.859	0.8662	0.7715	0.7364	0.754	0.5157	nonrarefied_taxa
13	2	Random_Forest	False	0.929	0.9301	0.85	0.83	0.84	0.6853	rarefied_asv
13	3	AdaBoost	False	0.8998	0.9001	0.84	0.82	0.83	0.6652	rarefied_taxa
13	3	Blended	True	0.8929	0.9072	0.8051	0.8273	0.8162	0.6371	nonrarefied_asv
13	3	Blended	False	0.8978	0.9059	0.8126	0.7727	0.7927	0.5948	nonrarefied_taxa
13	3	Blended	False	0.8675	0.8878	0.77	0.81	0.79	0.5846	rarefied_asv
13	3	Blended	True	0.915	0.9092	0.84	0.83	0.835	0.6777	rarefied_taxa
13	3	Extra_Trees	False	0.8665	0.8885	0.7249	0.8182	0.7715	0.5561	nonrarefied_asv
13	3	Extra_Trees	False	0.8495	0.864	0.74	0.79	0.765	0.5402	rarefied_asv
13	3	Gradient_Boosting	False	0.8807	0.9025	0.787	0.7818	0.7844	0.5735	nonrarefied_asv
13	3	Gradient_Boosting	False	0.867	0.8829	0.8138	0.7636	0.7887	0.581	nonrarefied_taxa
13	3	Gradient_Boosting	False	0.8572	0.8808	0.76	0.78	0.77	0.5423	rarefied_asv
13	3	LightGBM	True	0.8813	0.8919	0.7957	0.8091	0.8024	0.6149	nonrarefied_taxa
13	3	LightGBM	False	0.8955	0.9054	0.78	0.83	0.805	0.6227	rarefied_taxa
13	3	Random_Forest	False	0.8608	0.8837	0.7522	0.7727	0.7625	0.5305	nonrarefied_asv
13	3	Random_Forest	True	0.8615	0.8856	0.77	0.81	0.79	0.5842	rarefied_asv
13	3	XGBoost	False	0.8942	0.9109	0.9553	0.6091	0.7822	0.6046	nonrarefied_taxa
13	3	XGBoost	False	0.9065	0.9112	0.83	0.78	0.805	0.6176	rarefied_taxa
13	4	AdaBoost	False	0.9167	0.9223	0.8585	0.8273	0.8429	0.693	nonrarefied_taxa
13	4	AdaBoost	True	0.93	0.9325	0.84	0.87	0.855	0.7163	rarefied_taxa
13	4	Blended	True	0.9442	0.9471	0.8502	0.7909	0.8206	0.6497	nonrarefied_asv
13	4	Blended	True	0.927	0.9273	0.8672	0.8545	0.8609	0.7314	nonrarefied_taxa
13	4	Blended	True	0.931	0.9425	0.85	0.89	0.87	0.751	rarefied_asv
13	4	Blended	False	0.9235	0.9255	0.81	0.82	0.815	0.638	rarefied_taxa
13	4	Extra_Trees	False	0.8893	0.9017	0.7368	0.8091	0.7729	0.5679	nonrarefied_asv
13	4	Extra_Trees	False	0.907	0.9173	0.78	0.9	0.84	0.6889	rarefied_asv
13	4	Gradient_Boosting	False	0.904	0.914	0.81	0.84	0.825	0.6562	rarefied_taxa
13	4	LightGBM	False	0.9164	0.9143	0.8581	0.8364	0.8472	0.7029	nonrarefied_taxa
13	4	Random_Forest	False	0.9291	0.9361	0.8154	0.7909	0.8032	0.6183	nonrarefied_asv
13	4	Random_Forest	False	0.9088	0.9131	0.8593	0.7909	0.8251	0.6655	nonrarefied_taxa
13	4	Random_Forest	False	0.9235	0.9393	0.83	0.89	0.86	0.7276	rarefied_asv
13	4	Random_Forest	False	0.91	0.9156	0.82	0.81	0.815	0.6355	rarefied_taxa
13	4	XGBoost	False	0.8983	0.9018	0.9826	0.3818	0.6822	0.456	nonrarefied_asv
13	4	XGBoost	False	0.9125	0.9228	0.97	0.37	0.67	0.4257	rarefied_asv
13	5	AdaBoost	False	0.8607	0.863	0.8312	0.7455	0.7883	0.5821	nonrarefied_taxa
13	5	Blended	True	0.9111	0.916	0.83	0.8364	0.8332	0.674	nonrarefied_asv
13	5	Blended	True	0.8714	0.884	0.8391	0.7909	0.815	0.6396	nonrarefied_taxa
13	5	Blended	False	0.9305	0.9399	0.81	0.88	0.845	0.7001	rarefied_asv
13	5	Blended	False	0.907	0.916	0.79	0.84	0.815	0.6356	rarefied_taxa
13	5	Extra_Trees	False	0.9168	0.9299	0.78	0.91	0.845	0.699	rarefied_asv
13	5	Gradient_Boosting	False	0.9045	0.9105	0.8126	0.8455	0.8291	0.667	nonrarefied_asv
13	5	Gradient_Boosting	False	0.8682	0.8749	0.8213	0.7909	0.8061	0.6162	nonrarefied_taxa
13	5	Gradient_Boosting	False	0.927	0.9372	0.82	0.88	0.85	0.7061	rarefied_asv
13	5	LightGBM	False	0.8723	0.8799	0.8028	0.7636	0.7832	0.5846	nonrarefied_asv
13	5	LightGBM	False	0.886	0.8897	0.77	0.84	0.805	0.6213	rarefied_taxa
13	5	Logistic_Regression	True	0.906	0.9194	0.85	0.84	0.845	0.6991	rarefied_taxa
13	5	Random_Forest	True	0.9365	0.9443	0.8	0.9	0.85	0.7116	rarefied_asv
13	5	XGBoost	False	0.8895	0.893	0.9111	0.6545	0.7828	0.596	nonrarefied_asv
13	5	XGBoost	False	0.8821	0.8757	0.8921	0.6727	0.7824	0.5897	nonrarefied_taxa
13	5	XGBoost	False	0.8815	0.8846	0.86	0.73	0.795	0.5994	rarefied_taxa
13	6	Blended	True	0.8832	0.9048	0.8237	0.8	0.8119	0.6253	nonrarefied_asv
13	6	Blended	True	0.8973	0.899	0.8332	0.7909	0.8121	0.6308	nonrarefied_taxa
13	6	Blended	True	0.9245	0.9256	0.82	0.88	0.85	0.7057	rarefied_asv
13	6	Blended	True	0.9065	0.9111	0.85	0.81	0.83	0.6659	rarefied_taxa
13	6	Extra_Trees	False	0.8622	0.8839	0.8221	0.7	0.7611	0.5344	nonrarefied_asv
13	6	Extra_Trees	False	0.8685	0.884	0.8	0.74	0.77	0.5435	rarefied_taxa
13	6	Gradient_Boosting	False	0.9165	0.9236	0.78	0.89	0.835	0.6766	rarefied_asv
13	6	LightGBM	False	0.8355	0.8544	0.7174	0.7455	0.7314	0.4716	nonrarefied_asv
13	6	LightGBM	False	0.8515	0.8736	0.6917	0.7636	0.7277	0.4629	nonrarefied_taxa
13	6	LightGBM	False	0.8278	0.8321	0.75	0.71	0.73	0.4658	rarefied_taxa
13	6	Logistic_Regression	False	0.8824	0.8947	0.7964	0.7636	0.78	0.5676	nonrarefied_taxa
13	6	Random_Forest	False	0.915	0.9273	0.8	0.87	0.835	0.6744	rarefied_asv
13	6	Random_Forest	False	0.8935	0.9033	0.81	0.81	0.81	0.6255	rarefied_taxa
13	6	XGBoost	False	0.8773	0.8908	0.8933	0.6364	0.7648	0.5495	nonrarefied_asv
13	6	XGBoost	False	0.886	0.89	0.8688	0.6818	0.7753	0.5668	nonrarefied_taxa
13	6	XGBoost	False	0.9015	0.9019	0.94	0.73	0.835	0.6917	rarefied_asv
13	7	AdaBoost	False	0.7289	0.6925	0.6273	0.8182	0.7227	0.4593	nonrarefied_taxa
13	7	Blended	False	0.8762	0.8973	0.8225	0.7455	0.784	0.572	nonrarefied_asv
13	7	Blended	False	0.8875	0.8804	0.8047	0.8091	0.8069	0.6191	nonrarefied_taxa
13	7	Blended	False	0.918	0.9375	0.82	0.83	0.825	0.6636	rarefied_asv
13	7	Blended	False	0.9295	0.9292	0.82	0.85	0.835	0.6808	rarefied_taxa
13	7	Extra_Trees	False	0.8656	0.8818	0.7059	0.8364	0.7711	0.5512	nonrarefied_asv
13	7	Extra_Trees	False	0.9125	0.9209	0.79	0.88	0.835	0.683	rarefied_asv
13	7	Extra_Trees	False	0.8915	0.8924	0.82	0.81	0.815	0.6436	rarefied_taxa
13	7	LightGBM	False	0.853	0.875	0.7696	0.6909	0.7302	0.4642	nonrarefied_asv
13	7	LightGBM	False	0.903	0.9196	0.82	0.78	0.8	0.6167	rarefied_asv
13	7	Logistic_Regression	False	0.8861	0.8936	0.7783	0.8091	0.7937	0.5923	nonrarefied_taxa
13	7	Logistic_Regression	True	0.912	0.9176	0.84	0.84	0.84	0.6849	rarefied_taxa
13	7	Random_Forest	True	0.8794	0.8971	0.8051	0.7727	0.7889	0.5811	nonrarefied_asv
13	7	Random_Forest	True	0.8578	0.8649	0.8233	0.7909	0.8071	0.6189	nonrarefied_taxa
13	7	Random_Forest	True	0.906	0.9299	0.84	0.88	0.86	0.7366	rarefied_asv
13	7	Random_Forest	False	0.9015	0.9046	0.85	0.81	0.83	0.6714	rarefied_taxa
13	8	AdaBoost	False	0.8545	0.8582	0.7964	0.7545	0.7755	0.5613	nonrarefied_taxa
13	8	Blended	True	0.8829	0.892	0.8142	0.8091	0.8117	0.6301	nonrarefied_asv
13	8	Blended	True	0.891	0.8955	0.8059	0.8273	0.8166	0.6385	nonrarefied_taxa
13	8	Blended	False	0.8945	0.9214	0.81	0.84	0.825	0.653	rarefied_asv
13	8	Blended	False	0.883	0.8778	0.79	0.83	0.81	0.6228	rarefied_taxa
13	8	Extra_Trees	True	0.879	0.9045	0.79	0.86	0.825	0.6601	rarefied_asv
13	8	Extra_Trees	False	0.875	0.8787	0.77	0.81	0.79	0.5862	rarefied_taxa
13	8	Gradient_Boosting	False	0.882	0.9035	0.8	0.84	0.82	0.6438	rarefied_asv
13	8	Gradient_Boosting	True	0.8895	0.8989	0.81	0.83	0.82	0.6458	rarefied_taxa
13	8	LDA	False	0.8729	0.8752	0.8055	0.7818	0.7937	0.5909	nonrarefied_taxa
13	8	LightGBM	False	0.8198	0.8179	0.7091	0.8091	0.7591	0.5221	nonrarefied_asv
13	8	Logistic_Regression	False	0.8804	0.886	0.7708	0.8273	0.799	0.6058	nonrarefied_taxa
13	8	Random_Forest	False	0.8708	0.8874	0.8055	0.7909	0.7982	0.6022	nonrarefied_asv
13	8	Random_Forest	False	0.8785	0.9034	0.77	0.84	0.805	0.6131	rarefied_asv
13	8	XGBoost	False	0.8399	0.8542	0.9206	0.4636	0.6921	0.4373	nonrarefied_asv
13	8	XGBoost	False	0.79	0.8037	0.82	0.61	0.715	0.4478	rarefied_taxa
13	9	Blended	True	0.8911	0.8958	0.8162	0.7909	0.8036	0.618	nonrarefied_asv
13	9	Blended	True	0.8775	0.8774	0.8055	0.8182	0.8119	0.6327	nonrarefied_taxa
13	9	Blended	True	0.908	0.9228	0.83	0.87	0.85	0.7111	rarefied_asv
13	9	Blended	False	0.909	0.9209	0.83	0.87	0.85	0.7014	rarefied_taxa
13	9	Extra_Trees	False	0.8394	0.8465	0.7964	0.7364	0.7664	0.5378	nonrarefied_asv
13	9	Extra_Trees	False	0.8552	0.8565	0.8419	0.7364	0.7891	0.5919	nonrarefied_taxa
13	9	Extra_Trees	False	0.9075	0.9141	0.8	0.86	0.83	0.6664	rarefied_asv
13	9	Gradient_Boosting	False	0.8353	0.8355	0.7609	0.7818	0.7713	0.5462	nonrarefied_taxa
13	9	Gradient_Boosting	False	0.863	0.8954	0.75	0.84	0.795	0.6037	rarefied_asv
13	9	Gradient_Boosting	False	0.8885	0.8944	0.78	0.85	0.815	0.6345	rarefied_taxa
13	9	LightGBM	False	0.8924	0.892	0.8059	0.8	0.803	0.6194	nonrarefied_taxa
13	9	LightGBM	False	0.892	0.909	0.83	0.86	0.845	0.701	rarefied_asv
13	9	LightGBM	False	0.889	0.9061	0.79	0.83	0.81	0.6246	rarefied_taxa
13	9	Logistic_Regression	True	0.8935	0.9034	0.81	0.9	0.855	0.7132	rarefied_taxa
13	9	Random_Forest	False	0.8765	0.8884	0.7988	0.7455	0.7721	0.5567	nonrarefied_asv
13	9	XGBoost	False	0.8267	0.8488	0.9123	0.5	0.7061	0.4599	nonrarefied_asv
13	10	AdaBoost	False	0.8842	0.8809	0.7613	0.8091	0.7852	0.5788	nonrarefied_taxa
13	10	AdaBoost	False	0.9075	0.917	0.82	0.78	0.8	0.6047	rarefied_taxa
13	10	Blended	True	0.9034	0.9035	0.8229	0.8091	0.816	0.6353	nonrarefied_asv
13	10	Blended	True	0.907	0.9065	0.8411	0.7909	0.816	0.6392	nonrarefied_taxa
13	10	Blended	True	0.917	0.9346	0.86	0.84	0.85	0.7091	rarefied_asv
13	10	Blended	True	0.892	0.9028	0.8	0.81	0.805	0.6176	rarefied_taxa
13	10	Extra_Trees	False	0.896	0.9171	0.8	0.81	0.805	0.615	rarefied_asv
13	10	Extra_Trees	False	0.876	0.8885	0.82	0.77	0.795	0.5962	rarefied_taxa
13	10	Gradient_Boosting	False	0.8882	0.9069	0.7794	0.8273	0.8034	0.6126	nonrarefied_asv
13	10	Gradient_Boosting	False	0.8635	0.893	0.77	0.81	0.79	0.585	rarefied_asv
13	10	LightGBM	False	0.8847	0.8835	0.7534	0.8	0.7767	0.5571	nonrarefied_asv
13	10	LightGBM	False	0.8888	0.8931	0.8055	0.7545	0.78	0.5737	nonrarefied_taxa
13	10	Logistic_Regression	False	0.8895	0.898	0.796	0.7727	0.7844	0.5727	nonrarefied_taxa
13	10	Random_Forest	False	0.898	0.9159	0.82	0.82	0.82	0.6479	rarefied_asv
13	10	XGBoost	False	0.9103	0.9035	0.9466	0.6455	0.796	0.6228	nonrarefied_asv
13	10	XGBoost	False	0.895	0.9116	0.95	0.61	0.78	0.5984	rarefied_taxa
15	1	Blended	True	0.9063	0.9426	0.8278	0.9429	0.8853	0.7806	nonrarefied_asv
15	1	Blended	True	0.8918	0.9183	0.7806	0.8571	0.8188	0.6388	nonrarefied_taxa
15	1	Blended	False	0.9157	0.9466	0.7786	0.9	0.8393	0.6827	rarefied_asv
15	1	Blended	False	0.8949	0.9269	0.7821	0.8714	0.8268	0.6614	rarefied_taxa
15	1	Extra_Trees	False	0.8812	0.9239	0.8306	0.8571	0.8438	0.6901	nonrarefied_asv
15	1	Extra_Trees	False	0.8377	0.8908	0.7333	0.8476	0.7905	0.5833	nonrarefied_taxa
15	1	Extra_Trees	False	0.9215	0.951	0.6964	0.9333	0.8149	0.6481	rarefied_asv
15	1	Extra_Trees	False	0.833	0.8833	0.8393	0.7143	0.7768	0.5706	rarefied_taxa
15	1	Logistic_Regression	False	0.8529	0.8965	0.8278	0.8571	0.8425	0.6839	nonrarefied_asv
15	1	Logistic_Regression	False	0.8417	0.8821	0.8306	0.7333	0.7819	0.5682	nonrarefied_taxa
15	1	Naive_Bayes	False	0.8585	0.8469	0.7778	0.8857	0.8317	0.6802	nonrarefied_asv
15	1	Naive_Bayes	False	0.8454	0.8319	0.7556	0.8524	0.804	0.617	nonrarefied_taxa
15	1	Naive_Bayes	True	0.8735	0.8709	0.7786	0.9	0.8393	0.6827	rarefied_asv
15	1	Naive_Bayes	True	0.8507	0.8236	0.7857	0.8714	0.8286	0.6672	rarefied_taxa
15	1	Random_Forest	False	0.8889	0.9294	0.75	0.8429	0.7964	0.5952	rarefied_asv
15	1	XGBoost	False	0.7861	0.8588	0.9179	0.3952	0.6565	0.3359	rarefied_taxa
15	2	Blended	True	0.9317	0.9564	0.8778	0.9143	0.896	0.7889	nonrarefied_asv
15	2	Blended	False	0.8884	0.9198	0.8028	0.8238	0.8133	0.6284	nonrarefied_taxa
15	2	Blended	True	0.9637	0.9779	0.8357	0.9381	0.8869	0.7779	rarefied_asv
15	2	Blended	True	0.9222	0.9517	0.8357	0.8714	0.8536	0.7124	rarefied_taxa
15	2	Extra_Trees	False	0.9168	0.9466	0.8028	0.8476	0.8252	0.6787	nonrarefied_asv
15	2	Extra_Trees	False	0.8669	0.9131	0.7528	0.7619	0.7573	0.5234	nonrarefied_taxa
15	2	Extra_Trees	False	0.8714	0.9146	0.75	0.8048	0.7774	0.5665	rarefied_asv
15	2	Extra_Trees	False	0.8266	0.8779	0.8071	0.8048	0.806	0.6176	rarefied_taxa
15	2	LightGBM	False	0.5	0.5374	1.0	0.0	0.5	0.0	rarefied_taxa
15	2	Naive_Bayes	False	0.9085	0.8972	0.8056	0.9143	0.8599	0.7237	nonrarefied_asv
15	2	Naive_Bayes	True	0.8358	0.8255	0.7806	0.8524	0.8165	0.6325	nonrarefied_taxa
15	2	Naive_Bayes	False	0.9316	0.9173	0.8321	0.9381	0.8851	0.7791	rarefied_asv
15	2	Naive_Bayes	False	0.8796	0.8583	0.7786	0.8714	0.825	0.6535	rarefied_taxa
15	2	Random_Forest	False	0.8454	0.9	0.7306	0.7619	0.7462	0.5055	nonrarefied_taxa
15	2	XGBoost	False	0.9206	0.94	1.0	0.1571	0.5786	0.2063	nonrarefied_asv
15	2	XGBoost	False	0.9006	0.9397	1.0	0.1	0.55	0.1871	rarefied_asv
15	3	Blended	True	0.8313	0.8941	0.7306	0.881	0.8058	0.6239	nonrarefied_asv
15	3	Blended	False	0.8569	0.8941	0.7806	0.7381	0.7593	0.5234	nonrarefied_taxa
15	3	Blended	True	0.9548	0.9708	0.8643	0.9	0.8821	0.769	rarefied_asv
15	3	Blended	False	0.8661	0.9192	0.7821	0.781	0.7815	0.5745	rarefied_taxa
15	3	Extra_Trees	False	0.8833	0.9261	0.7167	0.8286	0.7726	0.5739	nonrarefied_asv
15	3	Extra_Trees	False	0.8315	0.8902	0.7306	0.8	0.7653	0.5402	nonrarefied_taxa
15	3	Extra_Trees	False	0.8638	0.9096	0.7286	0.8143	0.7714	0.5672	rarefied_taxa
15	3	LightGBM	False	0.5	0.5374	1.0	0.0	0.5	0.0	rarefied_taxa
15	3	Logistic_Regression	True	0.8245	0.8428	0.8028	0.7952	0.799	0.6051	nonrarefied_taxa
15	3	Naive_Bayes	False	0.9185	0.8983	0.8036	0.9	0.8518	0.7098	rarefied_asv
15	3	Random_Forest	False	0.8636	0.9075	0.7056	0.8571	0.7813	0.5784	nonrarefied_asv
15	3	Random_Forest	False	0.9036	0.9366	0.7536	0.8667	0.8101	0.6331	rarefied_asv
15	3	Random_Forest	True	0.866	0.9154	0.7571	0.8095	0.7833	0.5869	rarefied_taxa
15	3	XGBoost	False	0.7841	0.8387	0.775	0.6714	0.7232	0.4783	nonrarefied_asv
15	3	XGBoost	False	0.7702	0.8358	0.7583	0.7095	0.7339	0.4814	nonrarefied_taxa
15	3	XGBoost	False	0.871	0.9214	0.8107	0.6476	0.7292	0.4838	rarefied_asv
15	4	Blended	False	0.9135	0.9426	0.7806	0.8857	0.8331	0.6777	nonrarefied_asv
15	4	Blended	True	0.8952	0.9292	0.8056	0.9095	0.8575	0.7156	nonrarefied_taxa
15	4	Blended	False	0.9565	0.9708	0.8571	0.9048	0.881	0.7619	rarefied_asv
15	4	Blended	False	0.8968	0.9281	0.8643	0.7667	0.8155	0.6474	rarefied_taxa
15	4	Extra_Trees	True	0.9026	0.9375	0.8778	0.819	0.8484	0.7279	nonrarefied_asv
15	4	Extra_Trees	False	0.9139	0.9394	0.6714	0.9667	0.819	0.665	rarefied_asv
15	4	Extra_Trees	False	0.8141	0.8685	0.7786	0.7381	0.7583	0.5181	rarefied_taxa
15	4	LightGBM	True	0.8825	0.9186	0.8357	0.8667	0.8512	0.7109	rarefied_taxa
15	4	Logistic_Regression	False	0.8954	0.9221	0.9028	0.7333	0.8181	0.6594	nonrarefied_asv
15	4	Logistic_Regression	False	0.7549	0.8358	0.7833	0.7667	0.775	0.565	nonrarefied_taxa
15	4	Naive_Bayes	False	0.846	0.8336	0.7806	0.8571	0.8188	0.6436	nonrarefied_asv
15	4	Naive_Bayes	False	0.8722	0.8711	0.8028	0.9095	0.8562	0.7251	nonrarefied_taxa
15	4	Naive_Bayes	True	0.898	0.8842	0.8571	0.9048	0.881	0.7619	rarefied_asv
15	4	Random_Forest	False	0.7807	0.8235	0.7806	0.7381	0.7593	0.5384	nonrarefied_taxa
15	4	Random_Forest	False	0.919	0.9499	0.8643	0.8667	0.8655	0.7499	rarefied_asv
15	4	XGBoost	False	0.8567	0.8888	1.0	0.0	0.5	0.0	rarefied_taxa
15	5	Blended	False	0.8956	0.9286	0.8778	0.8571	0.8675	0.745	nonrarefied_asv
15	5	Blended	True	0.882	0.8734	0.875	0.7952	0.8351	0.6801	nonrarefied_taxa
15	5	Blended	True	0.8787	0.9251	0.775	0.9048	0.8399	0.68	rarefied_asv
15	5	Blended	True	0.8381	0.9003	0.6929	0.9333	0.8131	0.6341	rarefied_taxa
15	5	Extra_Trees	False	0.8599	0.9038	0.8528	0.8	0.8264	0.6672	nonrarefied_asv
15	5	Extra_Trees	False	0.815	0.8884	0.7714	0.8381	0.8048	0.61	rarefied_taxa
15	5	Gradient_Boosting	True	0.8563	0.899	0.9028	0.8571	0.88	0.7682	nonrarefied_asv
15	5	Gradient_Boosting	False	0.8418	0.8858	0.8306	0.6762	0.7534	0.5197	nonrarefied_taxa
15	5	Logistic_Regression	False	0.7959	0.8256	0.7778	0.7095	0.7437	0.4897	nonrarefied_taxa
15	5	Logistic_Regression	False	0.8377	0.903	0.7179	0.8714	0.7946	0.5968	rarefied_asv
15	5	Logistic_Regression	False	0.7696	0.8344	0.6929	0.8667	0.7798	0.5804	rarefied_taxa
15	5	Naive_Bayes	False	0.8631	0.8388	0.825	0.7905	0.8077	0.6299	nonrarefied_taxa
15	5	Naive_Bayes	False	0.8695	0.8646	0.7464	0.9048	0.8256	0.6549	rarefied_asv
15	5	Naive_Bayes	False	0.8065	0.8027	0.6643	0.9048	0.7845	0.5843	rarefied_taxa
15	5	Random_Forest	False	0.8992	0.9351	0.8278	0.8571	0.8425	0.6849	nonrarefied_asv
15	5	Random_Forest	False	0.8571	0.9113	0.7714	0.8667	0.819	0.6604	rarefied_asv
15	6	AdaBoost	False	0.8987	0.9291	0.9083	0.7714	0.8399	0.7122	nonrarefied_asv
15	6	AdaBoost	True	0.8775	0.9033	0.8778	0.7952	0.8365	0.6867	nonrarefied_taxa
15	6	AdaBoost	False	0.8833	0.8865	0.6607	0.9667	0.8137	0.6571	rarefied_asv
15	6	Blended	True	0.9385	0.9578	0.8806	0.8524	0.8665	0.7481	nonrarefied_asv
15	6	Blended	False	0.8808	0.9226	0.7833	0.8238	0.8036	0.6065	nonrarefied_taxa
15	6	Blended	False	0.918	0.942	0.8036	0.9381	0.8708	0.7487	rarefied_asv
15	6	Blended	True	0.9452	0.9688	0.8643	0.9667	0.9155	0.8298	rarefied_taxa
15	6	Extra_Trees	False	0.8388	0.8993	0.6806	0.9095	0.795	0.6011	nonrarefied_asv
15	6	Extra_Trees	False	0.8157	0.8872	0.7083	0.7905	0.7494	0.4986	nonrarefied_taxa
15	6	Extra_Trees	False	0.8647	0.9151	0.8357	0.719	0.7774	0.5761	rarefied_asv
15	6	Extra_Trees	False	0.8741	0.9203	0.7786	0.7762	0.7774	0.5677	rarefied_taxa
15	6	Logistic_Regression	False	0.8963	0.9205	0.775	0.8381	0.8065	0.6208	rarefied_taxa
15	6	Naive_Bayes	True	0.9211	0.9064	0.8036	0.9381	0.8708	0.7487	rarefied_asv
15	6	Naive_Bayes	False	0.9292	0.903	0.8929	0.9048	0.8988	0.7982	rarefied_taxa
15	6	Random_Forest	False	0.8918	0.9325	0.7611	0.8524	0.8067	0.6135	nonrarefied_asv
15	6	Random_Forest	False	0.8229	0.8934	0.7583	0.7571	0.7577	0.5194	nonrarefied_taxa
15	7	Blended	False	0.9392	0.9585	0.7778	0.9143	0.846	0.7048	nonrarefied_asv
15	7	Blended	False	0.9107	0.9296	0.8778	0.7714	0.8246	0.6684	nonrarefied_taxa
15	7	Blended	True	0.9438	0.9624	0.8643	0.8333	0.8488	0.7165	rarefied_asv
15	7	Blended	False	0.8903	0.9204	0.8643	0.7714	0.8179	0.6461	rarefied_taxa
15	7	Extra_Trees	False	0.8639	0.8983	0.6806	0.9143	0.7974	0.6172	nonrarefied_asv
15	7	Extra_Trees	False	0.8532	0.8987	0.7083	0.8857	0.797	0.6	nonrarefied_taxa
15	7	Logistic_Regression	True	0.9317	0.9514	0.9278	0.8238	0.8758	0.7621	nonrarefied_asv
15	7	Logistic_Regression	False	0.9075	0.9442	0.8607	0.781	0.8208	0.6489	rarefied_asv
15	7	Logistic_Regression	False	0.7793	0.8114	0.8071	0.7381	0.7726	0.551	rarefied_taxa
15	7	Naive_Bayes	False	0.9192	0.9252	0.7528	0.9714	0.8621	0.7411	nonrarefied_asv
15	7	Naive_Bayes	True	0.8518	0.8315	0.9	0.7714	0.8357	0.6939	nonrarefied_taxa
15	7	Naive_Bayes	False	0.8771	0.8571	0.8643	0.8	0.8321	0.6832	rarefied_asv
15	7	Naive_Bayes	True	0.8271	0.8153	0.7786	0.8714	0.825	0.6659	rarefied_taxa
15	7	Random_Forest	False	0.8422	0.8835	0.7361	0.7714	0.7538	0.521	nonrarefied_taxa
15	7	Random_Forest	False	0.9568	0.9716	0.8321	0.8333	0.8327	0.6943	rarefied_asv
15	7	XGBoost	False	0.8827	0.9084	0.9464	0.4524	0.6994	0.4746	rarefied_taxa
15	8	AdaBoost	False	0.8241	0.8847	0.8607	0.7095	0.7851	0.5992	rarefied_taxa
15	8	Blended	False	0.9	0.9345	0.875	0.7952	0.8351	0.6821	nonrarefied_asv
15	8	Blended	True	0.9209	0.9496	0.8028	0.9095	0.8562	0.7196	nonrarefied_taxa
15	8	Blended	False	0.9816	0.9879	0.8571	0.9714	0.9143	0.8374	rarefied_asv
15	8	Blended	False	0.8832	0.9139	0.8286	0.7476	0.7881	0.6097	rarefied_taxa
15	8	Extra_Trees	False	0.8714	0.9095	0.8528	0.8286	0.8407	0.6924	nonrarefied_asv
15	8	Extra_Trees	False	0.7409	0.8443	0.6778	0.719	0.6984	0.4276	nonrarefied_taxa
15	8	Extra_Trees	False	0.9149	0.9379	0.8607	0.8048	0.8327	0.6741	rarefied_asv
15	8	Gradient_Boosting	True	0.9	0.9316	0.875	0.8238	0.8494	0.7075	nonrarefied_asv
15	8	Gradient_Boosting	False	0.7956	0.8731	0.6778	0.7333	0.7056	0.4352	nonrarefied_taxa
15	8	Gradient_Boosting	False	0.95	0.9684	0.9179	0.7762	0.847	0.7115	rarefied_asv
15	8	Logistic_Regression	True	0.8446	0.8933	0.8286	0.7476	0.7881	0.5926	rarefied_taxa
15	8	Naive_Bayes	False	0.823	0.8318	0.7333	0.9095	0.8214	0.6578	nonrarefied_taxa
15	8	Naive_Bayes	True	0.9429	0.9486	0.8571	0.9714	0.9143	0.8374	rarefied_asv
15	8	Random_Forest	False	0.8679	0.9191	0.825	0.7905	0.8077	0.6348	nonrarefied_asv
15	8	Random_Forest	False	0.8728	0.9176	0.7464	0.7714	0.7589	0.5439	rarefied_taxa
15	9	Blended	False	0.9173	0.9464	0.7583	0.9143	0.8363	0.6781	nonrarefied_asv
15	9	Blended	False	0.9316	0.9562	0.8083	0.7381	0.7732	0.5933	nonrarefied_taxa
15	9	Blended	False	0.9193	0.9483	0.7536	0.9333	0.8435	0.6963	rarefied_asv
15	9	Blended	False	0.8508	0.8988	0.725	0.8048	0.7649	0.5298	rarefied_taxa
15	9	Extra_Trees	True	0.8993	0.9384	0.7583	0.9429	0.8506	0.7057	nonrarefied_asv
15	9	Extra_Trees	False	0.8567	0.9176	0.7821	0.8714	0.8268	0.6618	rarefied_asv
15	9	Logistic_Regression	False	0.8962	0.9242	0.8806	0.8	0.8403	0.6977	nonrarefied_asv
15	9	Logistic_Regression	True	0.9246	0.9352	0.8778	0.7381	0.8079	0.6513	nonrarefied_taxa
15	9	Logistic_Regression	False	0.8459	0.8869	0.725	0.7714	0.7482	0.4978	rarefied_taxa
15	9	Naive_Bayes	False	0.8938	0.876	0.7583	0.881	0.8196	0.643	nonrarefied_asv
15	9	Naive_Bayes	False	0.8821	0.8882	0.7536	0.9333	0.8435	0.6963	rarefied_asv
15	9	Naive_Bayes	True	0.8265	0.822	0.7536	0.8381	0.7958	0.6004	rarefied_taxa
15	9	Random_Forest	False	0.8706	0.898	0.7111	0.8524	0.7817	0.5787	nonrarefied_taxa
15	9	Random_Forest	True	0.8526	0.9173	0.725	0.9714	0.8482	0.7111	rarefied_asv
15	9	Random_Forest	False	0.8105	0.8697	0.6964	0.7714	0.7339	0.4708	rarefied_taxa
15	9	XGBoost	False	0.7783	0.8679	0.8139	0.5048	0.6593	0.3595	nonrarefied_taxa
15	10	Blended	True	0.9606	0.9767	0.9028	0.9095	0.9062	0.8172	nonrarefied_asv
15	10	Blended	True	0.875	0.9132	0.825	0.881	0.853	0.716	nonrarefied_taxa
15	10	Blended	False	0.9632	0.9777	0.8607	0.8667	0.8637	0.7554	rarefied_asv
15	10	Blended	False	0.9366	0.9587	0.8036	0.8	0.8018	0.6408	rarefied_taxa
15	10	Extra_Trees	False	0.9356	0.955	0.85	0.7952	0.8226	0.6613	nonrarefied_asv
15	10	Extra_Trees	False	0.8923	0.9126	0.7278	0.7952	0.7615	0.5357	nonrarefied_taxa
15	10	Extra_Trees	False	0.9508	0.971	0.8857	0.8048	0.8452	0.7262	rarefied_asv
15	10	Extra_Trees	False	0.9244	0.9425	0.8036	0.8381	0.8208	0.6571	rarefied_taxa
15	10	Logistic_Regression	False	0.8136	0.8769	0.8	0.8238	0.8119	0.6333	nonrarefied_taxa
15	10	Logistic_Regression	True	0.8714	0.9122	0.8036	0.8667	0.8351	0.6861	rarefied_taxa
15	10	Naive_Bayes	False	0.9261	0.9172	0.8806	0.9095	0.895	0.7928	nonrarefied_asv
15	10	Naive_Bayes	False	0.8625	0.8579	0.775	0.8857	0.8304	0.6633	nonrarefied_taxa
15	10	Naive_Bayes	True	0.8956	0.8994	0.8036	0.9333	0.8685	0.7677	rarefied_asv
15	10	Random_Forest	False	0.8386	0.8871	0.7806	0.7952	0.7879	0.5797	nonrarefied_asv
15	10	Random_Forest	False	0.9319	0.9549	0.8857	0.8333	0.8595	0.7462	rarefied_asv
15	10	Random_Forest	False	0.9034	0.9319	0.8	0.8333	0.8167	0.6608	rarefied_taxa
16	1	AdaBoost	False	0.944	0.9605	0.92	0.92	0.92	0.8498	nonrarefied_taxa
16	1	AdaBoost	False	0.9133	0.9602	0.88	0.8167	0.8483	0.7325	rarefied_taxa
16	1	Blended	False	0.992	0.9933	0.88	0.96	0.92	0.8433	nonrarefied_asv
16	1	Blended	False	0.97	0.9608	0.96	0.92	0.94	0.8865	nonrarefied_taxa
16	1	Blended	False	0.9733	0.9853	0.88	0.8833	0.8817	0.784	rarefied_asv
16	1	Blended	True	0.9333	0.9686	0.88	0.8833	0.8817	0.784	rarefied_taxa
16	1	Extra_Trees	False	0.96	0.9787	0.84	0.8833	0.8617	0.7534	rarefied_taxa
16	1	Gradient_Boosting	False	0.9483	0.9628	0.92	0.8167	0.8683	0.7725	rarefied_taxa
16	1	K_Neighbors	False	0.91	0.9167	0.8	0.96	0.88	0.7698	nonrarefied_taxa
16	1	Logistic_Regression	True	0.97	0.9608	1.0	0.92	0.96	0.9265	nonrarefied_taxa
16	1	Naive_Bayes	True	0.98	0.9667	1.0	0.96	0.98	0.9633	nonrarefied_asv
16	1	Naive_Bayes	False	0.9367	0.9267	0.92	0.8333	0.8767	0.7637	rarefied_asv
16	1	Random_Forest	False	0.942	0.9527	0.88	0.96	0.92	0.8433	nonrarefied_asv
16	1	Random_Forest	True	0.92	0.9606	0.88	0.8833	0.8817	0.784	rarefied_asv
16	1	XGBoost	False	0.928	0.9483	0.96	0.27	0.615	0.3441	nonrarefied_asv
16	1	XGBoost	False	0.6333	0.6952	1.0	0.0	0.5	0.0	rarefied_asv
16	2	Blended	False	0.95	0.9659	0.84	0.95	0.895	0.817	nonrarefied_asv
16	2	Blended	False	0.934	0.9621	0.84	0.96	0.9	0.8	nonrarefied_taxa
16	2	Blended	True	1.0	1.0	0.88	0.9	0.89	0.788	rarefied_asv
16	2	Blended	False	0.9175	0.9472	0.88	0.9	0.89	0.788	rarefied_taxa
16	2	Extra_Trees	False	0.94	0.9592	0.68	0.96	0.82	0.673	nonrarefied_asv
16	2	Extra_Trees	True	0.936	0.9621	0.8	1.0	0.9	0.8098	nonrarefied_taxa
16	2	Extra_Trees	False	0.9067	0.9391	0.88	0.8167	0.8483	0.6997	rarefied_taxa
16	2	Gradient_Boosting	False	0.954	0.9703	0.8	0.96	0.88	0.7681	nonrarefied_taxa
16	2	Logistic_Regression	False	0.868	0.93	0.76	0.86	0.81	0.6389	nonrarefied_asv
16	2	Logistic_Regression	False	0.8933	0.9337	0.8	0.95	0.875	0.7716	rarefied_asv
16	2	Naive_Bayes	True	0.9	0.9056	0.92	0.9	0.91	0.8281	nonrarefied_asv
16	2	Naive_Bayes	False	0.905	0.885	0.92	0.85	0.885	0.7834	rarefied_asv
16	2	Naive_Bayes	True	0.895	0.9233	0.88	0.9	0.89	0.788	rarefied_taxa
16	2	Random_Forest	False	0.924	0.9522	0.8	1.0	0.9	0.8109	nonrarefied_taxa
16	2	Random_Forest	False	0.92	0.9439	0.88	0.85	0.865	0.7392	rarefied_asv
16	2	XGBoost	False	0.8417	0.9052	1.0	0.0	0.5	0.0	rarefied_taxa
16	3	AdaBoost	False	0.915	0.9189	0.83	1.0	0.915	0.8381	nonrarefied_taxa
16	3	AdaBoost	False	0.9533	0.9739	0.88	0.95	0.915	0.8249	rarefied_taxa
16	3	Blended	False	0.98	0.9853	1.0	0.91	0.955	0.9214	nonrarefied_asv
16	3	Blended	False	0.92	0.9533	0.83	1.0	0.915	0.8381	nonrarefied_taxa
16	3	Blended	False	0.98	0.9886	0.88	0.95	0.915	0.8248	rarefied_asv
16	3	Blended	True	0.9533	0.9739	0.96	0.95	0.955	0.913	rarefied_taxa
16	3	Extra_Trees	False	0.96	0.9771	0.79	0.96	0.875	0.7679	nonrarefied_asv
16	3	Extra_Trees	True	0.9367	0.9703	0.88	1.0	0.94	0.88	rarefied_asv
16	3	Extra_Trees	False	0.9267	0.9625	0.84	0.8833	0.8617	0.7166	rarefied_taxa
16	3	Gradient_Boosting	False	0.92	0.9533	0.87	1.0	0.935	0.8781	nonrarefied_taxa
16	3	Logistic_Regression	False	0.98	0.9886	0.92	0.95	0.935	0.8698	rarefied_asv
16	3	Naive_Bayes	True	0.955	0.9333	1.0	0.91	0.955	0.9214	nonrarefied_asv
16	3	Random_Forest	False	0.89	0.936	0.79	1.0	0.895	0.8046	nonrarefied_asv
16	3	Random_Forest	True	0.93	0.9569	0.87	1.0	0.935	0.8781	nonrarefied_taxa
16	3	Random_Forest	False	0.9267	0.9669	0.84	1.0	0.92	0.8349	rarefied_asv
16	3	XGBoost	False	0.93	0.9592	0.92	0.75	0.835	0.6813	rarefied_taxa
16	4	Blended	False	0.954	0.9639	0.9	0.96	0.93	0.8828	nonrarefied_asv
16	4	Blended	False	0.992	0.9933	0.96	0.96	0.96	0.9233	nonrarefied_taxa
16	4	Blended	True	0.98	0.9771	0.88	0.95	0.915	0.8363	rarefied_asv
16	4	Blended	False	0.9367	0.9705	0.92	0.7667	0.8433	0.6978	rarefied_taxa
16	4	Decision_Tree	False	0.9217	0.9111	0.88	0.8833	0.8817	0.7854	rarefied_asv
16	4	Extra_Trees	False	0.992	0.9933	0.91	0.96	0.935	0.8814	nonrarefied_taxa
16	4	Extra_Trees	False	0.92	0.9672	0.88	0.85	0.865	0.7382	rarefied_taxa
16	4	Gradient_Boosting	False	0.9075	0.9572	0.88	0.85	0.865	0.7382	rarefied_asv
16	4	Logistic_Regression	False	0.974	0.9753	0.82	0.96	0.89	0.7995	nonrarefied_asv
16	4	Logistic_Regression	False	0.96	0.9358	0.96	0.92	0.94	0.8833	nonrarefied_taxa
16	4	Naive_Bayes	True	0.93	0.9264	0.9	0.96	0.93	0.8828	nonrarefied_asv
16	4	Naive_Bayes	False	0.93	0.9279	0.88	0.9	0.89	0.7843	rarefied_asv
16	4	Naive_Bayes	False	0.8633	0.8583	0.92	0.7667	0.8433	0.6978	rarefied_taxa
16	4	Random_Forest	False	0.942	0.9558	0.82	0.96	0.89	0.7995	nonrarefied_asv
16	4	Random_Forest	True	0.982	0.9867	0.96	0.96	0.96	0.9233	nonrarefied_taxa
16	4	Random_Forest	True	0.9467	0.9756	0.88	0.85	0.865	0.7382	rarefied_taxa
16	5	Blended	True	1.0	1.0	0.88	1.0	0.94	0.8909	nonrarefied_asv
16	5	Blended	True	0.99	0.9933	0.96	0.95	0.955	0.91	nonrarefied_taxa
16	5	Blended	False	0.94	0.9672	0.88	0.8333	0.8567	0.7115	rarefied_asv
16	5	Blended	False	0.96	0.9752	0.91	0.8333	0.8717	0.7784	rarefied_taxa
16	5	Extra_Trees	False	0.966	0.9687	0.71	1.0	0.855	0.7448	nonrarefied_asv
16	5	Extra_Trees	False	0.92	0.9558	0.88	0.8333	0.8567	0.7133	rarefied_taxa
16	5	Gradient_Boosting	False	0.8417	0.9154	0.83	0.7167	0.7733	0.5498	rarefied_asv
16	5	K_Neighbors	False	0.956	0.9476	0.92	0.91	0.915	0.8333	nonrarefied_taxa
16	5	Logistic_Regression	False	0.98	0.9886	0.84	0.9	0.87	0.7693	nonrarefied_asv
16	5	Logistic_Regression	False	0.98	0.9853	0.96	0.91	0.935	0.8733	nonrarefied_taxa
16	5	Naive_Bayes	True	0.9367	0.9362	0.88	0.9	0.89	0.7843	rarefied_asv
16	5	Naive_Bayes	True	0.9175	0.9179	0.91	0.9	0.905	0.8294	rarefied_taxa
16	5	Random_Forest	False	0.984	0.9853	0.75	1.0	0.875	0.7848	nonrarefied_asv
16	5	Random_Forest	False	0.964	0.9687	0.83	0.95	0.89	0.8162	nonrarefied_taxa
16	5	Random_Forest	False	0.9333	0.9638	0.88	0.7667	0.8233	0.6624	rarefied_taxa
16	5	XGBoost	False	0.8733	0.9349	0.88	0.65	0.765	0.5599	rarefied_asv
16	6	AdaBoost	False	0.96	0.9739	0.84	0.9	0.87	0.7546	nonrarefied_taxa
16	6	Blended	False	0.952	0.9672	0.88	0.87	0.875	0.7533	nonrarefied_asv
16	6	Blended	False	0.95	0.9703	0.8	0.95	0.875	0.777	nonrarefied_taxa
16	6	Blended	False	0.9342	0.9652	0.92	0.8833	0.9017	0.824	rarefied_asv
16	6	Blended	True	0.935	0.9625	0.92	0.95	0.935	0.8749	rarefied_taxa
16	6	Decision_Tree	True	0.9217	0.9186	0.88	0.95	0.915	0.8298	rarefied_asv
16	6	Decision_Tree	False	0.915	0.915	0.88	0.95	0.915	0.8298	rarefied_taxa
16	6	Extra_Trees	False	0.902	0.9342	0.72	0.91	0.815	0.6456	nonrarefied_taxa
16	6	Extra_Trees	False	0.9075	0.9579	0.83	0.9	0.865	0.7494	rarefied_asv
16	6	Gradient_Boosting	False	0.9208	0.9617	0.87	0.8667	0.8683	0.7416	rarefied_asv
16	6	Gradient_Boosting	False	0.975	0.9833	0.87	0.95	0.91	0.82	rarefied_taxa
16	6	Naive_Bayes	True	0.91	0.8797	0.92	0.87	0.895	0.7933	nonrarefied_asv
16	6	Random_Forest	False	0.882	0.9259	0.68	0.96	0.82	0.6686	nonrarefied_asv
16	6	Random_Forest	True	0.894	0.9411	0.84	0.95	0.895	0.8079	nonrarefied_taxa
16	6	XGBoost	False	0.824	0.9015	0.84	0.45	0.645	0.3168	nonrarefied_asv
16	6	XGBoost	False	0.9208	0.9617	0.92	0.5667	0.7433	0.5728	rarefied_taxa
16	7	Blended	False	0.992	0.9933	1.0	0.79	0.895	0.817	nonrarefied_asv
16	7	Blended	False	1.0	1.0	0.96	0.87	0.915	0.8446	nonrarefied_taxa
16	7	Blended	False	0.99	0.9933	0.86	0.8167	0.8383	0.7266	rarefied_asv
16	7	Blended	True	0.9475	0.9606	0.83	0.9	0.865	0.7198	rarefied_taxa
16	7	Decision_Tree	False	0.8525	0.8525	0.95	0.7167	0.8333	0.7171	rarefied_taxa
16	7	Extra_Trees	False	0.95	0.965	0.72	0.96	0.84	0.7156	nonrarefied_asv
16	7	Extra_Trees	False	1.0	1.0	0.88	0.92	0.9	0.8174	nonrarefied_taxa
16	7	Extra_Trees	False	0.9058	0.9445	0.83	0.8833	0.8567	0.7132	rarefied_taxa
16	7	Logistic_Regression	True	0.99	0.99	1.0	0.87	0.935	0.8846	nonrarefied_taxa
16	7	Logistic_Regression	False	0.8267	0.8914	0.83	0.8333	0.8317	0.674	rarefied_taxa
16	7	Naive_Bayes	True	0.895	0.8476	1.0	0.79	0.895	0.817	nonrarefied_asv
16	7	Naive_Bayes	False	0.9083	0.9156	0.86	0.8667	0.8633	0.7736	rarefied_asv
16	7	Random_Forest	False	0.96	0.98	0.76	0.92	0.84	0.713	nonrarefied_asv
16	7	Random_Forest	False	1.0	1.0	0.88	0.92	0.9	0.8163	nonrarefied_taxa
16	7	Random_Forest	True	0.97	0.9806	0.87	0.95	0.91	0.8198	rarefied_asv
16	7	XGBoost	False	0.9308	0.9539	0.87	0.8167	0.8433	0.718	rarefied_asv
16	8	Blended	False	0.99	0.9933	0.88	0.95	0.915	0.8365	nonrarefied_asv
16	8	Blended	False	1.0	1.0	0.92	0.82	0.87	0.7693	nonrarefied_taxa
16	8	Blended	True	0.9333	0.9553	0.96	0.9333	0.9467	0.904	rarefied_asv
16	8	Blended	False	0.9225	0.9572	0.91	0.8833	0.8967	0.817	rarefied_taxa
16	8	Decision_Tree	False	0.9267	0.9367	0.92	0.9333	0.9267	0.8691	rarefied_asv
16	8	Extra_Trees	False	0.972	0.9819	0.76	1.0	0.88	0.7763	nonrarefied_asv
16	8	Extra_Trees	False	0.98	0.9853	0.88	0.91	0.895	0.8046	nonrarefied_taxa
16	8	Gradient_Boosting	False	0.92	0.9473	1.0	0.8667	0.9333	0.8981	rarefied_asv
16	8	Gradient_Boosting	True	0.8825	0.9259	0.95	0.8667	0.9083	0.8531	rarefied_taxa
16	8	Logistic_Regression	False	0.94	0.9689	0.84	0.95	0.895	0.8079	nonrarefied_asv
16	8	Logistic_Regression	True	0.94	0.9212	0.96	0.87	0.915	0.8479	nonrarefied_taxa
16	8	Naive_Bayes	True	0.93	0.9258	0.88	0.95	0.915	0.8365	nonrarefied_asv
16	8	Naive_Bayes	False	0.89	0.8933	0.91	0.8833	0.8967	0.817	rarefied_taxa
16	8	Random_Forest	False	0.98	0.9853	0.92	0.91	0.915	0.8381	nonrarefied_taxa
16	8	Random_Forest	False	0.9092	0.9492	0.91	0.8667	0.8883	0.7973	rarefied_taxa
16	8	XGBoost	False	0.8933	0.9422	0.96	0.7	0.83	0.7146	rarefied_asv
16	9	AdaBoost	False	0.88	0.9109	0.84	0.95	0.895	0.8009	nonrarefied_asv
16	9	Blended	True	0.934	0.9306	0.96	0.86	0.91	0.8362	nonrarefied_asv
16	9	Blended	True	0.964	0.9739	0.92	0.95	0.935	0.8814	nonrarefied_taxa
16	9	Blended	True	0.97	0.9753	0.92	0.8833	0.9017	0.814	rarefied_asv
16	9	Blended	True	0.95	0.9752	0.96	0.8333	0.8967	0.817	rarefied_taxa
16	9	Extra_Trees	False	0.948	0.9676	0.84	0.95	0.895	0.7933	nonrarefied_taxa
16	9	Extra_Trees	False	0.9633	0.98	0.88	0.8833	0.8817	0.7791	rarefied_taxa
16	9	Gradient_Boosting	False	0.8767	0.9089	0.88	0.7833	0.8317	0.6844	rarefied_asv
16	9	Logistic_Regression	False	0.916	0.9176	0.87	0.86	0.865	0.7543	nonrarefied_asv
16	9	Logistic_Regression	False	0.9	0.9456	0.92	0.91	0.915	0.8414	nonrarefied_taxa
16	9	Logistic_Regression	False	0.9433	0.962	0.96	0.8167	0.8883	0.8106	rarefied_asv
16	9	Logistic_Regression	False	0.9567	0.9687	0.92	0.8333	0.8767	0.7613	rarefied_taxa
16	9	Random_Forest	False	0.972	0.9787	0.88	0.95	0.915	0.8333	nonrarefied_taxa
16	9	Random_Forest	False	0.94	0.9705	0.88	0.8833	0.8817	0.7689	rarefied_taxa
16	9	XGBoost	False	0.964	0.9707	1.0	0.81	0.905	0.8376	nonrarefied_asv
16	9	XGBoost	False	0.8967	0.9191	0.92	0.5833	0.7517	0.5458	rarefied_asv
16	10	Blended	True	0.934	0.9584	0.88	0.95	0.915	0.8409	nonrarefied_asv
16	10	Blended	False	0.942	0.955	0.84	0.88	0.86	0.7346	nonrarefied_taxa
16	10	Blended	True	0.9608	0.9753	0.92	0.8333	0.8767	0.7613	rarefied_asv
16	10	Blended	False	0.9667	0.9819	0.92	0.85	0.885	0.7804	rarefied_taxa
16	10	Decision_Tree	False	0.895	0.8944	0.84	0.95	0.895	0.8009	nonrarefied_asv
16	10	Extra_Trees	False	0.904	0.9296	0.76	1.0	0.88	0.7865	nonrarefied_asv
16	10	Extra_Trees	False	0.924	0.9475	0.8	0.96	0.88	0.7636	nonrarefied_taxa
16	10	Extra_Trees	True	0.9167	0.957	0.84	0.9333	0.8867	0.7632	rarefied_taxa
16	10	K_Neighbors	False	0.9733	0.9853	1.0	0.6	0.8	0.6806	rarefied_asv
16	10	Logistic_Regression	False	0.842	0.8648	0.84	0.84	0.84	0.693	nonrarefied_taxa
16	10	Logistic_Regression	False	0.8042	0.8751	0.88	0.7	0.79	0.5745	rarefied_asv
16	10	Logistic_Regression	False	0.9567	0.9739	0.92	0.85	0.885	0.7804	rarefied_taxa
16	10	Random_Forest	False	0.906	0.937	0.76	1.0	0.88	0.7865	nonrarefied_asv
16	10	Random_Forest	True	0.924	0.9475	0.8	0.96	0.88	0.7636	nonrarefied_taxa
16	10	Random_Forest	False	0.9242	0.9572	0.8	0.95	0.875	0.7448	rarefied_asv
16	10	Random_Forest	False	0.9567	0.9739	0.92	0.8333	0.8767	0.7583	rarefied_taxa
17	1	Blended	False	0.6488	0.2193	0.7418	0.4988	0.6203	0.1537	nonrarefied_asv
17	1	Blended	False	0.715	0.2582	0.3364	0.8685	0.6024	0.1745	nonrarefied_taxa
17	1	Blended	False	0.5846	0.1688	0.4139	0.6582	0.5361	0.0492	rarefied_asv
17	1	Blended	True	0.5655	0.1678	0.7167	0.4101	0.5634	0.0769	rarefied_taxa
17	1	Decision_Tree	False	0.5643	0.1452	0.275	0.8076	0.5413	0.0608	rarefied_asv
17	1	Extra_Trees	True	0.6137	0.2362	0.4436	0.7642	0.6039	0.1508	nonrarefied_taxa
17	1	Extra_Trees	False	0.5465	0.1584	0.4917	0.5924	0.542	0.0549	rarefied_taxa
17	1	Gradient_Boosting	False	0.6921	0.2633	0.3327	0.857	0.5948	0.1603	nonrarefied_taxa
17	1	Gradient_Boosting	False	0.5498	0.2058	0.2944	0.8177	0.5561	0.085	rarefied_taxa
17	1	LDA	True	0.6501	0.2165	0.6782	0.5978	0.638	0.1768	nonrarefied_asv
17	1	LightGBM	False	0.5445	0.127	0.3222	0.7342	0.5282	0.044	rarefied_asv
17	1	Logistic_Regression	False	0.6571	0.2154	0.6418	0.6163	0.629	0.166	nonrarefied_asv
17	1	Naive_Bayes	False	0.6333	0.1828	0.7418	0.4942	0.618	0.1506	nonrarefied_asv
17	1	Naive_Bayes	True	0.5739	0.1415	0.7472	0.3519	0.5496	0.0637	rarefied_asv
17	1	Naive_Bayes	False	0.5762	0.1594	0.7167	0.4076	0.5621	0.0752	rarefied_taxa
17	1	Random_Forest	False	0.6552	0.2703	0.3491	0.7922	0.5706	0.1111	nonrarefied_taxa
17	2	Blended	False	0.6255	0.1997	0.7618	0.4411	0.6015	0.1293	nonrarefied_asv
17	2	Blended	True	0.6065	0.2291	0.3327	0.8661	0.5994	0.1718	nonrarefied_taxa
17	2	Blended	False	0.6573	0.2649	0.6528	0.5139	0.5834	0.1003	rarefied_asv
17	2	Blended	True	0.6617	0.2769	0.3833	0.8658	0.6246	0.1946	rarefied_taxa
17	2	Decision_Tree	False	0.6098	0.1591	0.3889	0.8127	0.6008	0.1459	rarefied_taxa
17	2	K_Neighbors	False	0.6095	0.1786	0.3694	0.7747	0.5721	0.103	rarefied_asv
17	2	LDA	False	0.6239	0.1944	0.7236	0.4966	0.6101	0.1391	nonrarefied_asv
17	2	LDA	False	0.6174	0.2365	0.4667	0.6911	0.5789	0.1049	rarefied_asv
17	2	LDA	False	0.6076	0.2078	0.6444	0.5747	0.6096	0.1327	rarefied_taxa
17	2	LightGBM	False	0.5939	0.225	0.3327	0.7968	0.5648	0.1002	nonrarefied_taxa
17	2	Logistic_Regression	True	0.6351	0.2049	0.6873	0.5358	0.6116	0.1406	nonrarefied_asv
17	2	Naive_Bayes	False	0.6001	0.1796	0.7618	0.4319	0.5969	0.1237	nonrarefied_asv
17	2	Naive_Bayes	True	0.6068	0.1838	0.8389	0.3646	0.6017	0.1258	rarefied_asv
17	2	Random_Forest	False	0.5647	0.2318	0.3509	0.799	0.5749	0.1149	nonrarefied_taxa
17	2	XGBoost	False	0.5653	0.2165	0.8545	0.2058	0.5302	0.0498	nonrarefied_taxa
17	2	XGBoost	False	0.6919	0.2729	0.9306	0.2481	0.5893	0.1257	rarefied_taxa
17	3	AdaBoost	True	0.6655	0.3183	0.4722	0.843	0.6576	0.2659	rarefied_asv
17	3	AdaBoost	False	0.6393	0.2674	0.4417	0.7316	0.5867	0.1212	rarefied_taxa
17	3	Blended	True	0.6599	0.229	0.8345	0.4826	0.6586	0.2007	nonrarefied_asv
17	3	Blended	True	0.6526	0.2084	0.8127	0.4527	0.6327	0.1726	nonrarefied_taxa
17	3	Blended	False	0.6705	0.3309	0.4778	0.8177	0.6477	0.215	rarefied_asv
17	3	Blended	True	0.7537	0.3861	0.5611	0.8405	0.7008	0.2995	rarefied_taxa
17	3	Decision_Tree	False	0.6246	0.2005	0.6273	0.5844	0.6058	0.1382	nonrarefied_taxa
17	3	Extra_Trees	False	0.6711	0.2495	0.6583	0.5975	0.6279	0.1528	rarefied_taxa
17	3	LDA	False	0.6507	0.2218	0.78	0.5057	0.6429	0.1791	nonrarefied_asv
17	3	LDA	False	0.6642	0.3362	0.4778	0.8051	0.6414	0.1975	rarefied_asv
17	3	Logistic_Regression	False	0.6694	0.2432	0.7455	0.5403	0.6429	0.1786	nonrarefied_asv
17	3	Logistic_Regression	False	0.6161	0.1755	0.6673	0.5405	0.6039	0.1303	nonrarefied_taxa
17	3	Logistic_Regression	False	0.6512	0.3145	0.4778	0.8152	0.6465	0.2059	rarefied_asv
17	3	Naive_Bayes	False	0.6531	0.2156	0.8345	0.4803	0.6574	0.1993	nonrarefied_asv
17	3	Naive_Bayes	False	0.6442	0.1952	0.8491	0.4089	0.629	0.1692	nonrarefied_taxa
17	3	XGBoost	False	0.7384	0.2822	0.5861	0.7873	0.6867	0.2591	rarefied_taxa
17	4	AdaBoost	False	0.5237	0.118	0.4639	0.6481	0.556	0.0735	rarefied_taxa
17	4	Blended	False	0.7266	0.3275	0.5345	0.7761	0.6553	0.2336	nonrarefied_asv
17	4	Blended	False	0.6836	0.3056	0.5545	0.6973	0.6259	0.169	nonrarefied_taxa
17	4	Blended	False	0.6619	0.244	0.3028	0.8785	0.5906	0.1689	rarefied_asv
17	4	Blended	False	0.5673	0.227	0.3528	0.8177	0.5852	0.1258	rarefied_taxa
17	4	Extra_Trees	False	0.6256	0.2505	0.4611	0.6835	0.5723	0.1003	rarefied_asv
17	4	Gradient_Boosting	True	0.5723	0.1894	0.3528	0.8481	0.6004	0.1695	rarefied_taxa
17	4	K_Neighbors	False	0.6064	0.2218	0.5164	0.7111	0.6138	0.1566	nonrarefied_taxa
17	4	LDA	False	0.6947	0.2855	0.7764	0.552	0.6642	0.2094	nonrarefied_asv
17	4	LDA	True	0.6461	0.2596	0.7927	0.4944	0.6436	0.1822	nonrarefied_taxa
17	4	LightGBM	False	0.7098	0.308	0.4255	0.864	0.6448	0.2543	nonrarefied_asv
17	4	LightGBM	True	0.6537	0.2452	0.3278	0.8734	0.6006	0.1814	rarefied_asv
17	4	Logistic_Regression	True	0.7091	0.2701	0.7582	0.5867	0.6724	0.2198	nonrarefied_asv
17	4	Logistic_Regression	False	0.6575	0.224	0.6836	0.5888	0.6362	0.1733	nonrarefied_taxa
17	4	Logistic_Regression	False	0.5808	0.225	0.3278	0.7823	0.555	0.0773	rarefied_taxa
17	4	XGBoost	False	0.6417	0.2705	1.0	0.1443	0.5722	0.1274	rarefied_asv
17	5	Blended	False	0.6836	0.2135	0.8109	0.5125	0.6617	0.2053	nonrarefied_asv
17	5	Blended	False	0.6528	0.3096	0.4255	0.7595	0.5925	0.137	nonrarefied_taxa
17	5	Blended	False	0.6917	0.232	0.8556	0.443	0.6493	0.1821	rarefied_asv
17	5	Blended	True	0.6539	0.2019	0.675	0.6051	0.64	0.1687	rarefied_taxa
17	5	Decision_Tree	False	0.568	0.1277	0.8145	0.3137	0.5641	0.0947	nonrarefied_taxa
17	5	K_Neighbors	False	0.6045	0.1527	0.4389	0.7367	0.5878	0.1144	rarefied_taxa
17	5	LDA	True	0.6824	0.2123	0.7909	0.5426	0.6667	0.2125	nonrarefied_asv
17	5	LDA	False	0.6757	0.2191	0.7639	0.557	0.6604	0.1937	rarefied_asv
17	5	Logistic_Regression	False	0.6931	0.2215	0.7364	0.5726	0.6545	0.197	nonrarefied_asv
17	5	Logistic_Regression	True	0.7089	0.2593	0.7889	0.5823	0.6856	0.2233	rarefied_asv
17	5	Naive_Bayes	False	0.66	0.1929	0.8109	0.5032	0.6571	0.1996	nonrarefied_asv
17	5	Naive_Bayes	True	0.6018	0.1589	0.8491	0.3741	0.6116	0.1516	nonrarefied_taxa
17	5	Naive_Bayes	False	0.6745	0.2364	0.8778	0.4354	0.6566	0.1916	rarefied_asv
17	5	Naive_Bayes	False	0.6425	0.2009	0.7917	0.3823	0.587	0.1114	rarefied_taxa
17	5	XGBoost	False	0.622	0.246	0.4818	0.7249	0.6034	0.1474	nonrarefied_taxa
17	5	XGBoost	False	0.6509	0.27	0.5611	0.6506	0.6059	0.1298	rarefied_taxa
17	6	AdaBoost	False	0.5825	0.1927	0.35	0.7899	0.5699	0.0955	rarefied_taxa
17	6	Blended	False	0.6242	0.2194	0.7782	0.4412	0.6097	0.1415	nonrarefied_asv
17	6	Blended	True	0.6524	0.3041	0.3291	0.896	0.6126	0.2098	nonrarefied_taxa
17	6	Blended	False	0.6362	0.2179	0.4389	0.7342	0.5865	0.1197	rarefied_asv
17	6	Blended	True	0.7346	0.3161	0.4889	0.8861	0.6875	0.3122	rarefied_taxa
17	6	Extra_Trees	False	0.5936	0.2037	0.4418	0.672	0.5569	0.0784	nonrarefied_taxa
17	6	Extra_Trees	False	0.5	0.0981	0.0	1.0	0.5	0.0	rarefied_asv
17	6	Gradient_Boosting	False	0.7286	0.3029	0.3694	0.8911	0.6303	0.2278	rarefied_taxa
17	6	LDA	True	0.638	0.2473	0.74	0.5267	0.6333	0.1684	nonrarefied_asv
17	6	LightGBM	False	0.6353	0.2522	0.3855	0.8291	0.6073	0.1695	nonrarefied_taxa
17	6	Logistic_Regression	False	0.6334	0.2333	0.6127	0.5705	0.5916	0.1173	nonrarefied_asv
17	6	Naive_Bayes	False	0.6038	0.211	0.7782	0.4297	0.6039	0.1349	nonrarefied_asv
17	6	QDA	True	0.6048	0.2053	0.8139	0.4101	0.612	0.1367	rarefied_asv
17	6	Random_Forest	False	0.5956	0.2146	0.3327	0.843	0.5878	0.1444	nonrarefied_taxa
17	6	Random_Forest	False	0.6522	0.1941	0.2556	0.8481	0.5518	0.0883	rarefied_asv
17	6	XGBoost	False	0.7203	0.2722	0.6444	0.7013	0.6729	0.2174	rarefied_taxa
17	7	AdaBoost	False	0.5873	0.1586	0.7982	0.3058	0.552	0.109	nonrarefied_asv
17	7	AdaBoost	False	0.5542	0.1421	0.5028	0.5367	0.5197	0.0391	rarefied_taxa
17	7	Blended	False	0.7086	0.3002	0.6473	0.6741	0.6607	0.2137	nonrarefied_asv
17	7	Blended	True	0.6499	0.2382	0.5964	0.6328	0.6146	0.1549	nonrarefied_taxa
17	7	Blended	False	0.6025	0.2467	0.6556	0.4582	0.5569	0.0764	rarefied_asv
17	7	Blended	True	0.6609	0.2334	0.4833	0.8	0.6417	0.2038	rarefied_taxa
17	7	Extra_Trees	False	0.6338	0.2393	0.6722	0.6076	0.6399	0.1701	rarefied_taxa
17	7	Gradient_Boosting	False	0.6907	0.3181	0.54	0.7547	0.6474	0.2422	nonrarefied_asv
17	7	Gradient_Boosting	False	0.673	0.2384	0.3709	0.8222	0.5966	0.1543	nonrarefied_taxa
17	7	LDA	False	0.6263	0.2302	0.6873	0.5035	0.5954	0.1209	nonrarefied_taxa
17	7	LDA	True	0.593	0.2159	0.5694	0.6278	0.5986	0.129	rarefied_asv
17	7	Logistic_Regression	False	0.6314	0.238	0.6509	0.5472	0.5991	0.1264	nonrarefied_taxa
17	7	Logistic_Regression	False	0.5988	0.243	0.5667	0.6177	0.5922	0.117	rarefied_asv
17	7	Naive_Bayes	False	0.5927	0.2155	0.5556	0.5544	0.555	0.0861	rarefied_asv
17	7	XGBoost	True	0.7149	0.3393	0.6655	0.6741	0.6698	0.2255	nonrarefied_asv
17	7	XGBoost	False	0.6617	0.2361	0.4833	0.7975	0.6404	0.2003	rarefied_taxa
17	8	AdaBoost	False	0.5829	0.1611	0.3611	0.7291	0.5451	0.0531	rarefied_asv
17	8	Blended	True	0.622	0.2138	0.7436	0.4854	0.6145	0.1444	nonrarefied_asv
17	8	Blended	False	0.6769	0.2815	0.4091	0.8224	0.6157	0.1821	nonrarefied_taxa
17	8	Blended	False	0.5973	0.2072	0.2861	0.8203	0.5532	0.0855	rarefied_asv
17	8	Blended	False	0.5567	0.1364	0.7222	0.4253	0.5738	0.0903	rarefied_taxa
17	8	Decision_Tree	False	0.6235	0.1657	0.5255	0.6261	0.5758	0.0933	nonrarefied_taxa
17	8	K_Neighbors	True	0.5836	0.212	0.4222	0.7595	0.5909	0.1241	rarefied_asv
17	8	LDA	False	0.6115	0.1905	0.7055	0.5016	0.6035	0.1305	nonrarefied_asv
17	8	LDA	True	0.631	0.2144	0.7455	0.5524	0.6489	0.1882	nonrarefied_taxa
17	8	LDA	False	0.5498	0.1317	0.5861	0.5544	0.5703	0.0828	rarefied_taxa
17	8	LightGBM	False	0.5944	0.2	0.2833	0.8228	0.5531	0.087	rarefied_asv
17	8	Logistic_Regression	False	0.6374	0.2148	0.6691	0.5202	0.5946	0.1199	nonrarefied_asv
17	8	Logistic_Regression	False	0.6247	0.1963	0.6909	0.5615	0.6262	0.1581	nonrarefied_taxa
17	8	Logistic_Regression	True	0.5559	0.1429	0.5833	0.5722	0.5777	0.0925	rarefied_taxa
17	8	Naive_Bayes	False	0.578	0.1702	0.7255	0.4878	0.6066	0.1346	nonrarefied_asv
17	8	Naive_Bayes	False	0.5794	0.151	0.7444	0.3924	0.5684	0.0852	rarefied_taxa
17	9	Blended	True	0.6562	0.2272	0.5018	0.7599	0.6308	0.1865	nonrarefied_asv
17	9	Blended	True	0.645	0.2352	0.6673	0.6073	0.6373	0.1747	nonrarefied_taxa
17	9	Blended	False	0.6686	0.2817	0.3361	0.8481	0.5921	0.1391	rarefied_asv
17	9	Blended	True	0.7159	0.3644	0.3861	0.9038	0.645	0.2317	rarefied_taxa
17	9	Decision_Tree	False	0.5794	0.1652	0.3364	0.7921	0.5642	0.096	nonrarefied_taxa
17	9	Gradient_Boosting	True	0.6664	0.2762	0.3333	0.8886	0.611	0.1888	rarefied_asv
17	9	K_Neighbors	False	0.6168	0.1754	0.4655	0.7251	0.5953	0.1329	nonrarefied_asv
17	9	K_Neighbors	False	0.649	0.2871	0.4222	0.7722	0.5972	0.1374	rarefied_asv
17	9	K_Neighbors	False	0.6388	0.1873	0.4556	0.7595	0.6075	0.139	rarefied_taxa
17	9	LightGBM	False	0.6332	0.2323	0.4455	0.8107	0.6281	0.2021	nonrarefied_asv
17	9	LightGBM	False	0.703	0.3181	0.3583	0.8962	0.6273	0.215	rarefied_taxa
17	9	Logistic_Regression	False	0.629	0.2175	0.6673	0.5196	0.5934	0.1175	nonrarefied_asv
17	9	Naive_Bayes	False	0.5864	0.1569	0.8164	0.3213	0.5688	0.0966	nonrarefied_taxa
17	9	Random_Forest	False	0.6929	0.3305	0.2861	0.8937	0.5899	0.144	rarefied_asv
17	9	Random_Forest	False	0.6908	0.3079	0.3778	0.8886	0.6332	0.2205	rarefied_taxa
17	9	XGBoost	False	0.6013	0.1976	0.7055	0.5194	0.6124	0.1425	nonrarefied_taxa
17	10	Blended	False	0.6542	0.2345	0.7782	0.4987	0.6384	0.1753	nonrarefied_asv
17	10	Blended	False	0.6247	0.2649	0.3527	0.8684	0.6106	0.1887	nonrarefied_taxa
17	10	Blended	False	0.717	0.2953	0.775	0.5013	0.6381	0.1637	rarefied_asv
17	10	Blended	True	0.6668	0.2633	0.4194	0.8405	0.63	0.1904	rarefied_taxa
17	10	Decision_Tree	False	0.5872	0.1853	0.3345	0.7921	0.5633	0.0953	nonrarefied_taxa
17	10	Gradient_Boosting	True	0.6446	0.2588	0.3745	0.8615	0.618	0.1926	nonrarefied_taxa
17	10	Gradient_Boosting	False	0.7293	0.2459	0.375	0.8456	0.6103	0.1799	rarefied_asv
17	10	LDA	True	0.6645	0.2541	0.7964	0.5241	0.6602	0.2018	nonrarefied_asv
17	10	LightGBM	False	0.5637	0.2134	0.3083	0.8025	0.5554	0.0894	rarefied_taxa
17	10	Logistic_Regression	False	0.7122	0.2935	0.5361	0.7114	0.6238	0.1549	rarefied_asv
17	10	Naive_Bayes	False	0.6177	0.2327	0.6327	0.5561	0.5944	0.1214	nonrarefied_asv
17	10	Naive_Bayes	True	0.6724	0.2697	0.9333	0.4152	0.6743	0.2128	rarefied_asv
17	10	QDA	False	0.6546	0.2661	0.6327	0.5422	0.5875	0.1158	nonrarefied_asv
17	10	Random_Forest	False	0.6166	0.2236	0.3145	0.8383	0.5764	0.1354	nonrarefied_taxa
17	10	Random_Forest	False	0.5949	0.1805	0.3111	0.8456	0.5783	0.118	rarefied_taxa
17	10	XGBoost	False	0.6511	0.2149	0.4917	0.7494	0.6205	0.1599	rarefied_taxa
