Group,Study,Rank,Feature,SHAP
Non-rarefied ASV,11,1,p_Bacteroidota_c_Bacteroidia_o_Bacteroidales_f_Porphyromonadaceae_g_Porphyromonas_A_859424,324583756927.5749
Non-rarefied ASV,9,2,p_Firmicutes_c_Clostridia_o_Clostridiales_f_Ruminococcaceae_g_Faecalibacterium_s_prausnitzii,55917264935.347984
Non-rarefied ASV,1,3,p_Firmicutes_D_c_Bacilli_o_Erysipelotrichales_f_Coprobacillaceae_g_Catenibacterium,0.4916890329784816
Non-rarefied ASV,16,4,p_Bacteroidetes_c_Bacteroidia_o_Bacteroidales_f_Prevotellaceae_g_Prevotella_s_copri,0.4857896521687507
Non-rarefied ASV,16,5,p_Bacteroidetes_c_Bacteroidia_o_Bacteroidales_f_Prevotellaceae_g_Prevotella,0.4713137850165367
Non-rarefied ASV,10,6,p_Bacteroidetes_c_Bacteroidia_o_Bacteroidales_f_Rikenellaceae_g_Alistipes_s_onderdonkii,0.4587482452392578
Non-rarefied ASV,16,7,p_Firmicutes_c_Clostridia_o_Clostridiales_f_Veillonellaceae_g_Dialister,0.4359958961606026
Non-rarefied ASV,16,8,p_Proteobacteria_c_Deltaproteobacteria_o_Desulfovibrionales_f_Desulfovibrionaceae_g_Desulfovibrio,0.4343808121979237
Non-rarefied ASV,1,9,p_Firmicutes_A_c_Clostridia_258483_o_Oscillospirales_f_Oscillospiraceae_88309_g_Dysosmobacter_s_Dysosmobacter_welbionis,0.4338873300287458
Non-rarefied ASV,10,10,p_Firmicutes_c_Clostridia_o_Clostridiales_f_Lachnospiraceae_g_Anaerostipes,0.4329841785132885
Non-rarefied ASV,1,11,d__Bacteria,0.4313058151139152
Non-rarefied ASV,10,12,p_Bacteroidetes_c_Bacteroidia_o_Bacteroidales_f_Bacteroidaceae_g_Bacteroides_s_caccae,0.4293618768453598
Non-rarefied ASV,16,13,p_Bacteroidetes_c_Bacteroidia_o_Bacteroidales_f_[Paraprevotellaceae],0.4276419572532177
Non-rarefied ASV,1,14,p_Firmicutes_A_c_Clostridia_258483_o_Lachnospirales_f_Lachnospiraceae_g_Agathobacter_164117_s_Agathobacter_rectalis,0.4254357205496893
Non-rarefied ASV,16,15,p_Proteobacteria_c_Betaproteobacteria_o_Burkholderiales_f_Alcaligenaceae_g_Sutterella,0.4214938066899776
Non-rarefied ASV,16,16,p_Firmicutes_c_Erysipelotrichi_o_Erysipelotrichales_f_Erysipelotrichaceae_g_Bulleidia_s_p-1630-c5,0.4104383580386638
Non-rarefied ASV,16,17,p_Bacteroidetes_c_Bacteroidia_o_Bacteroidales_f_Prevotellaceae_g_Prevotella_s_stercorea,0.4086158990859985
Non-rarefied ASV,1,18,p_Firmicutes_A_c_Clostridia_258483_o_Oscillospirales_f_Ruminococcaceae_g_Faecalibacterium_s_Faecalibacterium_prausnitzii_C_71358,0.4056227717134687
Non-rarefied ASV,16,19,p_Firmicutes_c_Erysipelotrichi_o_Erysipelotrichales_f_Erysipelotrichaceae_g_[Eubacterium]_s_biforme,0.4036749146878719
Non-rarefied ASV,10,20,p_Firmicutes_c_Clostridia_o_Clostridiales_f_Ruminococcaceae,0.3951376162469387
Non-rarefied ASV,1,21,p_Firmicutes_A_c_Clostridia_258483_o_Lachnospirales_f_Lachnospiraceae_g_Enterocloster_s_Enterocloster_bolteae,0.3915340847439236
Non-rarefied ASV,10,22,p_Actinobacteria_c_Coriobacteriia_o_Coriobacteriales_f_Coriobacteriaceae_g_Collinsella_s_aerofaciens,0.3902706399559975
Non-rarefied ASV,10,23,p_Firmicutes_c_Clostridia_o_Clostridiales_f_Christensenellaceae,0.3855307757854461
Non-rarefied ASV,10,24,p_Firmicutes_c_Clostridia_o_Clostridiales_f_[Mogibacteriaceae],0.3848685845732689
Non-rarefied ASV,10,25,p_Firmicutes_c_Clostridia_o_Clostridiales_f_Lachnospiraceae,0.3805571258068084
Non-rarefied ASV,1,26,p_Firmicutes_A_c_Clostridia_258483_o_Oscillospirales_f_Ruminococcaceae_g_Gemmiger_A_73129_s_Gemmiger_A_73129_formicilis_72474,0.3726804521348741
Non-rarefied ASV,10,27,p_Bacteroidetes_c_Bacteroidia_o_Bacteroidales_f_[Odoribacteraceae]_g_Butyricimonas,0.3710952952504158
Non-rarefied ASV,15,28,p_Firmicutes_c_Clostridia_o_Clostridiales,0.3668472409248352
Non-rarefied ASV,1,29,p_Firmicutes_A_c_Clostridia_258483_o_Oscillospirales_f_Ruminococcaceae_g_Faecalibacterium,0.3636352393362256
Non-rarefied ASV,15,30,p_Firmicutes_c_Clostridia_o_Clostridiales_f_Veillonellaceae_g_Phascolarctobacterium,0.3537439912557601
Non-rarefied ASV,15,31,p_Bacteroidetes_c_Bacteroidia_o_Bacteroidales_f_Prevotellaceae_g_Prevotella_s_stercorea,0.3520311087369919
Non-rarefied ASV,15,32,p_Bacteroidetes_c_Bacteroidia_o_Bacteroidales_f_Prevotellaceae_g_Prevotella_s_copri,0.3514058873057365
Non-rarefied ASV,16,33,p_Firmicutes_c_Clostridia_o_Clostridiales_f_Veillonellaceae_g_Megasphaera,0.3466961330539367
Non-rarefied ASV,9,34,p_Proteobacteria_c_Gammaproteobacteria_o_Enterobacteriales_f_Enterobacteriaceae,0.3251113400030359
Non-rarefied ASV,15,35,p_Bacteroidetes_c_Bacteroidia_o_Bacteroidales_f_Bacteroidaceae_g_Bacteroides,0.3248575448989867
Non-rarefied ASV,15,36,p_Firmicutes_c_Clostridia_o_Clostridiales_f_Veillonellaceae_g_Dialister,0.3242453463375568
Non-rarefied ASV,15,37,p_Bacteroidetes_c_Bacteroidia_o_Bacteroidales_f_Bacteroidaceae_g_Bacteroides_s_uniformis,0.3187278643250465
Non-rarefied ASV,9,38,p_Bacteroidetes_c_Bacteroidia_o_Bacteroidales_f_Bacteroidaceae_g_Bacteroides,0.3116730724176136
Non-rarefied ASV,15,39,p_Firmicutes_c_Clostridia_o_Clostridiales_f_Veillonellaceae_g_Megamonas,0.3097753517329693
Non-rarefied ASV,16,40,p_Bacteroidetes_c_Bacteroidia_o_Bacteroidales_f_[Odoribacteraceae]_g_Butyricimonas,0.2786370388469311
Non-rarefied ASV,9,41,p_Firmicutes_c_Clostridia_o_Clostridiales_f_Ruminococcaceae_g_Oscillospira,0.2765251960213298
Non-rarefied ASV,15,42,p_Firmicutes_c_Clostridia_o_Clostridiales_f_Lachnospiraceae,0.2678396825667141
Non-rarefied ASV,15,43,p_Firmicutes_c_Clostridia_o_Clostridiales_f_Lachnospiraceae_g_Anaerostipes,0.2494793170500165
Non-rarefied ASV,9,44,p_Bacteroidetes_c_Bacteroidia_o_Bacteroidales_f_Bacteroidaceae_g_Bacteroides_s_ovatus,0.2393335641427972
Non-rarefied ASV,15,45,p_Tenericutes_c_Mollicutes_o_RF39,0.2391821981241114
Non-rarefied ASV,9,46,p_Firmicutes_c_Clostridia_o_Clostridiales_f_Lachnospiraceae,0.2371984897517986
Non-rarefied ASV,9,47,p_Firmicutes_c_Clostridia_o_Clostridiales_f_Ruminococcaceae,0.2092824995653229
Non-rarefied ASV,10,48,p_Actinobacteria_c_Actinobacteria_o_Actinomycetales_f_Propionibacteriaceae_g_Propionibacterium_s_acnes,0.2009489479986335
Non-rarefied ASV,10,49,p_Firmicutes_c_Bacilli_o_Lactobacillales_f_Lactobacillaceae_g_Lactobacillus,0.1903424674735145
Non-rarefied ASV,11,50,p_Firmicutes_A_c_Clostridia_258483_o_Lachnospirales_f_Lachnospiraceae_g_CAG-127_s_CAG-127_sp900319515,0.1871046934276819
Non-rarefied ASV,10,51,p_Proteobacteria_c_Alphaproteobacteria_o_Rhodospirillales_f_Acetobacteraceae_g_Acetobacter,0.1848460345646369
Non-rarefied ASV,11,52,p_Firmicutes_A_c_Clostridia_258483_o_Lachnospirales_f_Lachnospiraceae_g_Coprococcus_A_121497_s_Coprococcus_A_121497_sp000154245,0.1772357586771249
Non-rarefied ASV,11,53,p_Firmicutes_A_c_Clostridia_258483_o_Peptostreptococcales_f_Peptostreptococcaceae_256921_g_Terrisporobacter_s_Terrisporobacter_glycolicus_239331,0.1770439971238374
Non-rarefied ASV,9,54,p_Euryarchaeota_c_Methanobacteria_o_Methanobacteriales_f_Methanobacteriaceae_g_Methanobrevibacter,0.1754765573889017
Non-rarefied ASV,9,55,p_Firmicutes_c_Clostridia_o_Clostridiales_f_Veillonellaceae_g_Phascolarctobacterium,0.1722344350069761
Non-rarefied ASV,11,56,p_Firmicutes_A_c_Clostridia_258483_o_Lachnospirales_f_Lachnospiraceae_g_Butyribacter_s_Butyribacter_sp003529475,0.1716066628694534
Non-rarefied ASV,11,57,p_Firmicutes_A_c_Clostridia_258483_o_Lachnospirales_f_Lachnospiraceae,0.1677992515265941
Non-rarefied ASV,16,58,p_Proteobacteria_c_Alphaproteobacteria_o_Sphingomonadales_f_Sphingomonadaceae_g_Sphingobium_s_yanoikuyae,0.1654673849553652
Non-rarefied ASV,9,59,p_Bacteroidetes_c_Bacteroidia_o_Bacteroidales_f_[Odoribacteraceae]_g_Odoribacter,0.1640686254948377
Non-rarefied ASV,11,60,p_Proteobacteria_c_Gammaproteobacteria_o_Burkholderiales_592524_f_Burkholderiaceae_A_580492,0.1617859456688165
Non-rarefied ASV,16,61,p_Bacteroidetes_c_Bacteroidia_o_Bacteroidales_f_[Paraprevotellaceae]_g_[Prevotella],0.1598943916537941
Non-rarefied ASV,11,62,p_Firmicutes_A_c_Clostridia_258483_o_Oscillospirales_f_Oscillospiraceae_88309,0.1546664990484714
Non-rarefied ASV,11,63,p_Proteobacteria_c_Gammaproteobacteria_o_Burkholderiales_592524_f_Burkholderiaceae_A_580492_g_Paraburkholderia_580243,0.1522794634103774
Non-rarefied ASV,10,64,p_Proteobacteria_c_Alphaproteobacteria_o_Rhodospirillales_f_Acetobacteraceae_g_Gluconacetobacter,0.150706723086783
Non-rarefied ASV,11,65,p_Firmicutes_D_c_Bacilli_o_Lactobacillales_f_Lactobacillaceae_g_Lactobacillus_s_Lactobacillus_crispatus,0.1467207676161746
Non-rarefied ASV,9,66,p_Firmicutes_c_Clostridia_o_Clostridiales_f_[Mogibacteriaceae],0.1462358050048351
Non-rarefied ASV,10,67,p_Firmicutes_c_Clostridia_o_Clostridiales_f_Clostridiaceae_g_Clostridium_s_butyricum,0.1407563372271165
Non-rarefied ASV,11,68,p_Firmicutes_A_c_Clostridia_258483_o_Tissierellales_f_Peptoniphilaceae_g_Anaerococcus_s_Anaerococcus_rubeinfantis,0.1406375044235366
Non-rarefied ASV,9,69,p_Actinobacteria_c_Actinobacteria_o_Bifidobacteriales_f_Bifidobacteriaceae_g_Bifidobacterium_s_bifidum,0.140455917827785
Non-rarefied ASV,11,70,p_Firmicutes_D_c_Bacilli_o_Lactobacillales_f_Streptococcaceae_g_Streptococcus_s_Streptococcus_agalactiae,0.1353466012269804
Non-rarefied ASV,9,71,p_Firmicutes_c_Erysipelotrichi_o_Erysipelotrichales_f_Erysipelotrichaceae,0.1289153491103436
Non-rarefied ASV,10,72,p_Firmicutes_c_Bacilli_o_Lactobacillales_f_Enterococcaceae_g_Enterococcus,0.1282603930650873
Non-rarefied ASV,11,73,p_Firmicutes_D_c_Bacilli_o_Lactobacillales_f_Enterococcaceae_g_Enterococcus_H_360604_s_Enterococcus_H_360604_faecalis,0.111611341829878
Non-rarefied ASV,10,74,p_Actinobacteria_c_Coriobacteriia_o_Coriobacteriales_f_Coriobacteriaceae,0.1098375010483479
Non-rarefied ASV,15,75,p_Firmicutes_c_Clostridia_o_Clostridiales_f_Ruminococcaceae,0.1094159893199212
Non-rarefied ASV,11,76,p_Firmicutes_A_c_Clostridia_258483_o_Tissierellales_f_Peptoniphilaceae_g_Peptoniphilus_A_s_Peptoniphilus_A_harei,0.1084942073921465
Non-rarefied ASV,15,77,p_Bacteroidetes_c_Bacteroidia_o_Bacteroidales_f_Bacteroidaceae_g_Bacteroides_s_ovatus,0.1046842268397729
Non-rarefied ASV,1,78,p_Proteobacteria_c_Gammaproteobacteria_o_Burkholderiales_592524_f_Burkholderiaceae_A_574934_g_Herbaspirillum,0.1038090974521555
Non-rarefied ASV,11,79,p_Bacteroidota_c_Bacteroidia_o_Bacteroidales_f_Bacteroidaceae_g_Bacteroides_H_s_Bacteroides_H_stercoris,0.1033661055266299
Non-rarefied ASV,11,80,p_Firmicutes_D_c_Bacilli_o_Lactobacillales_f_Streptococcaceae_g_Streptococcus_s_Streptococcus_oralis_E_350763,0.1024326723426326
Non-rarefied ASV,9,81,p_Firmicutes_c_Clostridia_o_Clostridiales_f_Ruminococcaceae_g_Ruminococcus,0.1003683566461961
Non-rarefied ASV,11,82,p_Firmicutes_A_c_Clostridia_258483_o_Tissierellales_f_Peptoniphilaceae_g_Finegoldia_s_Finegoldia_magna_H,0.0859003812190623
Non-rarefied ASV,1,83,p_Actinobacteriota_c_Actinomycetia_o_Actinomycetales_f_Bifidobacteriaceae_g_Bifidobacterium_388775_s_Bifidobacterium_pseudocatenulatum,0.083338117931254
Non-rarefied ASV,11,84,p_Elusimicrobiota_c_Elusimicrobia_984208_o_UBA1565_f_UBA9628_g_GWA2-66-18_s_GWA2-66-18_sp013044195,0.0822166551441572
Non-rarefied ASV,1,85,p_Firmicutes_A_c_Clostridia_258483_o_Lachnospirales_f_Lachnospiraceae_g_Eisenbergiella_s_Eisenbergiella_porci,0.0795068864539085
Non-rarefied ASV,1,86,p_Firmicutes_A_c_Clostridia_258483_o_Oscillospirales_f_Acutalibacteraceae_g_Ruminococcus_E_s_Ruminococcus_E_bromii_B,0.0754011272191445
Non-rarefied ASV,1,87,p_Firmicutes_A_c_Clostridia_258483_o_Lachnospirales_f_Lachnospiraceae_g_Blautia_A_141781_s_Blautia_A_141781_obeum,0.0749999999999999
Non-rarefied ASV,16,88,p_Firmicutes_c_Clostridia_o_Clostridiales_f_Peptococcaceae_g_Peptococcus,0.0742559348528539
Non-rarefied ASV,1,89,p_Firmicutes_A_c_Clostridia_258483_o_Lachnospirales_f_Lachnospiraceae_g_Agathobacter_164117_s_Agathobacter_faecis,0.0667052784578616
Non-rarefied ASV,1,90,p_Firmicutes_A_c_Clostridia_258483_o_Lachnospirales_f_Lachnospiraceae_g_Fusicatenibacter_s_Fusicatenibacter_saccharivorans,0.0661020590965538
Non-rarefied ASV,1,91,p_Firmicutes_A_c_Clostridia_258483_o_Oscillospirales_f_Ruminococcaceae_g_Gemmiger_A_73129_s_Gemmiger_A_73129_qucibialis,0.065499313043047
Non-rarefied ASV,1,92,p_Firmicutes_A_c_Clostridia_258483_o_Christensenellales_f_CAG-74,0.0634371692248671
Non-rarefied ASV,15,93,p_Bacteroidetes_c_Bacteroidia_o_Bacteroidales_f_Porphyromonadaceae_g_Parabacteroides,0.0616367135756201
Non-rarefied ASV,10,94,p_Firmicutes_c_Clostridia_o_Clostridiales,0.0554089567018932
Non-rarefied ASV,11,95,p_Firmicutes_A_c_Clostridia_258483_o_Lachnospirales_f_Lachnospiraceae_g_Blautia_A_141781_s_Blautia_A_141781_massiliensis,0.0513822538256205
Non-rarefied ASV,16,96,p_Firmicutes_c_Clostridia_o_Clostridiales_f_Veillonellaceae_g_Anaerovibrio,0.0483371986593966
Non-rarefied ASV,10,97,p_Firmicutes_c_Clostridia_o_Clostridiales_f_Lachnospiraceae_g_[Ruminococcus],0.0455075074801833
Non-rarefied ASV,10,98,p_Firmicutes_c_Clostridia_o_Clostridiales_f_Ruminococcaceae_g_Oscillospira,0.0442611598496937
Non-rarefied ASV,10,99,p_Firmicutes_c_Clostridia_o_Clostridiales_f_Ruminococcaceae_g_Gemmiger_s_formicilis,0.0432522120119087
Non-rarefied ASV,15,100,p_Firmicutes_c_Clostridia_o_Clostridiales_f_Veillonellaceae_g_Mitsuokella,0.0410417167153469
Non-rarefied ASV,1,101,p_Firmicutes_A_c_Clostridia_258483_o_Lachnospirales_f_Lachnospiraceae_g_Blautia_A_141781_s_Blautia_A_141781_wexlerae,0.0366666666666666
Non-rarefied ASV,1,102,p_Proteobacteria_c_Gammaproteobacteria_o_Enterobacterales_A_737866_f_Enterobacteriaceae_A_g_Escherichia_710834,0.0343958148571211
Non-rarefied ASV,11,103,p_Firmicutes_A_c_Clostridia_258483_o_Lachnospirales_f_Lachnospiraceae_g_Clostridium_Q_135822_s_Clostridium_Q_135822_fessum,0.0324757262394992
Non-rarefied ASV,11,104,p_Proteobacteria_c_Gammaproteobacteria_o_Burkholderiales_592522_f_Burkholderiaceae_A_592522,0.0320181879778454
Non-rarefied ASV,1,105,p_Bacteroidota_c_Bacteroidia_o_Bacteroidales_f_Tannerellaceae_g_Parabacteroides_B_862066_s_Parabacteroides_B_862066_distasonis,0.0316666666666666
Non-rarefied ASV,11,106,p_Bacteroidota_c_Bacteroidia_o_Bacteroidales_f_Tannerellaceae_g_Parabacteroides_B_862066_s_Parabacteroides_B_862066_merdae,0.0314709860647576
Non-rarefied ASV,1,107,p_Bacteroidota_c_Bacteroidia_o_Bacteroidales_f_Bacteroidaceae_g_Bacteroides_H_s_Bacteroides_H_salyersiae,0.0299999999999999
Non-rarefied ASV,11,108,p_Firmicutes_A_c_Clostridia_258483_o_Lachnospirales_f_Lachnospiraceae_g_Dorea_A,0.0291493391637203
Non-rarefied ASV,1,109,p_Firmicutes_A_c_Clostridia_258483_o_Christensenellales_f_CAG-74_g_Onthenecus,0.0266666666666666
Non-rarefied ASV,1,110,p_Firmicutes_A_c_Clostridia_258483_o_Lachnospirales_f_Lachnospiraceae_g_Eisenbergiella,0.0266666666666666
Non-rarefied ASV,1,111,p_Firmicutes_D_c_Bacilli_o_Erysipelotrichales_f_Coprobacillaceae_g_Faecalibacillus_s_Faecalibacillus_intestinalis,0.0266666666666666
Non-rarefied ASV,1,112,p_Bacteroidota_c_Bacteroidia_o_Bacteroidales_f_Bacteroidaceae_g_Bacteroides_H_s_Bacteroides_H_uniformis,0.025440703729941
Non-rarefied ASV,1,113,p_Bacteroidota_c_Bacteroidia_o_Bacteroidales_f_Bacteroidaceae_g_Bacteroides_H_s_Bacteroides_H_thetaiotaomicron,0.025
Non-rarefied ASV,1,114,p_Firmicutes_A_c_Clostridia_258483_o_Oscillospirales_f_Ruminococcaceae_g_Gemmiger_A_73129,0.0249999999999999
Non-rarefied ASV,11,115,p_Firmicutes_A_c_Clostridia_258483_o_Lachnospirales_f_Lachnospiraceae_g_Enterocloster_s_Enterocloster_sp000431375,0.0247831217198364
Non-rarefied ASV,11,116,p_Firmicutes_A_c_Clostridia_258483_o_Oscillospirales_f_Acutalibacteraceae_g_CAG-217,0.0243969891243741
Non-rarefied ASV,1,117,p_Firmicutes_A_c_Clostridia_258483_o_Lachnospirales_f_Lachnospiraceae_g_Lachnospira_s_Lachnospira_eligens,0.0238335861263212
Non-rarefied ASV,1,118,p_Firmicutes_D_c_Bacilli_o_Lactobacillales_f_Lactobacillaceae_g_Ligilactobacillus_s_Ligilactobacillus_ruminis,0.0233333333333333
Non-rarefied ASV,1,119,p_Proteobacteria_c_Gammaproteobacteria_o_Burkholderiales_595427_f_Burkholderiaceae_A_595427_g_Sutterella_s_Sutterella_wadsworthensis_A_565807,0.0233333333333333
Non-rarefied ASV,1,120,p_Firmicutes_A_c_Clostridia_258483_o_Oscillospirales_f_Oscillospiraceae_88309_g_Lawsonibacter_s_Lawsonibacter_asaccharolyticus,0.0233333333333333
Non-rarefied ASV,1,121,p_Firmicutes_A_c_Clostridia_258483_o_Oscillospirales_f_Oscillospiraceae_88309_g_Vescimonas_s_Vescimonas_fastidiosa,0.0233333333333333
Non-rarefied ASV,11,122,p_Firmicutes_A_c_Clostridia_258483_o_Oscillospirales_f_Ruminococcaceae_g_Faecalibacterium,0.0225621764377001
Non-rarefied ASV,1,123,p_Firmicutes_A_c_Clostridia_258483_o_Lachnospirales_f_Lachnospiraceae_g_Bariatricus,0.0216666666666666
Non-rarefied ASV,1,124,p_Bacteroidota_c_Bacteroidia_o_Bacteroidales_f_Rikenellaceae_g_Alistipes_A_871400_s_Alistipes_A_871400_dispar,0.0216666666666666
Non-rarefied ASV,11,125,p_Firmicutes_A_c_Clostridia_258483_o_Lachnospirales_f_Lachnospiraceae_g_Ventrimonas_s_Ventrimonas_sp003481825,0.0216295845191841
Non-rarefied ASV,1,126,p_Bacteroidota_c_Bacteroidia_o_Bacteroidales_f_Bacteroidaceae_g_Bacteroides_H_s_Bacteroides_H_cellulosilyticus,0.0214502615683007
Non-rarefied ASV,1,127,p_Firmicutes_D_c_Bacilli_o_Haloplasmatales_A_f_Turicibacteraceae_g_Turicibacter_s_Turicibacter_sp001543345,0.0193057689208111
Non-rarefied ASV,1,128,p_Firmicutes_A_c_Clostridia_258483_o_Oscillospirales_f_Acutalibacteraceae_g_Ruminococcus_E_s_Ruminococcus_E_sp003438075,0.0191246334931912
Non-rarefied ASV,1,129,p_Bacteroidota_c_Bacteroidia_o_Bacteroidales_f_Rikenellaceae_g_Alistipes_A_871400_s_Alistipes_A_871400_shahii,0.0163863310293591
Non-rarefied ASV,15,130,p_Bacteroidetes_c_Bacteroidia_o_Bacteroidales_f_[Odoribacteraceae]_g_Odoribacter,0.0162191081224775
Non-rarefied ASV,1,131,p_Firmicutes_A_c_Clostridia_258483_o_Lachnospirales_f_Lachnospiraceae_g_Anaerostipes_s_Anaerostipes_hadrus,0.0158008305002069
Non-rarefied ASV,10,132,p_Firmicutes_c_Erysipelotrichi_o_Erysipelotrichales_f_Erysipelotrichaceae_g_Clostridium_s_spiroforme,0.0151599017636567
Non-rarefied ASV,10,133,p_Firmicutes_c_Bacilli_o_Gemellales_f_Gemellaceae,0.0141382767504363
Non-rarefied ASV,10,134,p_Bacteroidetes_c_Bacteroidia_o_Bacteroidales_f_Rikenellaceae_g_Alistipes_s_indistinctus,0.0139999999999999
Non-rarefied ASV,10,135,p_Firmicutes_c_Clostridia_o_Clostridiales_f_Ruminococcaceae_g_Ruminococcus_s_bromii,0.0133333333333333
Non-rarefied ASV,1,136,p_Firmicutes_A_c_Clostridia_258483_o_Oscillospirales_f_Acutalibacteraceae_g_CAG-177_s_CAG-177_sp003538135,0.0129847888718495
Non-rarefied ASV,15,137,p_Firmicutes_c_Erysipelotrichi_o_Erysipelotrichales_f_Erysipelotrichaceae,0.0126335269021801
Non-rarefied ASV,15,138,p_Bacteroidetes_c_Bacteroidia_o_Bacteroidales_f_Rikenellaceae,0.0121590909090909
Non-rarefied ASV,9,139,p_Actinobacteria_c_Actinobacteria_o_Bifidobacteriales_f_Bifidobacteriaceae_g_Bifidobacterium_s_adolescentis,0.0119134100370052
Non-rarefied ASV,1,140,p_Firmicutes_A_c_Clostridia_258483_o_Oscillospirales_f_Oscillospiraceae_88309_g_Oscillibacter_s_Oscillibacter_ruminantium,0.0116666666666666
Non-rarefied ASV,1,141,p_Bacteroidota_c_Bacteroidia_o_Bacteroidales_f_Bacteroidaceae_g_Phocaeicola_A_858004_s_Phocaeicola_A_858004_coprocola,0.0114106539608765
Non-rarefied ASV,15,142,p_Bacteroidetes_c_Bacteroidia_o_Bacteroidales_f_Prevotellaceae_g_Prevotella,0.0102272727272727
Non-rarefied ASV,10,143,p_Firmicutes_c_Clostridia_o_Clostridiales_f_Lachnospiraceae_g_Clostridium_s_colinum,0.0099999999999999
Non-rarefied ASV,10,144,p_Firmicutes_c_Clostridia_o_Clostridiales_f_Veillonellaceae_g_Dialister,0.0099999999999999
Non-rarefied ASV,10,145,p_Firmicutes_c_Clostridia_o_Clostridiales_f_Ruminococcaceae_g_Faecalibacterium_s_prausnitzii,0.0092850424768627
Non-rarefied ASV,11,146,p_Firmicutes_A_c_Clostridia_258483_o_Oscillospirales_f_Oscillospiraceae_88309_g_ER4_s_ER4_sp000765235,0.0088729240393329
Non-rarefied ASV,10,147,p_Firmicutes_c_Clostridia_o_Clostridiales_f_Ruminococcaceae_g_Ruminococcus,0.0083653515529589
Non-rarefied ASV,1,148,p_Firmicutes_A_c_Clostridia_258483_o_Christensenellales_f_CAG-138_g_RUG472_s_RUG472_sp902765005,0.0083201029246081
Non-rarefied ASV,16,149,p_Firmicutes_c_Bacilli_o_Lactobacillales_f_Lactobacillaceae,0.0078787092670948
Non-rarefied ASV,16,150,p_Firmicutes_c_Erysipelotrichi_o_Erysipelotrichales_f_Erysipelotrichaceae_g_Catenibacterium,0.0075
Non-rarefied ASV,9,151,p_Bacteroidetes_c_Bacteroidia_o_Bacteroidales_f_Porphyromonadaceae_g_Parabacteroides_s_distasonis,0.0074999999999999
Non-rarefied ASV,16,152,p_Actinobacteria_c_Actinobacteria_o_Actinomycetales_f_Actinomycetaceae_g_Actinomyces,0.0074999999999999
Non-rarefied ASV,16,153,p_Firmicutes_c_Clostridia_o_Clostridiales_f_Lachnospiraceae_g_Clostridium,0.0074999999999999
Non-rarefied ASV,10,154,p_Firmicutes_c_Bacilli_o_Lactobacillales_f_Streptococcaceae_g_Streptococcus,0.0071666666666666
Non-rarefied ASV,15,155,p_Bacteroidetes_c_Bacteroidia_o_Bacteroidales_f_[Odoribacteraceae]_g_Butyricimonas,0.0071590909090909
Non-rarefied ASV,15,156,p_Firmicutes_c_Clostridia_o_Clostridiales_f_Ruminococcaceae_g_Oscillospira,0.0070454545454545
Non-rarefied ASV,11,157,p_Proteobacteria_c_Gammaproteobacteria_o_Burkholderiales_592524_f_Burkholderiaceae_A_580492_g_Ralstonia_s_Ralstonia_pickettii_B,0.0070175666161697
Non-rarefied ASV,1,158,p_Firmicutes_A_c_Clostridia_258483_o_Christensenellales_f_CAG-138_g_Aphodomorpha_s_Aphodomorpha_intestinavium,0.0068658276605536
Non-rarefied ASV,16,159,p_Firmicutes_c_Clostridia_o_Clostridiales,0.0066666666666666
Non-rarefied ASV,11,160,p_Actinobacteriota_c_Actinomycetia_o_Propionibacteriales_f_Propionibacteriaceae_g_Cutibacterium_s_Cutibacterium_acnes,0.0064601603120249
Non-rarefied ASV,15,161,p_Firmicutes_c_Clostridia_o_Clostridiales_f_Ruminococcaceae_g_Faecalibacterium_s_prausnitzii,0.00625
Non-rarefied ASV,1,162,p_Proteobacteria_c_Gammaproteobacteria_o_Enterobacterales_A_737866_f_Enterobacteriaceae_A,0.0062432484094887
Non-rarefied ASV,11,163,p_Firmicutes_D_c_Bacilli_o_Lactobacillales_f_Streptococcaceae_g_Lactococcus_A_346120_s_Lactococcus_A_346120_lactis_344179,0.0058666666666666
Non-rarefied ASV,11,164,p_Firmicutes_A_c_Clostridia_258483_o_Lachnospirales_f_Lachnospiraceae_g_Agathobacter_164117_s_Agathobacter_rectalis,0.0056588680324642
Non-rarefied ASV,11,165,p_Firmicutes_A_c_Clostridia_258483_o_Oscillospirales_f_Ruminococcaceae,0.0056222222222222
Non-rarefied ASV,16,166,p_Firmicutes_c_Clostridia_o_Clostridiales_f_Christensenellaceae,0.0055484353139028
Non-rarefied ASV,10,167,p_Firmicutes_c_Clostridia_o_Clostridiales_f_Lachnospiraceae_g_[Ruminococcus]_s_gnavus,0.0053896519698689
Non-rarefied ASV,10,168,p_Firmicutes_c_Clostridia_o_Clostridiales_f_Veillonellaceae_g_Megasphaera,0.0049999999999999
Non-rarefied ASV,16,169,p_Firmicutes_c_Clostridia_o_Clostridiales_f_Lachnospiraceae_g_Clostridium_s_clostridioforme,0.0048894527952717
Non-rarefied ASV,11,170,p_Firmicutes_A_c_Clostridia_258483_o_Oscillospirales_f_Acutalibacteraceae_g_UBA1417_s_UBA1417_sp003531055,0.0043812449527705
Non-rarefied ASV,16,171,p_Firmicutes_c_Erysipelotrichi_o_Erysipelotrichales_f_Erysipelotrichaceae_g_[Eubacterium]_s_cylindroides,0.0043193257268012
Non-rarefied ASV,11,172,p_Firmicutes_A_c_Clostridia_258483_o_Lachnospirales_f_Lachnospiraceae_g_Coprococcus_A_187866_s_Coprococcus_A_187866_catus,0.0042055555555554
Non-rarefied ASV,9,173,p_Firmicutes_c_Clostridia_o_Clostridiales_f_Christensenellaceae,0.0041666666666666
Non-rarefied ASV,16,174,p_Bacteroidetes_c_Bacteroidia_o_Bacteroidales_f_Rikenellaceae_g_Alistipes_s_massiliensis,0.0041511030268459
Non-rarefied ASV,15,175,p_Bacteroidetes_c_Bacteroidia_o_Bacteroidales_f_[Paraprevotellaceae]_g_Paraprevotella,0.00375
Non-rarefied ASV,16,176,p_Firmicutes_c_Clostridia_o_Clostridiales_f_Ruminococcaceae,0.0037412810325269
Non-rarefied ASV,9,177,p_Firmicutes_c_Clostridia_o_Clostridiales_f_Lachnospiraceae_g_Dorea,0.0036772486772486
Non-rarefied ASV,9,178,p_Proteobacteria_c_Alphaproteobacteria_o_RF32,0.0035714285714285
Non-rarefied ASV,15,179,p_Bacteroidetes_c_Flavobacteriia_o_Flavobacteriales_f_[Weeksellaceae]_g_Cloacibacterium,0.0035511363665233
Non-rarefied ASV,16,180,p_Bacteroidetes_c_Bacteroidia_o_Bacteroidales_f_Bacteroidaceae_g_Bacteroides,0.0034327059728828
Non-rarefied ASV,9,181,p_Firmicutes_c_Clostridia_o_Clostridiales_f_Ruminococcaceae_g_Anaerotruncus,0.0033994708994708
Non-rarefied ASV,16,182,p_Firmicutes_c_Clostridia_o_Clostridiales_f_Lachnospiraceae_g_Oribacterium,0.0033156493791888
Non-rarefied ASV,11,183,p_Proteobacteria_c_Gammaproteobacteria_o_Burkholderiales_592524_f_Burkholderiaceae_A_580492_g_Cupriavidus,0.0032777777777777
Non-rarefied ASV,9,184,p_Firmicutes_c_Bacilli_o_Bacillales_f_Planococcaceae,0.0031878306878306
Non-rarefied ASV,9,185,p_Firmicutes_c_Clostridia_o_Clostridiales_f_[Tissierellaceae]_g_Peptoniphilus,0.0031613756613756
Non-rarefied ASV,15,186,p_Proteobacteria_c_Gammaproteobacteria_o_Pseudomonadales,0.003125
Non-rarefied ASV,11,187,p_Firmicutes_D_c_Bacilli_o_Lactobacillales_f_Streptococcaceae_g_Streptococcus,0.0031037498829089
Non-rarefied ASV,9,188,p_Firmicutes_c_Clostridia_o_Clostridiales_f_Peptostreptococcaceae,0.0030291005291005
Non-rarefied ASV,10,189,p_Firmicutes_c_Clostridia_o_Clostridiales_f_Lachnospiraceae_g_Roseburia_s_faecis,0.0029760175649545
Non-rarefied ASV,9,190,p_Bacteroidetes_c_Bacteroidia_o_Bacteroidales_f_Rikenellaceae_g_Alistipes_s_indistinctus,0.0028439153439153
Non-rarefied ASV,9,191,p_Tenericutes_c_Mollicutes_o_RF39,0.0028174603174602
Non-rarefied ASV,9,192,p_Bacteroidetes_c_Bacteroidia_o_Bacteroidales_f_Bacteroidaceae_g_Bacteroides_s_uniformis,0.0027513227513226
Non-rarefied ASV,11,193,p_Firmicutes_A_c_Clostridia_258483_o_Tissierellales_f_Peptoniphilaceae_g_Peptoniphilus_C_s_Peptoniphilus_C_coxii,0.0025526839334752
Non-rarefied ASV,15,194,p_Proteobacteria_c_Alphaproteobacteria_o_Sphingomonadales_f_Sphingomonadaceae_g_Sphingomonas,0.0025
Non-rarefied ASV,10,195,p_Firmicutes_c_Clostridia_o_Clostridiales_f_Lachnospiraceae_g_Coprococcus,0.0024999999999999
Non-rarefied ASV,10,196,p_Bacteroidetes_c_Bacteroidia_o_Bacteroidales_f_Rikenellaceae,0.0024967560427867
Non-rarefied ASV,15,197,p_Fusobacteria_c_Fusobacteriia_o_Fusobacteriales_f_Leptotrichiaceae,0.0024774573639596
Non-rarefied ASV,9,198,p_Bacteroidetes_c_Bacteroidia_o_Bacteroidales_f_[Barnesiellaceae],0.0021296296296296
Non-rarefied ASV,9,199,p_Firmicutes_c_Clostridia_o_Clostridiales,0.002116402116402
Non-rarefied ASV,15,200,p_Firmicutes_c_Clostridia_o_Clostridiales_f_[Tissierellaceae]_g_Anaerococcus,0.0020142012339937
Non-rarefied ASV,10,201,p_Firmicutes_c_Clostridia_o_Clostridiales_f_Dehalobacteriaceae_g_Dehalobacterium,0.0019999999999999
Non-rarefied ASV,11,202,p_Firmicutes_A_c_Clostridia_258483_o_Lachnospirales_f_Lachnospiraceae_g_Acetatifactor_s_Acetatifactor_sp900066565,0.0019888888888888
Non-rarefied ASV,11,203,p_Bacteroidota_c_Bacteroidia_o_Bacteroidales_f_Bacteroidaceae_g_Phocaeicola_A_858004_s_Phocaeicola_A_858004_vulgatus,0.0018888888888888
Non-rarefied ASV,15,204,p_Proteobacteria_c_Gammaproteobacteria_o_Xanthomonadales_f_Xanthomonadaceae_g_Pseudoxanthomonas_s_mexicana,0.001867365072241
Non-rarefied ASV,11,205,p_Firmicutes_A_c_Clostridia_258483_o_Lachnospirales_f_Lachnospiraceae_g_Copromonas_s_Copromonas_sp900066535,0.0018222222222221
Non-rarefied ASV,9,206,p_Firmicutes_c_Clostridia_o_Clostridiales_f_Clostridiaceae_g_Clostridium_s_celatum,0.0016867294366959
Non-rarefied ASV,11,207,p_Firmicutes_A_c_Clostridia_258483_o_Lachnospirales_f_Lachnospiraceae_g_Blautia_A_141781_s_Blautia_A_141781_obeum,0.0016726905241909
Non-rarefied ASV,9,208,p_Proteobacteria_c_Gammaproteobacteria_o_Pasteurellales_f_Pasteurellaceae_g_Haemophilus_s_parainfluenzae,0.0015935176268982
Non-rarefied ASV,11,209,p_Firmicutes_A_c_Clostridia_258483_o_Lachnospirales_f_Lachnospiraceae_g_Eisenbergiella,0.0015666666666666
Non-rarefied ASV,11,210,p_Firmicutes_A_c_Clostridia_258483_o_Peptostreptococcales_f_Peptostreptococcaceae_256921_g_Intestinibacter,0.0015444444444444
Non-rarefied ASV,10,211,p_Actinobacteria_c_Actinobacteria_o_Bifidobacteriales_f_Bifidobacteriaceae_g_Bifidobacterium,0.001533963857181
Non-rarefied ASV,10,212,p_Bacteroidetes_c_Bacteroidia_o_Bacteroidales_f_Prevotellaceae_g_Prevotella_s_stercorea,0.0014999999999999
Non-rarefied ASV,10,213,p_Proteobacteria_c_Betaproteobacteria_o_Burkholderiales_f_Alcaligenaceae_g_Sutterella,0.0014999999999999
Non-rarefied ASV,10,214,p_Bacteroidetes_c_Bacteroidia_o_Bacteroidales_f_Bacteroidaceae_g_Bacteroides,0.0014999999999999
Non-rarefied ASV,11,215,p_Firmicutes_A_c_Clostridia_258483_o_Lachnospirales_f_Lachnospiraceae_g_Bariatricus,0.0014944444444444
Non-rarefied ASV,15,216,p_Proteobacteria_c_Gammaproteobacteria_o_Xanthomonadales_f_Xanthomonadaceae_g_Stenotrophomonas,0.0013716768568637
Non-rarefied ASV,15,217,p_Firmicutes_c_Clostridia_o_Clostridiales_f_Clostridiaceae,0.00135215009719
Non-rarefied ASV,11,218,p_Actinobacteriota_c_Actinomycetia_o_Actinomycetales_f_Bifidobacteriaceae_g_Bifidobacterium_388775_s_Bifidobacterium_adolescentis,0.0013138925539408
Non-rarefied ASV,9,219,p_Synergistetes_c_Synergistia_o_Synergistales_f_Synergistaceae_g_Synergistes,0.0012962962962962
Non-rarefied ASV,10,220,p_Firmicutes_c_Clostridia_o_Clostridiales_f_Ruminococcaceae_g_Subdoligranulum_s_variabile,0.0012733739188193
Non-rarefied ASV,11,221,d__Bacteria,0.0012388888888888
Non-rarefied ASV,11,222,p_Firmicutes_A_c_Clostridia_258483_o_Lachnospirales_f_Lachnospiraceae_g_Anaerobutyricum_s_Anaerobutyricum_soehngenii,0.0012222222222221
Non-rarefied ASV,11,223,p_Firmicutes_A_c_Clostridia_258483_o_Lachnospirales_f_Lachnospiraceae_g_Mediterraneibacter_A_155507_s_Mediterraneibacter_A_155507_lactaris,0.001161111111111
Non-rarefied ASV,11,224,p_Bacteroidota_c_Bacteroidia_o_Bacteroidales_f_Porphyromonadaceae_g_Porphyromonas_A_859423_s_Porphyromonas_A_859423_pasteri,0.0010888888888888
Non-rarefied ASV,11,225,p_Bacteroidota_c_Bacteroidia_o_Bacteroidales_f_Porphyromonadaceae_g_Porphyromonas_A_859426_s_Porphyromonas_A_859426_somerae,0.001019650995821
Non-rarefied ASV,10,226,p_Firmicutes_c_Clostridia_o_Clostridiales_f_Lachnospiraceae_g_Blautia,0.0009999999999999
Non-rarefied ASV,10,227,p_Actinobacteria_c_Actinobacteria_o_Bifidobacteriales_f_Bifidobacteriaceae_g_Bifidobacterium_s_adolescentis,0.0009999999999999
Non-rarefied ASV,11,228,p_Bacteroidota_c_Bacteroidia_o_Bacteroidales_f_Tannerellaceae_g_Parabacteroides_B_862066_s_Parabacteroides_B_862066_distasonis,0.0009799530460206
Non-rarefied ASV,11,229,p_Firmicutes_A_c_Clostridia_258483_o_Lachnospirales_f_Lachnospiraceae_g_Eubacterium_I,0.0009777777777777
Non-rarefied ASV,9,230,p_Firmicutes_c_Clostridia_o_SHA-98,0.0009372066209029
Non-rarefied ASV,9,231,p_Bacteroidetes_c_Bacteroidia_o_Bacteroidales_f_Porphyromonadaceae_g_Parabacteroides,0.0009181692241647
Non-rarefied ASV,11,232,p_Bacteroidota_c_Bacteroidia_o_Bacteroidales_f_Bacteroidaceae_g_Bacteroides_H,0.0009124009058648
Non-rarefied ASV,9,233,p_Firmicutes_c_Clostridia_o_Clostridiales_f_Lachnospiraceae_g_Lachnospira,0.0008862433862433
Non-rarefied ASV,11,234,p_Firmicutes_A_c_Clostridia_258483_o_Lachnospirales_f_Lachnospiraceae_g_Fusicatenibacter_s_Fusicatenibacter_saccharivorans,0.0008833333333332
Non-rarefied ASV,11,235,p_Firmicutes_A_c_Clostridia_258483_o_Lachnospirales_f_Lachnospiraceae_g_Coprococcus_A_121497_s_Coprococcus_A_121497_eutactus,0.0007999980786653
Non-rarefied ASV,11,236,p_Actinobacteriota_c_Actinomycetia_o_Mycobacteriales_f_Mycobacteriaceae_g_Corynebacterium,0.0007952133839759
Non-rarefied ASV,11,237,p_Firmicutes_A_c_Clostridia_258483_o_Oscillospirales_f_Butyricicoccaceae_g_Agathobaculum_s_Agathobaculum_butyriciproducens,0.0007898202412471
Non-rarefied ASV,11,238,p_Firmicutes_A_c_Clostridia_258483_o_Oscillospirales_f_Acutalibacteraceae_g_CAG-177_s_CAG-177_sp003538135,0.0007722222222221
Non-rarefied ASV,11,239,p_Proteobacteria_c_Gammaproteobacteria_o_Enterobacterales_A_737866_f_Enterobacteriaceae_A,0.0007666666666666
Non-rarefied ASV,11,240,p_Firmicutes_D_c_Bacilli_o_Staphylococcales_f_Gemellaceae_g_Gemella_s_Gemella_sanguinis,0.0006999999999999
Non-rarefied ASV,11,241,p_Actinobacteriota_c_Coriobacteriia_o_Coriobacteriales_f_Coriobacteriaceae_g_Collinsella,0.0006722222222222
Non-rarefied ASV,11,242,p_Bacteroidota_c_Bacteroidia_o_Bacteroidales_f_Bacteroidaceae_g_Phocaeicola_A_858004_s_Phocaeicola_A_858004_massiliensis,0.0005999999999999
Non-rarefied ASV,11,243,p_Firmicutes_A_c_Clostridia_258483_o_Lachnospirales_f_Lachnospiraceae_g_Merdisoma,0.0005999999999999
Non-rarefied ASV,9,244,p_Proteobacteria_c_Gammaproteobacteria_o_Enterobacteriales_f_Enterobacteriaceae_g_Shigella,0.000595238095238
Non-rarefied ASV,10,245,p_Firmicutes_c_Bacilli_o_Lactobacillales_f_Leuconostocaceae_g_Leuconostoc_s_mesenteroides,0.000592658679935
Non-rarefied ASV,9,246,p_Firmicutes_c_Bacilli_o_Lactobacillales_f_Streptococcaceae_g_Streptococcus_s_anginosus,0.000542328042328
Non-rarefied ASV,11,247,p_Firmicutes_A_c_Clostridia_258483_o_Oscillospirales_f_Acutalibacteraceae_g_Eubacterium_R_s_Eubacterium_R_sp002371215,0.0004670803487416
Non-rarefied ASV,11,248,p_Firmicutes_C_c_Negativicutes_o_Acidaminococcales_f_Acidaminococcaceae_g_Phascolarctobacterium_A_s_Phascolarctobacterium_A_succinatutens,0.0004666666666666
Non-rarefied ASV,11,249,p_Bacteroidota_c_Bacteroidia_o_Bacteroidales_f_Bacteroidaceae_g_Bacteroides_H_s_Bacteroides_H_salyersiae,0.0004252557327587
Non-rarefied ASV,11,250,p_Bacteroidota_c_Bacteroidia_o_Bacteroidales_f_Tannerellaceae_g_Parabacteroides_B_862066_s_Parabacteroides_B_862066_goldsteinii,0.0004025289067342
Non-rarefied ASV,11,251,p_Firmicutes_A_c_Clostridia_258483_o_Oscillospirales_f_Acutalibacteraceae_g_Fimenecus_s_Fimenecus_sp000432435,0.0004023702373013
Non-rarefied ASV,11,252,p_Firmicutes_A_c_Clostridia_258483_o_Lachnospirales_f_Lachnospiraceae_g_Anaerobutyricum,0.0003999999999999
Non-rarefied ASV,10,253,p_Firmicutes_c_Clostridia_o_Clostridiales_f_Lachnospiraceae_g_Clostridium_s_clostridioforme,0.0003998589453377
Non-rarefied ASV,11,254,p_Bacteroidota_c_Bacteroidia_o_Bacteroidales_f_Rikenellaceae_g_Alistipes_A_871400_s_Alistipes_A_871400_shahii,0.0003936954921405
Non-rarefied ASV,11,255,p_Bacteroidota_c_Bacteroidia_o_Bacteroidales_f_Bacteroidaceae_g_Prevotella_s_Prevotella_buccalis,0.0003562703511035
Non-rarefied ASV,11,256,p_Bacteroidota_c_Bacteroidia_o_Bacteroidales_f_Bacteroidaceae_g_Phocaeicola_A_858004_s_Phocaeicola_A_858004_plebeius,0.0003333333333333
Non-rarefied ASV,11,257,p_Firmicutes_A_c_Clostridia_258483_o_Oscillospirales_f_Oscillospiraceae_88309_g_Intestinimonas_s_Intestinimonas_butyriciproducens,0.0003333333333333
Non-rarefied ASV,9,258,p_Bacteroidetes_c_Bacteroidia_o_Bacteroidales_f_Prevotellaceae_g_Prevotella,0.0002646906426759
Non-rarefied ASV,9,259,p_Firmicutes_c_Clostridia_o_Clostridiales_f_Ruminococcaceae_g_Ruminococcus_s_flavefaciens,0.0002559064079759
Non-rarefied ASV,16,260,p_Bacteroidetes_c_Flavobacteriia_o_Flavobacteriales_f_[Weeksellaceae]_g_Chryseobacterium,0.0
Non-rarefied ASV,10,261,p_Synergistetes_c_Synergistia_o_Synergistales_f_Dethiosulfovibrionaceae_g_Pyramidobacter_s_piscolens,0.0
Non-rarefied ASV,10,262,p_Actinobacteria_c_Actinobacteria_o_Actinomycetales_f_Actinomycetaceae_g_Actinomyces,0.0
Non-rarefied ASV,16,263,p_Bacteroidetes_c_Bacteroidia_o_Bacteroidales_f_Prevotellaceae,0.0
Non-rarefied ASV,16,264,p_Bacteroidetes_c_Bacteroidia_o_Bacteroidales,0.0
Non-rarefied Taxa,9,1,p_Bacteroidetes_c_Bacteroidia_o_Bacteroidales_f_Bacteroidaceae_g_Bacteroides_s_eggerthii,6187420940636.589
Non-rarefied Taxa,11,2,p_Bacteroidota_c_Bacteroidia_o_Bacteroidales_f_Tannerellaceae_g_Parabacteroides_B_862066_s_Parabacteroides_B_862066_merdae,1006737714429.9633
Non-rarefied Taxa,9,3,p_Firmicutes,35265526676.27977
Non-rarefied Taxa,11,4,p_Firmicutes_D_c_Bacilli_o_Lactobacillales_f_Lactobacillaceae,11844005009.96178
Non-rarefied Taxa,9,5,p_Firmicutes_c_Clostridia_o_Clostridiales_f__Tissierellaceae_g_Finegoldia_s_NR_041935,1299383831.7654192
Non-rarefied Taxa,11,6,p_Firmicutes_A_c_Clostridia_258483_o_Oscillospirales_f_Oscillospiraceae_88309_g_NR_s_NR_179330,592386447.7998081
Non-rarefied Taxa,16,7,k_Bacteria_p_Firmicutes_c_Clostridia_o_Clostridiales_f_Lachnospiraceae_g_Clostridium_s_aldenense,0.756966564068571
Non-rarefied Taxa,16,8,k_Bacteria_p_Firmicutes_c_Clostridia_o_Clostridiales_f_Veillonellaceae_g_Megasphaera_s_NR_133027,0.7496124593501138
Non-rarefied Taxa,1,9,k_Bacteria_p_Firmicutes_A_c_Clostridia_258483_o_Lachnospirales_f_Lachnospiraceae_g_COE1,0.5425093955463833
Non-rarefied Taxa,1,10,k_Bacteria_p_Firmicutes_A_c_Clostridia_258483_o_Lachnospirales_f_Lachnospiraceae_g_COE1_s_NR_180833,0.5425093955463833
Non-rarefied Taxa,1,11,k_Bacteria_p_Proteobacteria_c_Gammaproteobacteria_o_Enterobacterales_A_737866_f_Enterobacteriaceae_A_g_Proteus,0.5123328520192041
Non-rarefied Taxa,16,12,k_Bacteria_p_Firmicutes_c_Clostridia_o_Clostridiales_f_Veillonellaceae_g_Dialister_s_NR_028862,0.5056426858463123
Non-rarefied Taxa,16,13,k_Bacteria_p_Bacteroidetes_c_Bacteroidia_o_Bacteroidales_f_Prevotellaceae_g_Prevotella_s_NR_113320,0.5031063333153725
Non-rarefied Taxa,10,14,p_Firmicutes_c_Erysipelotrichi_o_Erysipelotrichales_f_Erysipelotrichaceae_g_Coprobacillus_s_NR_144738,0.4880757361650467
Non-rarefied Taxa,16,15,k_Bacteria_p_Bacteroidetes_c_Bacteroidia_o_Bacteroidales_f_Odoribacteraceae_g_Butyricimonas_s_NR_179974,0.4816002608281169
Non-rarefied Taxa,10,16,p_Firmicutes_c_Clostridia_o_Clostridiales_f_Lachnospiraceae_g_Anaerostipes_s_NR_118670,0.4698924958705902
Non-rarefied Taxa,1,17,k_Bacteria_p_Proteobacteria_c_Gammaproteobacteria_o_Enterobacterales_A_737866_f_Enterobacteriaceae_A_g_Proteus_s_Proteus_mirabilis,0.4635968219902781
Non-rarefied Taxa,1,18,k_Bacteria_p_Actinobacteriota_c_Coriobacteriia_o_Coriobacteriales_f_Eggerthellaceae_g_Adlercreutzia_404257_s_Adlercreutzia_equolifaciens,0.4508430692884657
Non-rarefied Taxa,15,19,p_Bacteroidetes_c_Bacteroidia_o_Bacteroidales_f_Prevotellaceae_g_Prevotella_s_stercorea,0.4388206154108047
Non-rarefied Taxa,10,20,p_Bacteroidetes_c_Bacteroidia_o_Bacteroidales_f_Rikenellaceae_g_Alistipes_s_onderdonkii,0.4358527019619941
Non-rarefied Taxa,1,21,k_Bacteria_p_Actinobacteriota_c_Coriobacteriia_o_Coriobacteriales_f_Eggerthellaceae_g_Senegalimassilia_s_Senegalimassilia_faecalis,0.4356481949488321
Non-rarefied Taxa,1,22,k_Bacteria_p_Actinobacteriota_c_Coriobacteriia_o_Coriobacteriales_f_Eggerthellaceae_g_Senegalimassilia,0.4356481949488321
Non-rarefied Taxa,10,23,p_Firmicutes_c_Clostridia_o_Clostridiales_f_Lachnospiraceae_g_Anaerostipes,0.4158251643180847
Non-rarefied Taxa,1,24,k_Bacteria_p_Firmicutes_A_c_Clostridia_258483_o_Lachnospirales_f_Lachnospiraceae_g_Oliverpabstia,0.4145727508597904
Non-rarefied Taxa,16,25,k_Bacteria_p_Firmicutes_c_Clostridia_o_Clostridiales_f_Peptococcaceae_g_Peptococcus_s_NR_153710,0.4091205194592476
Non-rarefied Taxa,10,26,p_Firmicutes_c_Erysipelotrichi_o_Erysipelotrichales_f_Erysipelotrichaceae_g_Coprobacillus,0.4069838158786297
Non-rarefied Taxa,16,27,k_Bacteria_p_Bacteroidetes_c_Bacteroidia_o_Bacteroidales_f_Paraprevotellaceae_g_NR_s_NR_173659,0.393604165315628
Non-rarefied Taxa,10,28,p_Firmicutes_c_Clostridia_o_Clostridiales_f_Lachnospiraceae_g_NR_s_NR_189197,0.3897426009178161
Non-rarefied Taxa,16,29,k_Bacteria_p_Firmicutes_c_Erysipelotrichi_o_Erysipelotrichales_f_Erysipelotrichaceae_g_Bulleidia_s_p_1630_c5,0.3869548097252845
Non-rarefied Taxa,15,30,p_Bacteroidetes_c_Bacteroidia_o_Bacteroidales_f_Bacteroidaceae_g_Bacteroides,0.3817301116883754
Non-rarefied Taxa,15,31,p_Bacteroidetes_c_Bacteroidia_o_Bacteroidales_f_Bacteroidaceae,0.3817301116883754
Non-rarefied Taxa,1,32,k_Bacteria_p_Actinobacteriota_c_Actinomycetia_o_Actinomycetales_f_Bifidobacteriaceae_g_Bifidobacterium_388775_s_NR_074802,0.3730282376209895
Non-rarefied Taxa,1,33,k_Bacteria_p_Firmicutes_C_c_Negativicutes_o_Veillonellales_f_Megasphaeraceae,0.3673059158855013
Non-rarefied Taxa,10,34,p_Proteobacteria_c_Deltaproteobacteria_o_Desulfovibrionales_f_Desulfovibrionaceae_g_NR_s_NR_104990,0.3672508925199508
Non-rarefied Taxa,10,35,p_Proteobacteria_c_Deltaproteobacteria_o_Desulfovibrionales_f_Desulfovibrionaceae_g_NR,0.3672508925199508
Non-rarefied Taxa,15,36,p_Bacteroidetes_c_Bacteroidia_o_Bacteroidales_f_Prevotellaceae_g_Prevotella,0.3670554056763649
Non-rarefied Taxa,15,37,p_Bacteroidetes_c_Bacteroidia_o_Bacteroidales_f_Prevotellaceae,0.3670554056763649
Non-rarefied Taxa,10,38,p_Firmicutes_c_Clostridia_o_Clostridiales_f_Clostridiales_g_NR_s_NR_024829,0.3632762089371681
Non-rarefied Taxa,16,39,k_Bacteria_p_Firmicutes_c_Clostridia_o_Clostridiales_f_Veillonellaceae_g_Acidaminococcus_s_NR_037018,0.3611024808060358
Non-rarefied Taxa,15,40,p_Firmicutes_c_Clostridia_o_Clostridiales_f_Clostridiales,0.3566582962870598
Non-rarefied Taxa,15,41,p_Firmicutes_c_Clostridia_o_Clostridiales_f_Clostridiales_g_NR,0.3566582962870598
Non-rarefied Taxa,15,42,p_Firmicutes_c_Clostridia,0.3536343172192573
Non-rarefied Taxa,15,43,p_Firmicutes_c_Clostridia_o_Clostridiales,0.3534721851348877
Non-rarefied Taxa,16,44,k_Bacteria_p_Bacteroidetes_c_Bacteroidia_o_Bacteroidales_f_Bacteroidales_g_NR_s_NR_165720,0.3473533295094966
Non-rarefied Taxa,16,45,k_Bacteria_p_Firmicutes_c_Erysipelotrichi_o_Erysipelotrichales_f_Erysipelotrichaceae_g_Eubacterium_s_cylindroides,0.3468862384557724
Non-rarefied Taxa,10,46,p_Firmicutes_c_Clostridia_o_Clostridiales_f_Clostridiales_g_NR_s_NR_189245,0.3462146054953336
Non-rarefied Taxa,15,47,p_Bacteroidetes_c_Bacteroidia_o_Bacteroidales_f_Bacteroidaceae_g_Bacteroides_s_NR_041351,0.3431217893958092
Non-rarefied Taxa,16,48,k_Bacteria_p_Firmicutes_c_Clostridia_o_Clostridiales_f_Lachnospiraceae_g_Oribacterium,0.3236892193555832
Non-rarefied Taxa,16,49,k_Bacteria_p_Firmicutes_c_Clostridia_o_Clostridiales_f_Lachnospiraceae_g_Oribacterium_s_NR_029097,0.3236892193555832
Non-rarefied Taxa,16,50,k_Bacteria_p_Proteobacteria_c_Alphaproteobacteria_o_Sphingomonadales_f_Sphingomonadaceae_g_Sphingobium_s_yanoikuyae,0.2540162654318053
Non-rarefied Taxa,15,51,p_Bacteroidetes_c_Bacteroidia_o_Bacteroidales_f_Prevotellaceae_g_Prevotella_s_NR_147404,0.2517565296962903
Non-rarefied Taxa,9,52,p_Firmicutes_c_Clostridia_o_Clostridiales_f_Ruminococcaceae_g_Oscillospira_s_NR_173697,0.2360080406069755
Non-rarefied Taxa,11,53,p_Firmicutes_A_c_Clostridia_258483_o_Lachnospirales_f_Lachnospiraceae_g_Dorea_A_s_NR_179638,0.2304716594517231
Non-rarefied Taxa,9,54,p_Bacteroidetes_c_Bacteroidia_o_Bacteroidales_f_Bacteroidaceae_g_Bacteroides_s_NR_041351,0.2303267667696655
Non-rarefied Taxa,16,55,k_Bacteria_p_Bacteroidetes_c_Bacteroidia_o_Bacteroidales_f_Paraprevotellaceae_g_Prevotella_s_NR_118334,0.2275394554383775
Non-rarefied Taxa,11,56,p_Bacteroidota_c_Bacteroidia_o_Bacteroidales_f_Bacteroidaceae_g_Bacteroides_H_s_Bacteroides_H_stercoris,0.2269175980983028
Non-rarefied Taxa,9,57,p_Firmicutes_c_Clostridia_o_Clostridiales_f_Ruminococcaceae_g_Faecalibacterium,0.2156687494367361
Non-rarefied Taxa,9,58,p_Firmicutes_c_Clostridia_o_Clostridiales_f_Ruminococcaceae_g_Faecalibacterium_s_prausnitzii,0.2137022867798805
Non-rarefied Taxa,9,59,p_Firmicutes_c_Clostridia_o_Clostridiales_f_Ruminococcaceae_g_Faecalibacterium_s_NR_178280,0.2055929612368345
Non-rarefied Taxa,9,60,p_Firmicutes_c_Clostridia_o_Clostridiales_f_Veillonellaceae_g_Phascolarctobacterium,0.2047202333807945
Non-rarefied Taxa,15,61,p_Firmicutes_c_Clostridia_o_Clostridiales_f_Veillonellaceae_g_Megamonas_s_NR_041590,0.1999886795414543
Non-rarefied Taxa,15,62,p_Firmicutes_c_Clostridia_o_Clostridiales_f_Veillonellaceae_g_Megamonas,0.1999886795414543
Non-rarefied Taxa,9,63,p_Bacteroidetes_c_Bacteroidia_o_Bacteroidales_f_Bacteroidaceae_g_Bacteroides,0.1995408862829208
Non-rarefied Taxa,9,64,p_Bacteroidetes_c_Bacteroidia_o_Bacteroidales_f_Bacteroidaceae,0.1995408862829208
Non-rarefied Taxa,11,65,p_Firmicutes_A_c_Clostridia_258483_o_Peptostreptococcales_f_Peptostreptococcaceae_256921_g_Terrisporobacter_s_Terrisporobacter_glycolicus_239331,0.1984510496258735
Non-rarefied Taxa,11,66,p_Firmicutes_A_c_Clostridia_258483_o_Peptostreptococcales_f_Peptostreptococcaceae_256921_g_Terrisporobacter,0.198313220590353
Non-rarefied Taxa,15,67,p_Bacteroidetes_c_Bacteroidia_o_Bacteroidales_f_Bacteroidaceae_g_Bacteroides_s_NR_112893,0.1973810073487991
Non-rarefied Taxa,9,68,p_Firmicutes_c_Clostridia_o_Clostridiales_f_Lachnospiraceae_g_NR_s_NR_024570,0.1961433910056763
Non-rarefied Taxa,9,69,p_Proteobacteria_c_Gammaproteobacteria_o_Enterobacteriales_f_Enterobacteriaceae_g_NR_s_NR_024570,0.1939205696133436
Non-rarefied Taxa,11,70,p_Firmicutes_A_c_Clostridia_258483_o_Lachnospirales_f_Lachnospiraceae_g_Dorea_A,0.1925462123006582
Non-rarefied Taxa,9,71,p_Bacteroidetes_c_Bacteroidia_o_Bacteroidales,0.1903433162719011
Non-rarefied Taxa,9,72,p_Bacteroidetes_c_Bacteroidia,0.1903433162719011
Non-rarefied Taxa,15,73,p_Bacteroidetes_c_Bacteroidia_o_Bacteroidales_f_Bacteroidaceae_g_Bacteroides_s_NR_041313,0.1890572878730429
Non-rarefied Taxa,9,74,p_Firmicutes_c_Clostridia_o_Clostridiales_f_Ruminococcaceae_g_NR_s_NR_044972,0.188214711472392
Non-rarefied Taxa,11,75,p_Firmicutes_A_c_Clostridia_258483_o_Christensenellales_f_Borkfalkiaceae_g_UBA1259,0.1857009332627058
Non-rarefied Taxa,11,76,p_Firmicutes_A_c_Clostridia_258483_o_Christensenellales_f_Borkfalkiaceae,0.1839035458862781
Non-rarefied Taxa,9,77,p_Firmicutes_c_Bacilli_o_Lactobacillales_f_Enterococcaceae_g_Enterococcus_s_NR_026499,0.1811149403024167
Non-rarefied Taxa,11,78,p_Firmicutes_A_c_Clostridia_258483_o_Oscillospirales_f_CAG_382,0.1793478980660438
Non-rarefied Taxa,11,79,p_Firmicutes_A_c_Clostridia_258483_o_Oscillospirales_f_CAG_382_g_SFLA01,0.1793478980660438
Non-rarefied Taxa,15,80,p_Bacteroidetes_c_Bacteroidia_o_Bacteroidales_f_Bacteroidaceae_g_Bacteroides_s_NR_043017,0.1791418599729574
Non-rarefied Taxa,11,81,p_Firmicutes_A_c_Clostridia_258483_o_Lachnospirales_f_Lachnospiraceae_g_Mediterraneibacter_A_155507,0.1753036846406757
Non-rarefied Taxa,9,82,p_Firmicutes_c_Clostridia_o_Clostridiales_f_Peptostreptococcaceae_g_NR_s_NR_144740,0.1741776085422597
Non-rarefied Taxa,11,83,p_Firmicutes_A_c_Clostridia_258483_o_Christensenellales_f_Borkfalkiaceae_g_UBA1259_s_NR_025917,0.1718676876276731
Non-rarefied Taxa,15,84,p_Bacteroidetes_c_Bacteroidia_o_Bacteroidales_f_Bacteroidaceae_g_Bacteroides_s_NR_181010,0.171082525299514
Non-rarefied Taxa,15,85,p_Bacteroidetes_c_Bacteroidia_o_Bacteroidales_f__Barnesiellaceae_g_NR_s_NR_118316,0.1692096438632593
Non-rarefied Taxa,11,86,p_Bacteroidota_c_Bacteroidia_o_Bacteroidales_f_Bacteroidaceae_g_Bacteroides_H_s_NR_028607,0.1684372709843846
Non-rarefied Taxa,11,87,p_Bacteria_c_Bacteria_o_Bacteria_f_Bacteria_g_NR_s_NR_179651,0.1629651010951898
Non-rarefied Taxa,10,88,p_Firmicutes_c_Clostridia_o_Clostridiales_f_Ruminococcaceae_g_NR_s_NR_104846,0.1611704837069563
Non-rarefied Taxa,9,89,p_Proteobacteria_c_Gammaproteobacteria_o_Enterobacteriales_f_Enterobacteriaceae_g_Proteus_s_NR_104767,0.157886984415869
Non-rarefied Taxa,15,90,p_Firmicutes_c_Clostridia_o_Clostridiales_f_Lachnospiraceae_g_Lachnospira_s_NR_118667,0.1576636165840929
Non-rarefied Taxa,9,91,p_Firmicutes_c_Bacilli_o_Lactobacillales_f_Lactobacillaceae_g_Lactobacillus_s_zeae,0.147681923036726
Non-rarefied Taxa,15,92,p_Firmicutes_c_Clostridia_o_Clostridiales_f_Clostridiales_g_NR_s_NR_026104,0.1451669872371577
Non-rarefied Taxa,9,93,p_Bacteroidetes_c_Bacteroidia_o_Bacteroidales_f_Bacteroidaceae_g_Bacteroides_s_NR_028607,0.1365273308280297
Non-rarefied Taxa,10,94,p_Firmicutes_c_Clostridia_o_Clostridiales_f_Veillonellaceae_g_Mitsuokella,0.1356248819583492
Non-rarefied Taxa,9,95,p_Bacteroidetes_c_Bacteroidia_o_Bacteroidales_f_Bacteroidaceae_g_Bacteroides_s_NR_042745,0.1342725152089833
Non-rarefied Taxa,11,96,p_Firmicutes_A_c_Clostridia_258483_o_Lachnospirales_f_Lachnospiraceae_g_Butyribacter_s_Butyribacter_sp003529475,0.1226953482180163
Non-rarefied Taxa,10,97,p_Bacteroidetes_c_Bacteroidia_o_Bacteroidales_f__Odoribacteraceae_g_Butyricimonas_s_NR_126195,0.1214085754232573
Non-rarefied Taxa,10,98,p_Firmicutes_c_Clostridia_o_Clostridiales_f_Clostridiales_g_NR_s_NR_025651,0.1132381925601275
Non-rarefied Taxa,11,99,p_Firmicutes_D_c_Bacilli_o_Bacilli_f_Bacilli_g_NR_s_NR_041524,0.1079986347837159
Non-rarefied Taxa,11,100,p_Actinobacteriota_c_Coriobacteriia_o_Coriobacteriales_f_Eggerthellaceae_g_NR_s_NR_144751,0.1079959196617493
Non-rarefied Taxa,10,101,p_Firmicutes_c_Clostridia_o_Clostridiales_f_Lachnospiraceae_g__Ruminococcus_s_NR_116747,0.1074960162574335
Non-rarefied Taxa,11,102,p_Firmicutes_D_c_Bacilli_o_Lactobacillales_f_Enterococcaceae_g_Enterococcus_H_360604_s_Enterococcus_H_360604_faecalis,0.1056433130695315
Non-rarefied Taxa,11,103,p_Firmicutes_D_c_Bacilli_o_Lactobacillales_f_Enterococcaceae_g_Enterococcus_H_360604,0.1053150868351011
Non-rarefied Taxa,11,104,p_Firmicutes_A_c_Clostridia_258483_o_Oscillospirales_f_Acutalibacteraceae_g_Acutalibacter_s_NR_144736,0.1017745380536965
Non-rarefied Taxa,9,105,p_Bacteroidetes_c_Bacteroidia_o_Bacteroidales_f_Bacteroidaceae_g_Bacteroides_s_NR_074515,0.0950409882307625
Non-rarefied Taxa,15,106,p_Bacteroidetes_c_Bacteroidia_o_Bacteroidales_f_Porphyromonadaceae_g_Parabacteroides_s_NR_041343,0.0945246567544045
Non-rarefied Taxa,9,107,p_Firmicutes_c_Clostridia_o_Clostridiales_f_Veillonellaceae_g_Phascolarctobacterium_s_NR_026111,0.0870331285799787
Non-rarefied Taxa,15,108,p_Firmicutes_c_Clostridia_o_Clostridiales_f_Veillonellaceae_g_Mitsuokella,0.0850760235038824
Non-rarefied Taxa,15,109,p_Firmicutes_c_Clostridia_o_Clostridiales_f_Veillonellaceae_g_Mitsuokella_s_NR_028840,0.0836646189414627
Non-rarefied Taxa,9,110,p_Firmicutes_c_Clostridia_o_Clostridiales_f_Ruminococcaceae_g_NR_s_NR_147378,0.083254724271136
Non-rarefied Taxa,10,111,p_Firmicutes_c_Clostridia_o_Clostridiales_f_Lachnospiraceae_g_Lachnospira_s_NR_118667,0.0813087014242596
Non-rarefied Taxa,15,112,p_Bacteroidetes_c_Bacteroidia_o_Bacteroidales_f_Prevotellaceae_g_Prevotella_s_copri,0.0809855588779992
Non-rarefied Taxa,1,113,k_Bacteria_p_Firmicutes_A_c_Clostridia_258483_o_Lachnospirales_f_Lachnospiraceae_g_Eubacterium_I,0.0791464391851489
Non-rarefied Taxa,1,114,k_Bacteria_p_Firmicutes_A_c_Clostridia_258483_o_Lachnospirales_f_Lachnospiraceae_g_Eubacterium_I_s_NR_118674,0.0785794283529969
Non-rarefied Taxa,16,115,k_Bacteria_p_Bacteroidetes_c_Bacteroidia_o_Bacteroidales_f_Prevotellaceae_g_Prevotella_s_NR_179449,0.0785665975973374
Non-rarefied Taxa,15,116,p_Bacteroidetes_c_Bacteroidia_o_Bacteroidales_f_Rikenellaceae,0.0785470413266434
Non-rarefied Taxa,10,117,p_Firmicutes_c_Clostridia_o_Clostridiales_f_Lachnospiraceae_g_NR_s_NR_147396,0.0754892893711328
Non-rarefied Taxa,11,118,p_Bacteroidota_c_Bacteroidia_o_Bacteroidales_f_Bacteroidaceae_g_Bacteroides_H,0.0731111457649282
Non-rarefied Taxa,1,119,k_Bacteria_p_Firmicutes_A_c_Clostridia_258483_o_Lachnospirales_f_Lachnospiraceae_g_NR_s_NR_027557,0.0730497627446286
Non-rarefied Taxa,10,120,p_Firmicutes_c_Clostridia_o_Clostridiales_f_Clostridiales_g_NR_s_NR_165727,0.0723948859026313
Non-rarefied Taxa,9,121,p_Proteobacteria_c_Gammaproteobacteria_o_Enterobacteriales_f_Enterobacteriaceae_g_NR,0.070809863275073
Non-rarefied Taxa,10,122,p_Firmicutes_c_Clostridia_o_Clostridiales_f_Ruminococcaceae_g_NR_s_NR_151982,0.0690086769786185
Non-rarefied Taxa,1,123,k_Bacteria_p_Firmicutes_A_c_Clostridia_258483_o_Lachnospirales_f_Lachnospiraceae_g_Ruminococcus_B_s_Ruminococcus_B_gnavus,0.0665481318863493
Non-rarefied Taxa,1,124,k_Bacteria_p_Firmicutes_A_c_Clostridia_258483_o_Lachnospirales_f_Lachnospiraceae_g_NR_s_NR_104799,0.0664324823146264
Non-rarefied Taxa,10,125,p_Bacteroidetes_c_Bacteroidia_o_Bacteroidales_f__Paraprevotellaceae_g_Paraprevotella_s_NR_041626,0.0653364122404363
Non-rarefied Taxa,1,126,k_Bacteria_p_Actinobacteriota_c_Actinomycetia_o_Actinomycetales_f_Bifidobacteriaceae_g_Bifidobacterium_388775_s_Bifidobacterium_pseudocatenulatum,0.0652534768095759
Non-rarefied Taxa,10,127,p_Bacteroidetes_c_Bacteroidia_o_Bacteroidales_f__Paraprevotellaceae_g_Paraprevotella,0.0650052337286674
Non-rarefied Taxa,10,128,p_Firmicutes_c_Clostridia_o_Clostridiales_f_Ruminococcaceae_g_Gemmiger,0.0633451792625411
Non-rarefied Taxa,10,129,p_Firmicutes_c_Clostridia_o_Clostridiales_f_Ruminococcaceae_g_Gemmiger_s_formicilis,0.0633451792625411
Non-rarefied Taxa,9,130,p_Proteobacteria_c_Gammaproteobacteria_o_Enterobacteriales,0.0633317997515735
Non-rarefied Taxa,11,131,p_Bacteroidota_c_Bacteroidia_o_Bacteroidales_f_Bacteroidaceae_g_Prevotella,0.0624852744259329
Non-rarefied Taxa,1,132,k_Bacteria_p_Firmicutes_A_c_Clostridia_258483_o_Clostridia_258483_f_Clostridia_258483_g_NR_s_NR_179388,0.0623409501056101
Non-rarefied Taxa,1,133,k_Bacteria_p_Firmicutes_A_c_Clostridia_258483_o_Oscillospirales_f_Ruminococcaceae_g_Faecalibacterium_s_NR_199945,0.061385707171039
Non-rarefied Taxa,1,134,k_Bacteria_p_Firmicutes_A_c_Clostridia_258483_o_Oscillospirales_f_Ruminococcaceae_g_Gemmiger_A_73129_s_NR_199945,0.0612598476297882
Non-rarefied Taxa,9,135,p_Firmicutes_c_Clostridia_o_Clostridiales_f_Lachnospiraceae_g_Coprococcus_s_NR_118673,0.0612368375136258
Non-rarefied Taxa,16,136,k_Bacteria_p_Bacteroidetes_c_Bacteroidia_o_Bacteroidales_f_Prevotellaceae_g_Prevotella_s_NR_113110,0.0566890895600465
Non-rarefied Taxa,10,137,p_Firmicutes_c_Bacilli_o_Gemellales_f_Gemellaceae_g_NR_s_NR_133752,0.0506605271140748
Non-rarefied Taxa,11,138,p_Firmicutes_A_c_Clostridia_258483_o_Oscillospirales_f_Ruminococcaceae_g_Gemmiger_A_73129_s_NR_180622,0.0487072136350558
Non-rarefied Taxa,11,139,p_Bacteroidota_c_Bacteroidia_o_Bacteroidales_f_Marinifilaceae_g_Butyricimonas_s_NR_126194,0.0475093810143042
Non-rarefied Taxa,1,140,k_Bacteria_p_Firmicutes_A_c_Clostridia_258483_o_Oscillospirales_f_Oscillospirales,0.0460863605496847
Non-rarefied Taxa,1,141,k_Bacteria_p_Firmicutes_A_c_Clostridia_258483_o_Oscillospirales_f_Ruminococcaceae_g_Gemmiger_A_73129_s_NR_104846,0.045
Non-rarefied Taxa,1,142,k_Bacteria_p_Firmicutes_A_c_Clostridia_258483_o_Oscillospirales_f_Acutalibacteraceae_g_Anaeromassilibacillus,0.0449999999999999
Non-rarefied Taxa,1,143,k_Bacteria_p_Firmicutes_A_c_Clostridia_258483_o_Lachnospirales_f_Lachnospiraceae_g_Copromonas_s_Copromonas_sp900066535,0.0433333333333333
Non-rarefied Taxa,1,144,k_Bacteria_p_Firmicutes_A_c_Clostridia_258483_o_Lachnospirales_f_Lachnospiraceae_g_Enterocloster_s_Enterocloster_sp000431375,0.0396627513336568
Non-rarefied Taxa,1,145,k_Bacteria_p_Firmicutes_A_c_Clostridia_258483_o_Peptostreptococcales_f_Peptostreptococcaceae_256921_g_NR,0.0349999999999999
Non-rarefied Taxa,1,146,k_Bacteria_p_Firmicutes_A_c_Clostridia_258483_o_Peptostreptococcales_f_Peptostreptococcaceae_256921_g_NR_s_NR_144740,0.0349999999999999
Non-rarefied Taxa,1,147,k_Bacteria_p_Firmicutes_A_c_Clostridia_258483_o_Oscillospirales_f_Oscillospirales_g_NR,0.0341014268802252
Non-rarefied Taxa,1,148,k_Bacteria_p_Firmicutes_A_c_Clostridia_258483_o_Lachnospirales_f_Lachnospiraceae_g_Ventrisoma_s_Ventrisoma_faecale,0.032486602277342
Non-rarefied Taxa,1,149,k_Bacteria_p_Firmicutes_A_c_Clostridia_258483_o_Lachnospirales_f_Lachnospiraceae_g_Ventrisoma,0.032486602277342
Non-rarefied Taxa,1,150,k_Bacteria_p_Firmicutes_A_c_Clostridia_258483_o_Lachnospirales_f_Lachnospiraceae_g_Oliverpabstia_s_Oliverpabstia_faecicola,0.0316666666666666
Non-rarefied Taxa,1,151,k_Bacteria_p_Firmicutes_D_c_Bacilli_o_Erysipelotrichales_f_Erysipelotrichaceae_g_Merdibacter,0.0316666666666666
Non-rarefied Taxa,1,152,k_Bacteria_p_Firmicutes_D_c_Bacilli_o_Erysipelotrichales_f_Erysipelotrichaceae_g_Merdibacter_s_Merdibacter_massiliensis,0.0316666666666666
Non-rarefied Taxa,1,153,k_Bacteria_p_Firmicutes_A_c_Clostridia_258483_o_Christensenellales_f_CAG_74_g_NR_s_NR_181386,0.0316666666666666
Non-rarefied Taxa,10,154,p_Firmicutes_c_Erysipelotrichi_o_Erysipelotrichales_f_Erysipelotrichaceae_g_Clostridium_s_spiroforme,0.0312959960068745
Non-rarefied Taxa,1,155,k_Bacteria_p_Firmicutes_A_c_Clostridia_258483_o_Lachnospirales_f_Lachnospiraceae_g_Blautia_A_141780_s_Blautia_A_141780_hansenii,0.0299999999999999
Non-rarefied Taxa,1,156,k_Bacteria_p_Proteobacteria_c_Gammaproteobacteria_o_Enterobacterales_A_737866_f_Enterobacteriaceae_A_g_NR_s_NR_180451,0.0289224208431492
Non-rarefied Taxa,1,157,k_Bacteria_p_Proteobacteria_c_Gammaproteobacteria_o_Burkholderiales_592524_f_Burkholderiaceae_A_574934_g_Herbaspirillum_s_NR_114068,0.0283333333333333
Non-rarefied Taxa,1,158,k_Bacteria_p_Proteobacteria_c_Gammaproteobacteria_o_Burkholderiales_592524_f_Burkholderiaceae_A_574934_g_Herbaspirillum,0.0283333333333333
Non-rarefied Taxa,16,159,k_Bacteria_p_Firmicutes_c_Clostridia_o_Clostridiales_f_Veillonellaceae_g_Anaerovibrio,0.0283333333333332
Non-rarefied Taxa,16,160,k_Bacteria_p_Firmicutes_c_Clostridia_o_Clostridiales_f_Veillonellaceae_g_Anaerovibrio_s_NR_180826,0.0283333333333332
Non-rarefied Taxa,1,161,k_Bacteria_p_Bacteroidota_c_Bacteroidia_o_Bacteroidales_f_Rikenellaceae_g_Alistipes_A_871400_s_Alistipes_A_871400_dispar,0.0280685613188693
Non-rarefied Taxa,10,162,p_Firmicutes_c_Clostridia_o_Clostridiales_f_Ruminococcaceae_g_Ruminococcus_s_NR_145929,0.0277448276230898
Non-rarefied Taxa,1,163,k_Bacteria_p_Firmicutes_A_c_Clostridia_258483_o_Lachnospirales_f_Anaerotignaceae_g_Anaerotignum_189125_s_Anaerotignum_faecicola,0.0272358530740309
Non-rarefied Taxa,1,164,k_Bacteria_p_Firmicutes_A_c_Clostridia_258483_o_Oscillospirales_f_Oscillospiraceae_88309_g_Lawsonibacter_s_NR_179410,0.0266666666666666
Non-rarefied Taxa,10,165,p_Firmicutes_c_Clostridia_o_Clostridiales_f_Lachnospiraceae_g_Dorea_s_longicatena,0.0238333333333333
Non-rarefied Taxa,10,166,p_Proteobacteria,0.0235529423282762
Non-rarefied Taxa,1,167,k_Bacteria_p_Firmicutes_D_c_Bacilli_o_Haloplasmatales_A,0.0235056910338013
Non-rarefied Taxa,1,168,k_Bacteria_p_Firmicutes_A_c_Clostridia_258483_o_Oscillospirales_f_Oscillospiraceae_88309_g_NR_s_NR_180619,0.0233333333333333
Non-rarefied Taxa,1,169,k_Bacteria_p_Firmicutes_A_c_Clostridia_258483_o_Lachnospirales_f_Lachnospiraceae_g_Copromonas_s_Copromonas_sp000435795,0.0216666666666666
Non-rarefied Taxa,10,170,p_Bacteroidetes_c_Bacteroidia_o_Bacteroidales_f_Bacteroidaceae_g_Bacteroides_s_NR_112942,0.0206666666666666
Non-rarefied Taxa,1,171,k_Bacteria_p_Firmicutes_A_c_Clostridia_258483_o_Oscillospirales_f_Ruminococcaceae_g_Anaerotruncus_s_Anaerotruncus_colihominis,0.0199999999999999
Non-rarefied Taxa,15,172,p_Bacteroidetes_c_Bacteroidia_o_Bacteroidales_f__Odoribacteraceae_g_Odoribacter,0.0193694093856122
Non-rarefied Taxa,1,173,k_Bacteria_p_Firmicutes_D_c_Bacilli_o_Lactobacillales_f_Streptococcaceae_g_Streptococcus_s_NR_028664,0.0188796357405807
Non-rarefied Taxa,1,174,k_Bacteria_p_Firmicutes_A_c_Clostridia_258483_o_Christensenellales_f_CAG_138_g_Phil1_s_Phil1_sp002069725,0.0182596966001146
Non-rarefied Taxa,1,175,k_Bacteria_p_Firmicutes_A_c_Clostridia_258483_o_Christensenellales_f_CAG_138_g_Phil1,0.0182596966001146
Non-rarefied Taxa,11,176,p_Proteobacteria_c_Gammaproteobacteria_o_Burkholderiales_592524,0.0175829169636251
Non-rarefied Taxa,15,177,p_Firmicutes_c_Clostridia_o_Clostridiales_f_Veillonellaceae_g_Phascolarctobacterium_s_NR_112902,0.0170454545454545
Non-rarefied Taxa,15,178,p_Bacteroidetes_c_Bacteroidia_o_Bacteroidales_f_Bacteroidaceae_g_Bacteroides_s_ovatus,0.017030310117057
Non-rarefied Taxa,1,179,k_Bacteria_p_Firmicutes_D_c_Bacilli_o_Erysipelotrichales_f_Coprobacillaceae_g_Faecalibacillus_s_Faecalibacillus_faecis,0.0166666666666666
Non-rarefied Taxa,15,180,p_Bacteroidetes_c_Bacteroidia_o_Bacteroidales_f__Odoribacteraceae_g_Odoribacter_s_NR_113075,0.0163127239565919
Non-rarefied Taxa,10,181,p_Firmicutes_c_Clostridia_o_Clostridiales_f_Ruminococcaceae_g_Ruminococcus_s_bromii,0.0160416979497088
Non-rarefied Taxa,10,182,p_Firmicutes_c_Bacilli_o_Lactobacillales_f_Leuconostocaceae_g_Weissella,0.0159999999999999
Non-rarefied Taxa,10,183,p_Firmicutes_c_Bacilli_o_Gemellales,0.0156758838908063
Non-rarefied Taxa,9,184,p_Firmicutes_c_Clostridia_o_Clostridiales_f_Veillonellaceae,0.0150952221702613
Non-rarefied Taxa,10,185,p_Firmicutes_c_Clostridia_o_Clostridiales_f_Lachnospiraceae_g_NR_s_NR_180797,0.0150381158316592
Non-rarefied Taxa,15,186,p_Firmicutes_c_Clostridia_o_Clostridiales_f_Clostridiaceae_g_NR_s_NR_144749,0.0147727272727272
Non-rarefied Taxa,9,187,p_Actinobacteria,0.0138747704260938
Non-rarefied Taxa,15,188,p_Proteobacteria_c_Betaproteobacteria_o_Burkholderiales_f_Alcaligenaceae_g_Sutterella_s_NR_169348,0.0136931818181818
Non-rarefied Taxa,15,189,p_Firmicutes_c_Clostridia_o_Clostridiales_f_Ruminococcaceae_g_NR_s_NR_180148,0.0135227272727272
Non-rarefied Taxa,1,190,k_Bacteria_p_Firmicutes_A_c_Clostridia_258483_o_Oscillospirales_f_Oscillospiraceae_88309_g_Dysosmobacter_s_NR_041340,0.0133333333333333
Non-rarefied Taxa,1,191,k_Bacteria_p_Firmicutes_A_c_Clostridia_258483_o_Lachnospirales_f_Lachnospiraceae_g_Clostridium_Q_135853_s_Clostridium_Q_135853_saccharolyticum_A,0.0133333333333333
Non-rarefied Taxa,1,192,k_Bacteria_p_Firmicutes_A_c_Clostridia_258483_o_Lachnospirales_f_Anaerotignaceae_g_NR,0.0133333333333333
Non-rarefied Taxa,1,193,k_Bacteria_p_Firmicutes_A_c_Clostridia_258483_o_Oscillospirales_f_Acutalibacteraceae_g_CAG_177_s_CAG_177_sp003538135,0.0133333333333333
Non-rarefied Taxa,15,194,p_Firmicutes_c_Clostridia_o_Clostridiales_f_Ruminococcaceae_g_NR_s_NR_044644,0.0128977272727272
Non-rarefied Taxa,16,195,k_Bacteria_p_Firmicutes_c_Bacilli_o_Lactobacillales_f_Lactobacillaceae_g_NR,0.0123396696498278
Non-rarefied Taxa,10,196,p_Bacteroidetes_c_Bacteroidia_o_Bacteroidales_f_Bacteroidaceae_g_Bacteroides_s_fragilis,0.0116666666666666
Non-rarefied Taxa,10,197,p_Bacteroidetes_c_Bacteroidia_o_Bacteroidales_f_Prevotellaceae_g_Prevotella,0.0116666666666666
Non-rarefied Taxa,10,198,p_Firmicutes_c_Clostridia_o_Clostridiales_f_Ruminococcaceae_g_Ruminococcus,0.0116666666666666
Non-rarefied Taxa,10,199,p_Firmicutes_c_Clostridia_o_Clostridiales_f__Mogibacteriaceae_g_NR_s_NR_181399,0.0116666666666666
Non-rarefied Taxa,10,200,p_Firmicutes_c_Clostridia_o_Clostridiales_f_Lachnospiraceae_g_Dorea_s_NR_026100,0.0114999999999999
Non-rarefied Taxa,9,201,p_Proteobacteria_c_Deltaproteobacteria,0.0113413651802397
Non-rarefied Taxa,15,202,p_Firmicutes_c_Clostridia_o_Clostridiales_f_Clostridiales_g_NR_s_NR_152095,0.0112117884515089
Non-rarefied Taxa,15,203,p_Firmicutes_c_Clostridia_o_Clostridiales_f_Veillonellaceae_g_Phascolarctobacterium,0.0110795454545454
Non-rarefied Taxa,16,204,k_Bacteria_p_Firmicutes_c_Bacilli_o_Lactobacillales_f_Lactobacillaceae_g_NR_s_NR_025447,0.0103612944611487
Non-rarefied Taxa,1,205,k_Bacteria_p_Firmicutes_A_c_Clostridia_258483_o_Lachnospirales_f_Lachnospiraceae_g_Blautia_A_141781_s_NR_118692,0.0099999999999999
Non-rarefied Taxa,1,206,k_Bacteria_p_Firmicutes_A_c_Clostridia_258483_o_Clostridia_258483_f_Clostridia_258483_g_NR_s_NR_178971,0.0099999999999999
Non-rarefied Taxa,1,207,k_Bacteria_p_Firmicutes_A_c_Clostridia_258483_o_Lachnospirales_f_CAG_274_g_CAG_274_s_CAG_274_sp900545305,0.0099999999999999
Non-rarefied Taxa,1,208,k_Bacteria_p_Firmicutes_A_c_Clostridia_258483_o_Oscillospirales_f_Acutalibacteraceae_g_Anaeromassilibacillus_s_Anaeromassilibacillus_sp001305115,0.0096745528174172
Non-rarefied Taxa,11,209,p_Proteobacteria_c_Gammaproteobacteria_o_Burkholderiales_592524_f_Burkholderiaceae_A_580492,0.0095049349547918
Non-rarefied Taxa,10,210,p_Firmicutes_c_Bacilli_o_Lactobacillales_f_Leuconostocaceae_g_Leuconostoc_s_mesenteroides,0.0094999999999999
Non-rarefied Taxa,10,211,p_Firmicutes_c_Clostridia_o_Clostridiales_f_Ruminococcaceae_g_Clostridium_s_methylpentosum,0.0094999999999999
Non-rarefied Taxa,10,212,p_Firmicutes_c_Clostridia_o_Clostridiales_f_Ruminococcaceae_g_Clostridium,0.0094999999999999
Non-rarefied Taxa,10,213,p_Firmicutes_c_Clostridia_o_Clostridiales_f_Lachnospiraceae_g_NR_s_NR_181885,0.0094490050756119
Non-rarefied Taxa,15,214,p_Firmicutes_c_Bacilli_o_Lactobacillales_f_Aerococcaceae_g_NR_s_NR_028835,0.0094318181818181
Non-rarefied Taxa,15,215,p_Firmicutes_c_Bacilli_o_Lactobacillales_f_Aerococcaceae_g_NR,0.0094318181818181
Non-rarefied Taxa,16,216,k_Bacteria_p_Bacteroidetes_c_Bacteroidia_o_Bacteroidales_f_Rikenellaceae_g_Alistipes_s_massiliensis,0.0091546094635961
Non-rarefied Taxa,15,217,p_Firmicutes_c_Erysipelotrichi_o_Erysipelotrichales_f_Erysipelotrichaceae_g_NR_s_NR_176505,0.0090151641096419
Non-rarefied Taxa,15,218,p_Proteobacteria_c_Gammaproteobacteria_o_Pseudomonadales_f_Pseudomonadaceae_g_Pseudomonas_s_NR_113646,0.0085227272727272
Non-rarefied Taxa,9,219,p_Firmicutes_c_Clostridia_o_Clostridiales_f_Ruminococcaceae_g_Oscillospira,0.0083612273627285
Non-rarefied Taxa,10,220,p_Firmicutes_c_Clostridia_o_Clostridiales_f_Peptostreptococcaceae_g_NR_s_NR_144740,0.0083333333333333
Non-rarefied Taxa,10,221,p_Firmicutes_c_Clostridia_o_Clostridiales_f_Peptostreptococcaceae_g_NR,0.0083333333333333
Non-rarefied Taxa,9,222,p_Proteobacteria_c_Deltaproteobacteria_o_Desulfovibrionales_f_Desulfovibrionaceae,0.0081786609182154
Non-rarefied Taxa,15,223,p_Verrucomicrobia_c_Verrucomicrobiae_o_Verrucomicrobiales_f_Verrucomicrobiaceae,0.0080681818181818
Non-rarefied Taxa,15,224,p_Verrucomicrobia_c_Verrucomicrobiae_o_Verrucomicrobiales_f_Verrucomicrobiaceae_g_Akkermansia,0.0080681818181818
Non-rarefied Taxa,15,225,p_Verrucomicrobia_c_Verrucomicrobiae_o_Verrucomicrobiales_f_Verrucomicrobiaceae_g_Akkermansia_s_muciniphila,0.0080681818181818
Non-rarefied Taxa,15,226,p_Verrucomicrobia_c_Verrucomicrobiae,0.0080681818181818
Non-rarefied Taxa,15,227,p_Verrucomicrobia,0.0080681818181818
Non-rarefied Taxa,15,228,p_Verrucomicrobia_c_Verrucomicrobiae_o_Verrucomicrobiales,0.0080681818181818
Non-rarefied Taxa,9,229,p_Bacteroidetes_c_Bacteroidia_o_Bacteroidales_f_Bacteroidaceae_g_Bacteroides_s_ovatus,0.0079100529100528
Non-rarefied Taxa,16,230,k_Bacteria_p_Bacteroidetes_c_Sphingobacteriia_o_Sphingobacteriales,0.0074999999999999
Non-rarefied Taxa,16,231,k_Bacteria_p_Actinobacteria_c_Coriobacteriia_o_Coriobacteriales_f_Coriobacteriaceae_g_Eggerthella_s_lenta,0.0074999999999999
Non-rarefied Taxa,16,232,k_Bacteria_p_Firmicutes_c_Clostridia_o_Clostridiales_f_Lachnospiraceae_g_Clostridium_s_NR_147396,0.0074999999999999
Non-rarefied Taxa,16,233,k_Bacteria_p_Actinobacteria_c_Coriobacteriia_o_Coriobacteriales_f_Coriobacteriaceae_g_Eggerthella,0.0074999999999999
Non-rarefied Taxa,16,234,k_Bacteria_p_Bacteroidetes_c_Sphingobacteriia_o_Sphingobacteriales_f_Sphingobacteriaceae,0.0074999999999999
Non-rarefied Taxa,16,235,k_Bacteria_p_Firmicutes_c_Clostridia_o_Clostridiales_f_Eubacteriaceae,0.0074999999999999
Non-rarefied Taxa,16,236,k_Bacteria_p_Bacteroidetes_c_Sphingobacteriia,0.0074999999999999
Non-rarefied Taxa,16,237,k_Bacteria_p_Firmicutes_c_Clostridia_o_Clostridiales_f_Christensenellaceae_g_NR_s_NR_029198,0.0074999999999999
Non-rarefied Taxa,9,238,p_Firmicutes_c_Clostridia_o_Clostridiales_f_Lachnospiraceae,0.0073464046401027
Non-rarefied Taxa,15,239,p_Firmicutes_c_Clostridia_o_Clostridiales_f_Clostridiales_g_NR_s_NR_125677,0.00724055295939
Non-rarefied Taxa,10,240,p_Bacteroidetes_c_Bacteroidia_o_Bacteroidales_f_Rikenellaceae_g_Alistipes_s_indistinctus,0.0069999999999999
Non-rarefied Taxa,15,241,p_Firmicutes_c_Clostridia_o_Clostridiales_f_Ruminococcaceae_g_NR_s_NR_029313,0.0067045454545454
Non-rarefied Taxa,1,242,k_Bacteria_p_Firmicutes_A_c_Clostridia_258483_o_Oscillospirales_f_Acutalibacteraceae_g_UBA5905_s_UBA5905_sp002437905,0.0066079340226817
Non-rarefied Taxa,1,243,k_Bacteria_p_Bacteroidota_c_Bacteroidia_o_Bacteroidales_f_Bacteroidaceae_g_Bacteroides_H_s_Bacteroides_H_rodentium,0.0064926544475559
Non-rarefied Taxa,15,244,p_Bacteroidetes_c_Bacteroidia_o_Bacteroidales_f_Bacteroidaceae_g_Bacteroides_s_plebeius,0.00625
Non-rarefied Taxa,9,245,p_Bacteroidetes_c_Bacteroidia_o_Bacteroidales_f__Odoribacteraceae_g_Odoribacter,0.0062037037037037
Non-rarefied Taxa,1,246,k_Bacteria_p_Firmicutes_D_c_Bacilli_o_Haloplasmatales_A_f_Turicibacteraceae_g_Turicibacter,0.0061949089835527
Non-rarefied Taxa,1,247,k_Bacteria_p_Firmicutes_D_c_Bacilli_o_Haloplasmatales_A_f_Turicibacteraceae,0.0061948114297593
Non-rarefied Taxa,11,248,p_Firmicutes_A_c_Clostridia_258483_o_Lachnospirales_f_Lachnospiraceae_g_NR_s_NR_104799,0.0061888888888888
Non-rarefied Taxa,9,249,p_Firmicutes_c_Clostridia_o_Clostridiales_f_Ruminococcaceae_g_Ruminococcus_s_NR_114789,0.0060928045031602
Non-rarefied Taxa,10,250,p_Firmicutes_c_Clostridia_o_Clostridiales_f_Ruminococcaceae_g_Oscillospira_s_NR_147375,0.0059999999999999
Non-rarefied Taxa,9,251,p_Bacteroidetes_c_Bacteroidia_o_Bacteroidales_f_Rikenellaceae_g_NR_s_NR_113271,0.0056613756613756
Non-rarefied Taxa,15,252,p_Proteobacteria_c_Alphaproteobacteria_o_Sphingomonadales,0.005625
Non-rarefied Taxa,16,253,k_Bacteria_p_Firmicutes_c_Firmicutes_o_Firmicutes,0.0054535213778766
Non-rarefied Taxa,10,254,p_Firmicutes_c_Clostridia_o_Clostridiales_f_Lachnospiraceae_g__Ruminococcus_s_NR_112553,0.0049999999999999
Non-rarefied Taxa,11,255,p_Firmicutes_A_c_Clostridia_258483_o_Lachnospirales_f_Lachnospiraceae,0.0049833333333332
Non-rarefied Taxa,11,256,p_Proteobacteria_c_Gammaproteobacteria_o_Burkholderiales_592522_f_Burkholderiaceae_A_592522_g_NR,0.0049814242043584
Non-rarefied Taxa,11,257,p_Firmicutes_A_c_Clostridia_258483_o_Oscillospirales_f_Butyricicoccaceae,0.0049166666666666
Non-rarefied Taxa,1,258,k_Bacteria_p_Proteobacteria_c_Gammaproteobacteria_o_Burkholderiales_595427_f_Burkholderiaceae_A_595427_g_Parasutterella_s_Parasutterella_gallistercoris,0.0048943029148492
Non-rarefied Taxa,11,259,p_Firmicutes_A_c_Clostridia_258483_o_Lachnospirales_f_Lachnospiraceae_g_Coprococcus_A_187866,0.0047511248674681
Non-rarefied Taxa,9,260,p_Firmicutes_c_Clostridia_o_Clostridiales_f_Ruminococcaceae_g_Butyricicoccus_s_pullicaecorum,0.0047222222222222
Non-rarefied Taxa,1,261,k_Bacteria_p_Firmicutes_B_370539_c_Dehalobacteriia_o_Dehalobacteriales_f_Dehalobacteriaceae,0.0046286845166963
Non-rarefied Taxa,1,262,k_Bacteria_p_Firmicutes_A_c_Clostridia_258483_o_Oscillospirales_f_Ruminococcaceae_g_Anaerotruncus,0.004622821520693
Non-rarefied Taxa,10,263,p_Proteobacteria_c_Betaproteobacteria_o_Neisseriales_f_Neisseriaceae_g_Neisseria_s_NR_121687,0.0044999999999999
Non-rarefied Taxa,10,264,p_Proteobacteria_c_Deltaproteobacteria_o_Desulfovibrionales,0.0044999999999999
Non-rarefied Taxa,10,265,p_Synergistetes_c_Synergistia_o_Synergistales_f_Synergistaceae_g_Cloacibacillus,0.0044999999999999
Non-rarefied Taxa,10,266,p_Synergistetes_c_Synergistia_o_Synergistales_f_Synergistaceae_g_Cloacibacillus_s_NR_115465,0.0044999999999999
Non-rarefied Taxa,9,267,p_Proteobacteria_c_Alphaproteobacteria_o_Alphaproteobacteria,0.0044047619047618
Non-rarefied Taxa,9,268,p_Proteobacteria_c_Alphaproteobacteria_o_Alphaproteobacteria_f_Alphaproteobacteria,0.0044047619047618
Non-rarefied Taxa,15,269,p_Bacteroidetes_c_Bacteroidia_o_Bacteroidales_f_Prevotellaceae_g_Prevotella_s_NR_113118,0.0043749999999999
Non-rarefied Taxa,9,270,p_Proteobacteria_c_Deltaproteobacteria_o_Desulfovibrionales,0.0043692439179852
Non-rarefied Taxa,16,271,k_Bacteria_p_Proteobacteria_c_Gammaproteobacteria_o_Gammaproteobacteria_f_Gammaproteobacteria_g_NR,0.0042803548856176
Non-rarefied Taxa,15,272,p_Bacteroidetes_c_Bacteroidia_o_Bacteroidales_f_S24_7_g_NR_s_NR_180431,0.0041446041933673
Non-rarefied Taxa,11,273,p_Firmicutes_D_c_Bacilli_o_Erysipelotrichales_f_Coprobacillaceae_g_Erysipelatoclostridium_s_Clostridium_spiroforme,0.0041222222222221
Non-rarefied Taxa,15,274,p_Firmicutes_c_Clostridia_o_Clostridia_f_Clostridia,0.004090909090909
Non-rarefied Taxa,15,275,p_Firmicutes_c_Clostridia_o_Clostridia,0.004090909090909
Non-rarefied Taxa,15,276,p_Firmicutes_c_Clostridia_o_Clostridia_f_Clostridia_g_NR,0.004090909090909
Non-rarefied Taxa,10,277,p_Firmicutes_c_Clostridia_o_Clostridiales_f_Lachnospiraceae_g_NR_s_NR_025567,0.0039999999999999
Non-rarefied Taxa,9,278,p_Firmicutes_c_Bacilli_o_Bacillales,0.0039550264550264
Non-rarefied Taxa,11,279,p_Firmicutes_A_c_Clostridia_258483_o_Lachnospirales_f_Lachnospiraceae_g_Lachnoclostridium_B_s_Lachnoclostridium_B_sp900066555,0.0038722222222221
Non-rarefied Taxa,9,280,p_Actinobacteria_c_Coriobacteriia_o_Coriobacteriales,0.0037698412698412
Non-rarefied Taxa,11,281,p_Firmicutes_D_c_Bacilli_o_Lactobacillales_f_Streptococcaceae,0.0037444444444444
Non-rarefied Taxa,9,282,p_Firmicutes_c_Clostridia_o_Clostridiales_f_Veillonellaceae_g_Megasphaera,0.0037301587301586
Non-rarefied Taxa,10,283,p_Firmicutes_c_Erysipelotrichi_o_Erysipelotrichales,0.0037173521069355
Non-rarefied Taxa,9,284,p_Firmicutes_c_Bacilli_o_Bacillales_f_Bacillaceae_g_Bacillus_s_NR_024697,0.0037169312169311
Non-rarefied Taxa,9,285,p_Firmicutes_c_Bacilli_o_Lactobacillales_f_Lactobacillaceae_g_Lactobacillus,0.0036640211640211
Non-rarefied Taxa,11,286,p_Firmicutes_D_c_Bacilli_o_Lactobacillales,0.0036055555555555
Non-rarefied Taxa,9,287,p_Proteobacteria_c_Alphaproteobacteria_o_Caulobacterales_f_Caulobacteraceae_g_Brevundimonas_s_NR_028633,0.0035714285714285
Non-rarefied Taxa,11,288,p_Bacteroidota_c_Bacteroidia_o_Bacteroidales_f_Bacteroidaceae_g_Bacteroides_H_s_Bacteroides_H_fragilis,0.0035333333333332
Non-rarefied Taxa,9,289,p_Bacteroidetes_c_Bacteroidia_o_Bacteroidales_f__Odoribacteraceae_g_Butyricimonas_s_NR_126195,0.0035185185185185
Non-rarefied Taxa,10,290,p_Firmicutes_c_Clostridia_o_Clostridiales_f_Lachnospiraceae_g_NR_s_NR_173632,0.0034999999999999
Non-rarefied Taxa,10,291,p_Firmicutes_c_Clostridia_o_Clostridiales_f_Lachnospiraceae,0.0034999999999999
Non-rarefied Taxa,10,292,p_Firmicutes_c_Clostridia_o_Clostridiales_f_Ruminococcaceae_g_NR_s_NR_026204,0.0034999999999999
Non-rarefied Taxa,15,293,p_Bacteroidetes_c_Flavobacteriia,0.0034915147490076
Non-rarefied Taxa,9,294,p_Firmicutes_c_Clostridia_o_Clostridiales_f_Clostridiales_g_NR_s_NR_029269,0.0034523809523809
Non-rarefied Taxa,9,295,p_Proteobacteria_c_Gammaproteobacteria_o_Enterobacteriales_f_Enterobacteriaceae_g_Shigella_s_NR_024570,0.0034259259259258
Non-rarefied Taxa,11,296,p_Firmicutes_A_c_Clostridia_258483_o_Peptostreptococcales_f_Peptostreptococcaceae_256921_g_NR,0.0034022073735078
Non-rarefied Taxa,16,297,k_Bacteria_p_Firmicutes_c_Clostridia_o_Clostridiales_f_Lachnospiraceae_g_NR_s_NR_133762,0.0033333333333333
Non-rarefied Taxa,16,298,k_Bacteria_p_Actinobacteria_c_Coriobacteriia_o_Coriobacteriales_f_Coriobacteriaceae_g_NR_s_NR_144751,0.0033333333333333
Non-rarefied Taxa,10,299,p_Fusobacteria_c_Fusobacteriia_o_Fusobacteriales_f_Fusobacteriaceae,0.0033333333333333
Non-rarefied Taxa,1,300,k_Bacteria_p_Firmicutes_A_c_Clostridia_258483_o_Lachnospirales_f_Lachnospiraceae_g_Clostridium_Q_134516_s_NR_118730,0.0033333333333333
Non-rarefied Taxa,1,301,k_Bacteria_p_Firmicutes_D_c_Bacilli_o_Lactobacillales_f_Streptococcaceae_g_Streptococcus_s_NR_115241,0.0033333333333333
Non-rarefied Taxa,10,302,p_Bacteroidetes_c_Bacteroidia_o_Bacteroidales_f_Prevotellaceae_g_Prevotella_s_NR_044627,0.0033333333333333
Non-rarefied Taxa,11,303,p_Firmicutes_C_c_Negativicutes_o_Acidaminococcales_f_Acidaminococcaceae_g_Phascolarctobacterium_A,0.0032499999999999
Non-rarefied Taxa,9,304,p_Firmicutes_c_Clostridia_o_Clostridiales_f_Christensenellaceae_g_NR,0.0032407407407407
Non-rarefied Taxa,9,305,p_Firmicutes_c_Clostridia_o_Clostridiales_f_Ruminococcaceae_g_Anaerotruncus,0.0032275132275132
Non-rarefied Taxa,11,306,p_Firmicutes_A_c_Clostridia_258483_o_Lachnospirales_f_Lachnospiraceae_g_Enterocloster_s_Enterocloster_sp000431375,0.0032166666666666
Non-rarefied Taxa,15,307,p_Firmicutes_c_Clostridia_o_Clostridiales_f_Clostridiaceae_g_Clostridium_s_NR_159227,0.0031818181818181
Non-rarefied Taxa,11,308,p_Firmicutes_A_c_Clostridia_258483_o_Lachnospirales_f_Lachnospiraceae_g_Coprococcus_A_187866_s_Coprococcus_A_187866_catus,0.0031647749232146
Non-rarefied Taxa,11,309,p_Firmicutes_A_c_Clostridia_258483_o_Lachnospirales_f_Lachnospiraceae_g_Merdisoma_s_NR_180026,0.003111111111111
Non-rarefied Taxa,15,310,p_Firmicutes_c_Clostridia_o_Clostridiales_f__Tissierellaceae_g_Peptoniphilus,0.0030972203324808
Non-rarefied Taxa,10,311,p_Firmicutes_c_Clostridia_o_Clostridiales_f_Lachnospiraceae_g_Blautia_s_NR_109014,0.0029999999999999
Non-rarefied Taxa,11,312,p_Firmicutes_D,0.0029953693515592
Non-rarefied Taxa,11,313,p_Firmicutes_C_c_Negativicutes,0.0029939332663052
Non-rarefied Taxa,11,314,p_Proteobacteria_c_Gammaproteobacteria_o_Burkholderiales_592524_f_Burkholderiaceae_A_580492_g_Cupriavidus,0.0029833913839086
Non-rarefied Taxa,11,315,p_Proteobacteria_c_Gammaproteobacteria_o_Burkholderiales_595427_f_Burkholderiaceae_A_595427_g_Sutterella_s_Sutterella_wadsworthensis_A_565869,0.0029833333333333
Non-rarefied Taxa,10,316,p_Proteobacteria_c_Gammaproteobacteria_o_Pasteurellales_f_Pasteurellaceae_g_Aggregatibacter_s_NR_025423,0.0029233809197324
Non-rarefied Taxa,11,317,p_Actinobacteriota_c_Actinomycetia_o_Propionibacteriales_f_Propionibacteriaceae_g_Cutibacterium_s_Cutibacterium_acnes,0.0029166666666666
Non-rarefied Taxa,15,318,p_Proteobacteria_c_Gammaproteobacteria_o_Pseudomonadales_f_Moraxellaceae_g_Acinetobacter_s_NR_026208,0.0029010839629444
Non-rarefied Taxa,11,319,p_Firmicutes_D_c_Bacilli_o_Lactobacillales_f_Streptococcaceae_g_Lactococcus_A_346120_s_Lactococcus_A_346120_lactis_344179,0.0028888888888888
Non-rarefied Taxa,10,320,p_Firmicutes_c_Clostridia_o_Clostridiales_f_Lachnospiraceae_g_Clostridium_s_colinum,0.0028810868345852
Non-rarefied Taxa,11,321,p_Firmicutes_A_c_Clostridia_258483_o_Oscillospirales_f_Acutalibacteraceae_g_CAG_217_s_NR_170495,0.0028777777777777
Non-rarefied Taxa,15,322,p_Proteobacteria_c_Alphaproteobacteria_o_RF32_f_RF32_g_NR,0.0028454424214552
Non-rarefied Taxa,11,323,p_Firmicutes_A_c_Clostridia_258483_o_Lachnospirales_f_Lachnospiraceae_g_Blautia_A_141780,0.0027888888888888
Non-rarefied Taxa,15,324,p_Firmicutes_c_Clostridia_o_Clostridiales_f__Tissierellaceae_g_Anaerococcus_s_NR_041940,0.0027272727272727
Non-rarefied Taxa,11,325,p_Bacteroidota_c_Bacteroidia_o_Bacteroidales_f_Tannerellaceae_g_Parabacteroides_B_862066_s_Parabacteroides_B_862066_distasonis,0.0026663129161655
Non-rarefied Taxa,1,326,k_Bacteria_p_Proteobacteria_c_Gammaproteobacteria_o_Burkholderiales_595427_f_Burkholderiaceae_A_595427_g_Parasutterella,0.0026413465471726
Non-rarefied Taxa,9,327,p_Bacteroidetes_c_Bacteroidia_o_Bacteroidales_f__Odoribacteraceae_g_Butyricimonas_s_NR_146820,0.0026322751322751
Non-rarefied Taxa,15,328,p_Proteobacteria_c_Alphaproteobacteria_o_Rhizobiales,0.0026183656779631
Non-rarefied Taxa,11,329,p_Cyanobacteria_c_Vampirovibrionia_o_Obscuribacterales_f_Obscuribacteraceae_g_SBAT01,0.0026055555555555
Non-rarefied Taxa,11,330,p_Cyanobacteria_c_Vampirovibrionia_o_Obscuribacterales_f_Obscuribacteraceae_g_SBAT01_s_SBAT01_sp005240105,0.0026055555555555
Non-rarefied Taxa,11,331,p_Firmicutes_D_c_Bacilli_o_Lactobacillales_f_Streptococcaceae_g_Lactococcus_A_346120,0.0025888888888888
Non-rarefied Taxa,10,332,p_Firmicutes_c_Clostridia_o_Clostridiales_f_Dehalobacteriaceae,0.0024999999999999
Non-rarefied Taxa,10,333,p_Firmicutes_c_Clostridia_o_Clostridiales_f_Dehalobacteriaceae_g_Dehalobacterium,0.0024999999999999
Non-rarefied Taxa,10,334,p_Firmicutes_c_Clostridia_o_Clostridiales_f_Ruminococcaceae_g_Oscillospira_s_NR_144611,0.0024999999999999
Non-rarefied Taxa,10,335,p_Firmicutes_c_Clostridia_o_Clostridiales_f_Ruminococcaceae_g_NR_s_NR_179559,0.0024999999999999
Non-rarefied Taxa,10,336,p_Firmicutes_c_Clostridia_o_Clostridiales_f_Ruminococcaceae_g_Ruminococcus_s_callidus,0.00241393132115
Non-rarefied Taxa,10,337,p_Firmicutes_c_Clostridia_o_Clostridiales_f_Lachnospiraceae_g_Lachnospira,0.0023132288097758
Non-rarefied Taxa,10,338,p_Bacteroidetes_c_Bacteroidia_o_Bacteroidales_f_Rikenellaceae_g_NR,0.0023036710627898
Non-rarefied Taxa,9,339,p_Proteobacteria_c_Gammaproteobacteria_o_Enterobacteriales_f_Enterobacteriaceae_g_Shigella,0.0022751322751322
Non-rarefied Taxa,15,340,p_Firmicutes_c_Clostridia_o_Clostridiales_f_Clostridiaceae_g_Clostridium_s_NR_115340,0.0022727272727272
Non-rarefied Taxa,9,341,p_Firmicutes_c_Clostridia_o_Clostridiales_f_Ruminococcaceae_g_Oscillospira_s_NR_179330,0.0022486772486772
Non-rarefied Taxa,11,342,p_Firmicutes_A_c_Clostridia_258483_o_Lachnospirales_f_Lachnospiraceae_g_Blautia_A_141781_s_NR_181402,0.002211111111111
Non-rarefied Taxa,11,343,p_Bacteria_c_Bacteria_o_Bacteria_f_Bacteria_g_NR_s_NR_152095,0.0020999999999999
Non-rarefied Taxa,9,344,p_Firmicutes_c_Erysipelotrichi_o_Erysipelotrichales_f_Erysipelotrichaceae_g__Eubacterium_,0.0020105820105819
Non-rarefied Taxa,10,345,p_Firmicutes_c_Clostridia_o_Clostridiales_f_Lachnospiraceae_g_NR_s_NR_180026,0.0019999999999999
Non-rarefied Taxa,10,346,p_Firmicutes_c_Clostridia_o_Clostridiales_f_Lachnospiraceae_g_NR_s_NR_181397,0.0019999999999999
Non-rarefied Taxa,10,347,p_Firmicutes_c_Clostridia_o_Clostridiales_f_Lachnospiraceae_g_Blautia_s_NR_044054,0.0019999999999999
Non-rarefied Taxa,11,348,p_Firmicutes_A_c_Clostridia_258483_o_Oscillospirales_f_Acutalibacteraceae_g_Ruminococcus_E_s_Ruminococcus_E_bromii_B,0.0019722222222221
Non-rarefied Taxa,9,349,p_Tenericutes_c_Mollicutes_o_RF39_f_RF39_g_NR_s_NR_118703,0.0019444444444444
Non-rarefied Taxa,15,350,p_Firmicutes_c_Clostridia_o_Clostridiales_f_Lachnospiraceae_g_NR_s_NR_116747,0.001930850929297
Non-rarefied Taxa,15,351,p_Firmicutes_c_Clostridia_o_Clostridiales_f_Veillonellaceae_g_Anaerovibrio,0.001875
Non-rarefied Taxa,15,352,p_Firmicutes_c_Clostridia_o_Clostridiales_f_Clostridiales_g_NR_s_NR_114326,0.0018668691398402
Non-rarefied Taxa,15,353,p_Proteobacteria_c_Gammaproteobacteria_o_Enterobacteriales_f_Enterobacteriaceae_g_NR,0.0017757261090351
Non-rarefied Taxa,11,354,p_Actinobacteriota_c_Coriobacteriia_o_Coriobacteriales_f_Eggerthellaceae_g_Slackia_A_s_Slackia_A_exigua,0.0017222222222222
Non-rarefied Taxa,11,355,p_Bacteria,0.0016798289980347
Non-rarefied Taxa,15,356,p_Bacteroidetes_c_Bacteroidia_o_Bacteroidales_f_Rikenellaceae_g_NR,0.0016761888509412
Non-rarefied Taxa,1,357,k_Bacteria_p_Fusobacteriota_c_Fusobacteriia,0.0016666666666666
Non-rarefied Taxa,16,358,k_Bacteria_p_Bacteroidetes_c_Bacteroidia_o_Bacteroidales_f_Rikenellaceae_g_NR_s_NR_102861,0.0016666666666666
Non-rarefied Taxa,16,359,k_Bacteria_p_Firmicutes_c_Clostridia_o_Clostridiales_f_Ruminococcaceae_g_NR_s_NR_169458,0.0016666666666666
Non-rarefied Taxa,16,360,k_Bacteria_p_Cyanobacteria_c_4C0d_2_o_YS2_f_YS2_g_NR_s_NR_179458,0.0016666666666666
Non-rarefied Taxa,16,361,k_Bacteria_p_Firmicutes_c_Clostridia_o_Clostridiales_f_Clostridiales_g_NR_s_NR_144611,0.0016666666666666
Non-rarefied Taxa,10,362,p_Bacteroidetes_c_Bacteroidia_o_Bacteroidales_f__Barnesiellaceae_g_NR_s_NR_041668,0.001655931472271
Non-rarefied Taxa,9,363,p_Bacteroidetes_c_Bacteroidia_o_Bacteroidales_f_Prevotellaceae_g_Prevotella_s_NR_151886,0.0016534391534391
Non-rarefied Taxa,11,364,p_Firmicutes_A_c_Clostridia_258483_o_Lachnospirales_f_Lachnospiraceae_g_NR_s_NR_037068,0.0016166666666666
Non-rarefied Taxa,9,365,p_Firmicutes_c_Clostridia_o_Clostridiales_f_Clostridiales_g_NR_s_NR_189244,0.0016137566137565
Non-rarefied Taxa,11,366,p_Firmicutes_A_c_Clostridia_258483_o_Tissierellales_f_Peptoniphilaceae_g_Peptoniphilus_C_s_Peptoniphilus_C_nemausensis,0.001611111111111
Non-rarefied Taxa,15,367,p_Bacteroidetes_c_Bacteroidia_o_Bacteroidales_f__Odoribacteraceae_,0.0015983941996798
Non-rarefied Taxa,15,368,p_Firmicutes_c_Clostridia_o_Clostridiales_f__Tissierellaceae_g_ph2,0.0015630905652034
Non-rarefied Taxa,9,369,p_Firmicutes_c_Clostridia_o_Clostridiales_f_Eubacteriaceae_g_Pseudoramibacter_Eubacterium_s_NR_026330,0.0015608465608465
Non-rarefied Taxa,11,370,p_Firmicutes_D_c_Bacilli_o_Erysipelotrichales_f_Coprobacillaceae_g_Erysipelatoclostridium_s_NR_119286,0.0014833333333333
Non-rarefied Taxa,11,371,p_Firmicutes_A_c_Clostridia_258483_o_TANB77_f_CAG_508_g_NR_s_NR_179800,0.0014777777777777
Non-rarefied Taxa,11,372,p_Proteobacteria_c_Alphaproteobacteria_o_Rhodobacterales_f_Rhodobacteraceae_g_NR,0.0014777777777777
Non-rarefied Taxa,9,373,k_Archaea_p_Euryarchaeota_c_Methanobacteria_o_Methanobacteriales_f_Methanobacteriaceae_g_Methanobrevibacter,0.0014417989417989
Non-rarefied Taxa,9,374,k_Archaea_p_Euryarchaeota_c_Methanobacteria_o_Methanobacteriales_f_Methanobacteriaceae_g_Methanobrevibacter_s_NR_044786,0.0014417989417989
Non-rarefied Taxa,15,375,p_Bacteroidetes_c_Bacteroidia_o_Bacteroidales_f_Bacteroidaceae_g_Bacteroides_s_NR_042499,0.0013923083209565
Non-rarefied Taxa,11,376,p_Proteobacteria_c_Gammaproteobacteria_o_Enterobacterales_A_737866_f_Enterobacteriaceae_A_g_Escherichia_710834_s_NR_104901,0.0013666666666666
Non-rarefied Taxa,15,377,p_Bacteroidetes_c_Bacteroidia_o_Bacteroidales_f_Rikenellaceae_g_NR_s_NR_144706,0.0013636363636363
Non-rarefied Taxa,11,378,p_Campylobacterota_c_Campylobacteria,0.0013168769222269
Non-rarefied Taxa,11,379,p_Proteobacteria_c_Gammaproteobacteria_o_Burkholderiales_592522_f_Burkholderiaceae_A_592522_g_Pelomonas,0.0011248167369026
Non-rarefied Taxa,11,380,p_Actinobacteriota,0.001119444909974
Non-rarefied Taxa,11,381,p_Firmicutes_A_c_Clostridia_258483_o_Lachnospirales_f_Lachnospiraceae_g_Eubacterium_I_s_NR_118674,0.0010499999999999
Non-rarefied Taxa,9,382,p_Verrucomicrobia_c_Verrucomicrobiae_o_Verrucomicrobiales_f_Verrucomicrobiaceae_g_Akkermansia_s_muciniphila,0.0010460653176618
Non-rarefied Taxa,10,383,p_Bacteroidetes_c_Bacteroidia_o_Bacteroidales_f_Bacteroidaceae_g_Bacteroides_s_NR_041278,0.0010416716042012
Non-rarefied Taxa,10,384,p_Firmicutes_c_Clostridia_o_Clostridiales_f_Ruminococcaceae_g_Oscillospira_s_NR_043142,0.0009999999999999
Non-rarefied Taxa,15,385,p_Firmicutes_c_Clostridia_o_Clostridiales_f_Lachnospiraceae_g_NR_s_NR_118692,0.0009803293646833
Non-rarefied Taxa,11,386,p_Bacteria_c_Bacteria_o_Bacteria_f_Bacteria_g_NR_s_NR_041236,0.0009499999999999
Non-rarefied Taxa,11,387,p_Firmicutes_A_c_Clostridia_258483_o_Lachnospirales_f_Lachnospiraceae_g_Bariatricus,0.0009409281046598
Non-rarefied Taxa,9,388,p_Bacteroidetes_c_Bacteroidia_o_Bacteroidales_f_Bacteroidaceae_g_Bacteroides_s_caccae,0.000917915440841
Non-rarefied Taxa,11,389,p_Proteobacteria,0.0008897564909352
Non-rarefied Taxa,11,390,p_Firmicutes_A_c_Firmicutes_A_o_Firmicutes_A,0.0008849082049148
Non-rarefied Taxa,10,391,p_Firmicutes_c_Clostridia_o_Clostridiales_f_Ruminococcaceae_g_Oscillospira_s_NR_179531,0.0008845388712035
Non-rarefied Taxa,10,392,p_Firmicutes_c_Clostridia_o_Clostridiales_f_Clostridiaceae_g_Clostridium_s_NR_180617,0.0008824753047124
Non-rarefied Taxa,10,393,p_Proteobacteria_c_Betaproteobacteria_o_Burkholderiales_f_Alcaligenaceae,0.0008477200190447
Non-rarefied Taxa,16,394,k_Bacteria_p_Firmicutes_c_Clostridia_o_Clostridiales_f_Tissierellaceae_g_Anaerococcus_s_NR_133036,0.0008333333333333
Non-rarefied Taxa,16,395,k_Bacteria_p_Firmicutes_c_Clostridia_o_Clostridiales_f_Lachnospiraceae_g_NR_s_NR_173596,0.0008333333333333
Non-rarefied Taxa,16,396,k_Bacteria_p_Firmicutes_c_Clostridia_o_Clostridiales_f_Ruminococcaceae_g_NR_s_NR_181390,0.0008333333333333
Non-rarefied Taxa,16,397,k_Bacteria_p_Bacteroidetes_c_Bacteroidia_o_Bacteroidales_f_Rikenellaceae_g_NR_s_NR_145882,0.0008333333333333
Non-rarefied Taxa,10,398,p_Firmicutes_c_Clostridia_o_Clostridiales_f_Lachnospiraceae_g_Clostridium,0.0008019210570475
Non-rarefied Taxa,15,399,p_Firmicutes_c_Clostridia_o_Clostridiales_f_Lachnospiraceae_g_NR_s_NR_036928,0.0007994120083083
Non-rarefied Taxa,10,400,p_Firmicutes_c_Clostridia_o_Clostridiales_f_Ruminococcaceae_g_Oscillospira_s_NR_200000,0.0007347877112114
Non-rarefied Taxa,11,401,p_Bacteroidota_c_Bacteroidia_o_Bacteroidales_f_Bacteroidaceae_g_Bacteroides_H_s_NR_181532,0.000727205654967
Non-rarefied Taxa,11,402,p_Bdellovibrionota_E,0.0006942296247041
Non-rarefied Taxa,10,403,p_Firmicutes_c_Clostridia_o_Clostridiales_f_Lachnospiraceae_g_Clostridium_s_clostridioforme,0.000642552820871
Non-rarefied Taxa,10,404,p_Firmicutes_c_Clostridia_o_Clostridiales_f_Lachnospiraceae_g_NR_s_NR_179276,0.0006188177773894
Non-rarefied Taxa,9,405,p_Firmicutes_c_Bacilli_o_Lactobacillales_f_Leuconostocaceae,0.000595238095238
Non-rarefied Taxa,9,406,p_Firmicutes_c_Bacilli_o_Lactobacillales_f_Streptococcaceae_g_Streptococcus_s_agalactiae,0.000595238095238
Non-rarefied Taxa,9,407,p_Firmicutes_c_Clostridia_o_Clostridiales_f_Lachnospiraceae_g_Lachnobacterium_s_NR_074634,0.000595238095238
Non-rarefied Taxa,9,408,p_Proteobacteria_c_Gammaproteobacteria_o_Enterobacteriales_f_Enterobacteriaceae_g_NR_s_NR_037084,0.0005789029015195
Non-rarefied Taxa,11,409,p_Firmicutes_A_c_Clostridia_258483_o_Clostridia_258483_f_Clostridia_258483_g_NR_s_NR_074634,0.0005333333333333
Non-rarefied Taxa,11,410,p_Firmicutes_A_c_Clostridia_258483_o_Oscillospirales_f_Oscillospirales_g_NR_s_NR_179531,0.0004888888888888
Non-rarefied Taxa,9,411,p_Firmicutes_c_Bacilli_o_Lactobacillales_f_Enterococcaceae,0.0004833260066404
Non-rarefied Taxa,11,412,p_Firmicutes_A_c_Clostridia_258483_o_Peptostreptococcales_f_Anaerovoracaceae_g_Alterileibacterium,0.0004666666666666
Non-rarefied Taxa,11,413,p_Firmicutes_A_c_Clostridia_258483_o_Peptostreptococcales_f_Anaerovoracaceae_g_Alterileibacterium_s_Alterileibacterium_massiliense,0.0004666666666666
Non-rarefied Taxa,9,414,p_Firmicutes_c_Clostridia_o_SHA_98_f_SHA_98_g_NR_s_NR_181386,0.0004650241549862
Non-rarefied Taxa,11,415,p_Bacteria_c_Bacteria_o_Bacteria_f_Bacteria_g_NR_s_NR_173642,0.0003999999999999
Non-rarefied Taxa,11,416,p_Firmicutes_A_c_Clostridia_258483_o_Lachnospirales_f_Lachnospiraceae_g_NR_s_NR_074652,0.0003999999999999
Non-rarefied Taxa,9,417,p_Proteobacteria_c_Alphaproteobacteria_o_RF32,0.0003944038726891
Non-rarefied Taxa,10,418,p_Actinobacteria_c_Coriobacteriia_o_Coriobacteriales_f_Coriobacteriaceae_g_Slackia_s_NR_113188,0.0003929625292729
Non-rarefied Taxa,11,419,p_Firmicutes_D_c_Bacilli_o_Lactobacillales_f_Streptococcaceae_g_Streptococcus,0.0003915618048138
Non-rarefied Taxa,11,420,p_Firmicutes_A_c_Clostridia_258483_o_Lachnospirales_f_Lachnospiraceae_g_CAG_317_146760_s_CAG_317_sp000433215,0.0003515635795322
Non-rarefied Taxa,10,421,p_Firmicutes_c_Clostridia_o_Clostridiales_f_Lachnospiraceae_g_NR_s_NR_181398,0.0003357425409682
Non-rarefied Taxa,10,422,p_Firmicutes_c_Bacilli_o_Lactobacillales_f_Enterococcaceae,0.0003324023279123
Non-rarefied Taxa,9,423,p_Actinobacteria_c_Actinobacteria_o_Bifidobacteriales_f_Bifidobacteriaceae_g_Bifidobacterium,0.0003108675158718
Non-rarefied Taxa,9,424,p_Firmicutes_c_Clostridia_o_Clostridiales_f_Veillonellaceae_g_Veillonella_s_dispar,0.0002885031417862
Non-rarefied Taxa,11,425,p_Actinobacteriota_c_Actinomycetia_o_Mycobacteriales_f_Mycobacteriaceae_g_Corynebacterium_s_Corynebacterium_amycolatum_A,0.0002651363231792
Non-rarefied Taxa,11,426,p_Patescibacteria_c_Saccharimonadia,0.0002460515550861
Non-rarefied Taxa,11,427,p_Bacteroidota_c_Bacteroidia_o_Bacteroidales_f_Bacteroidaceae_g_Phocaeicola_A_858004_s_Phocaeicola_A_858004_coprocola,0.0002280232058339
Non-rarefied Taxa,16,428,k_Bacteria_p_Elusimicrobia_c_Elusimicrobia,0.0
Non-rarefied Taxa,16,429,k_Bacteria_p_Elusimicrobia,0.0
Non-rarefied Taxa,16,430,k_Bacteria_p_Spirochaetes,0.0
Non-rarefied Taxa,11,431,p_Firmicutes_A_c_Clostridia_258483_o_Lachnospirales_f_Lachnospiraceae_g_Butyrivibrio_A_168226_s_NR_102893,-0.0004888888888889
Rarefied ASV,11,1,p_Firmicutes_G_c_Limnochordia_o_DTU010_f_DTU012_g_DTU012,113629409023.13184
Rarefied ASV,16,2,p_Proteobacteria_c_Betaproteobacteria_o_Burkholderiales_f_Alcaligenaceae_g_Sutterella,68424120046.87819
Rarefied ASV,11,3,p_Firmicutes_D_c_Bacilli_o_Staphylococcales_f_Gemellaceae_g_Gemella,47544450451.003525
Rarefied ASV,16,4,p_Bacteroidetes_c_Bacteroidia_o_Bacteroidales_f_Prevotellaceae_g_Prevotella,0.496842111647129
Rarefied ASV,1,5,p_Firmicutes_A_c_Clostridia_258483_o_Oscillospirales_f_Oscillospiraceae_88309_g_Dysosmobacter_s_Dysosmobacter_sp000403435,0.4926386369599235
Rarefied ASV,16,6,p_Proteobacteria_c_Deltaproteobacteria_o_Desulfovibrionales_f_Desulfovibrionaceae_g_Desulfovibrio,0.4730830118060112
Rarefied ASV,10,7,p_Bacteroidetes_c_Bacteroidia_o_Bacteroidales_f_Rikenellaceae_g_Alistipes_s_onderdonkii,0.4692378863692283
Rarefied ASV,16,8,p_Firmicutes_c_Clostridia_o_Clostridiales_f_Veillonellaceae_g_Dialister,0.462540365755558
Rarefied ASV,1,9,p_Firmicutes_A_c_Clostridia_258483_o_Oscillospirales_f_Ruminococcaceae_g_Faecalibacterium,0.4624595625532998
Rarefied ASV,10,10,p_Firmicutes_c_Erysipelotrichi_o_Erysipelotrichales_f_Erysipelotrichaceae_g_Coprobacillus,0.4565775237977504
Rarefied ASV,1,11,p_Firmicutes_A_c_Clostridia_258483_o_Oscillospirales_f_Oscillospiraceae_88309_g_ER4_s_ER4_sp000765235,0.4533492657873365
Rarefied ASV,1,12,p_Firmicutes_A_c_Clostridia_258483_o_Oscillospirales_f_Acutalibacteraceae_g_Ruminococcus_E_s_Ruminococcus_E_bromii_B,0.4507662150594923
Rarefied ASV,10,13,p_Actinobacteria_c_Coriobacteriia_o_Coriobacteriales_f_Coriobacteriaceae_g_Collinsella_s_aerofaciens,0.4481967128813267
Rarefied ASV,10,14,p_Firmicutes_c_Clostridia_o_Clostridiales_f_Lachnospiraceae,0.4427220039069652
Rarefied ASV,16,15,p_Firmicutes_c_Erysipelotrichi_o_Erysipelotrichales_f_Erysipelotrichaceae_g_[Eubacterium]_s_biforme,0.4396129444241524
Rarefied ASV,10,16,p_Firmicutes_c_Clostridia_o_Clostridiales_f_Lachnospiraceae_g_Anaerostipes,0.437849635630846
Rarefied ASV,1,17,p_Firmicutes_A_c_Clostridia_258483_o_Oscillospirales_f_Oscillospiraceae_88309_g_Dysosmobacter_s_Dysosmobacter_welbionis,0.4369707501596875
Rarefied ASV,1,18,p_Firmicutes_A_c_Clostridia_258483_o_Lachnospirales_f_Lachnospiraceae_g_Blautia_A_141781_s_Blautia_A_141781_faecis,0.4345012678040398
Rarefied ASV,10,19,p_Bacteroidetes_c_Bacteroidia_o_Bacteroidales_f_Bacteroidaceae_g_Bacteroides_s_caccae,0.4306078620254993
Rarefied ASV,16,20,p_Bacteroidetes_c_Bacteroidia_o_Bacteroidales_f_Prevotellaceae_g_Prevotella_s_copri,0.4285976007580757
Rarefied ASV,10,21,p_Actinobacteria_c_Coriobacteriia_o_Coriobacteriales_f_Coriobacteriaceae,0.4277339950203895
Rarefied ASV,1,22,p_Firmicutes_A_c_Clostridia_258483_o_Lachnospirales_f_Lachnospiraceae_g_Agathobacter_164117_s_Agathobacter_rectalis,0.4222676413754621
Rarefied ASV,1,23,p_Firmicutes_A_c_Clostridia_258483_o_Lachnospirales_f_Lachnospiraceae_g_Acetatifactor_s_Acetatifactor_sp900066565,0.4222676334281762
Rarefied ASV,1,24,p_Firmicutes_A_c_Clostridia_258483_o_Oscillospirales_f_Oscillospiraceae_88309_g_Oscillibacter_s_Oscillibacter_ruminantium,0.4207866413725747
Rarefied ASV,10,25,p_Firmicutes_c_Clostridia_o_Clostridiales_f_Clostridiaceae_g_Clostridium,0.417985863238573
Rarefied ASV,1,26,p_Firmicutes_A_c_Clostridia_258483_o_Lachnospirales_f_Lachnospiraceae_g_Blautia_A_141781_s_Blautia_A_141781_obeum,0.406552659968535
Rarefied ASV,15,27,p_Bacteroidetes_c_Bacteroidia_o_Bacteroidales_f_Prevotellaceae_g_Prevotella_s_copri,0.4058701135218143
Rarefied ASV,15,28,p_Firmicutes_c_Clostridia_o_Clostridiales_f_Veillonellaceae_g_Dialister,0.3919618334621191
Rarefied ASV,15,29,p_Bacteroidetes_c_Bacteroidia_o_Bacteroidales_f_Bacteroidaceae_g_Bacteroides_s_uniformis,0.3836051970720291
Rarefied ASV,16,30,p_Actinobacteria_c_Coriobacteriia_o_Coriobacteriales_f_Coriobacteriaceae,0.3817802608013153
Rarefied ASV,16,31,p_Firmicutes_c_Clostridia_o_Clostridiales_f_Peptococcaceae_g_Peptococcus,0.3649697467684746
Rarefied ASV,15,32,p_Bacteroidetes_c_Bacteroidia_o_Bacteroidales_f_Bacteroidaceae_g_Bacteroides,0.3619467884302139
Rarefied ASV,15,33,p_Firmicutes_c_Clostridia_o_Clostridiales_f_Veillonellaceae_g_Phascolarctobacterium,0.3616227507591247
Rarefied ASV,15,34,p_Bacteroidetes_c_Bacteroidia_o_Bacteroidales_f_Prevotellaceae_g_Prevotella_s_stercorea,0.3603554539382457
Rarefied ASV,15,35,p_Firmicutes_c_Clostridia_o_Clostridiales_f_Veillonellaceae_g_Megamonas,0.3546019449830055
Rarefied ASV,10,36,p_Firmicutes_c_Clostridia_o_Clostridiales_f_Lachnospiraceae_g_Roseburia,0.3512156330049037
Rarefied ASV,15,37,p_Firmicutes_c_Clostridia_o_Clostridiales,0.3309170462191105
Rarefied ASV,16,38,p_Firmicutes_c_Clostridia_o_Clostridiales_f_Lachnospiraceae_g_Clostridium_s_colinum,0.2780931810053685
Rarefied ASV,16,39,p_Bacteroidetes_c_Bacteroidia_o_Bacteroidales_f_Rikenellaceae_g_Alistipes_s_massiliensis,0.2458510893281242
Rarefied ASV,9,40,p_Firmicutes_c_Clostridia_o_Clostridiales_f_Ruminococcaceae_g_Oscillospira,0.245734392106533
Rarefied ASV,9,41,p_Bacteroidetes_c_Bacteroidia_o_Bacteroidales_f_Bacteroidaceae_g_Bacteroides,0.2288296436414479
Rarefied ASV,16,42,p_Firmicutes_c_Clostridia_o_Clostridiales_f_Veillonellaceae_g_Megasphaera,0.2252003779205689
Rarefied ASV,16,43,p_Bacteroidetes_c_Bacteroidia_o_Bacteroidales_f_Bacteroidaceae_g_Bacteroides_s_plebeius,0.2159275799452014
Rarefied ASV,9,44,p_Firmicutes_c_Clostridia_o_Clostridiales_f_Ruminococcaceae_g_Faecalibacterium_s_prausnitzii,0.2158180158585309
Rarefied ASV,16,45,p_Bacteroidetes_c_Bacteroidia_o_Bacteroidales_f_Prevotellaceae_g_Prevotella_s_stercorea,0.2050456401989264
Rarefied ASV,11,46,p_Firmicutes_A_c_Clostridia_258483_o_Oscillospirales_f_Butyricicoccaceae,0.2027922783046961
Rarefied ASV,9,47,p_Proteobacteria_c_Gammaproteobacteria_o_Enterobacteriales_f_Enterobacteriaceae,0.1999373659864679
Rarefied ASV,9,48,p_Bacteroidetes_c_Bacteroidia_o_Bacteroidales_f_Bacteroidaceae_g_Bacteroides_s_ovatus,0.190558248758316
Rarefied ASV,16,49,p_Firmicutes_c_Bacilli_o_Lactobacillales_f_Lactobacillaceae,0.1888696766491983
Rarefied ASV,11,50,p_Firmicutes_A_c_Clostridia_258483_o_Lachnospirales_f_Lachnospiraceae_g_Butyribacter_s_Butyribacter_sp003529475,0.1859598360955714
Rarefied ASV,11,51,p_Firmicutes_A_c_Clostridia_258483_o_Peptostreptococcales_f_Peptostreptococcaceae_256921_g_Terrisporobacter_s_Terrisporobacter_glycolicus_239331,0.1843339662998914
Rarefied ASV,16,52,p_Firmicutes_c_Clostridia_o_Clostridiales,0.1811041108302346
Rarefied ASV,11,53,p_Firmicutes_A_c_Clostridia_258483_o_Lachnospirales_f_Lachnospiraceae,0.1787164781242609
Rarefied ASV,9,54,p_Bacteroidetes_c_Bacteroidia_o_Bacteroidales_f_[Odoribacteraceae]_g_Odoribacter,0.1785273652523755
Rarefied ASV,9,55,p_Euryarchaeota_c_Methanobacteria_o_Methanobacteriales_f_Methanobacteriaceae_g_Methanobrevibacter,0.1780289134010672
Rarefied ASV,16,56,p_Firmicutes_c_Clostridia_o_Clostridiales_f_Ruminococcaceae_g_Ruminococcus,0.1775144080504659
Rarefied ASV,11,57,p_Firmicutes_A_c_Clostridia_258483_o_Lachnospirales_f_Lachnospiraceae_g_Dorea_A,0.1750101376324891
Rarefied ASV,11,58,p_Firmicutes_A_c_Clostridia_258483_o_Lachnospirales_f_Lachnospiraceae_g_Enterocloster_s_Enterocloster_sp000431375,0.1717122100293636
Rarefied ASV,11,59,p_Firmicutes_A_c_Clostridia_258483_o_Oscillospirales_f_Acutalibacteraceae_g_Eubacterium_R_s_Eubacterium_R_sp002371215,0.1637391984462738
Rarefied ASV,9,60,p_Actinobacteria_c_Actinobacteria_o_Bifidobacteriales_f_Bifidobacteriaceae_g_Bifidobacterium,0.1632192275031296
Rarefied ASV,9,61,p_Proteobacteria_c_Gammaproteobacteria_o_Enterobacteriales_f_Enterobacteriaceae_g_Shigella,0.1607482372372589
Rarefied ASV,9,62,p_Firmicutes_c_Bacilli_o_Lactobacillales_f_Lactobacillaceae_g_Lactobacillus,0.1603880288916142
Rarefied ASV,9,63,p_Firmicutes_c_Clostridia_o_Clostridiales_f_[Mogibacteriaceae],0.1563984251437475
Rarefied ASV,9,64,p_Firmicutes_c_Erysipelotrichi_o_Erysipelotrichales_f_Erysipelotrichaceae_g_[Eubacterium]_s_dolichum,0.1525774296373128
Rarefied ASV,11,65,p_Firmicutes_A_c_Clostridia_258483_o_Oscillospirales_f_Ruminococcaceae_g_Faecalibacterium,0.1515280127525329
Rarefied ASV,9,66,p_Actinobacteria_c_Actinobacteria_o_Bifidobacteriales_f_Bifidobacteriaceae_g_Bifidobacterium_s_bifidum,0.1505839826539158
Rarefied ASV,9,67,p_Firmicutes_c_Clostridia_o_Clostridiales_f_Lachnospiraceae_g_Blautia,0.1483416259288787
Rarefied ASV,9,68,p_Firmicutes_c_Clostridia_o_Clostridiales_f_Veillonellaceae_g_Phascolarctobacterium,0.1481337536126374
Rarefied ASV,10,69,p_Firmicutes_c_Clostridia_o_Clostridiales_f_Lachnospiraceae_g_Lachnospira,0.1464742633507425
Rarefied ASV,11,70,p_Firmicutes_A_c_Clostridia_258483,0.1444373596459627
Rarefied ASV,10,71,p_Firmicutes_c_Erysipelotrichi_o_Erysipelotrichales_f_Erysipelotrichaceae_g_Clostridium_s_spiroforme,0.1204815891499678
Rarefied ASV,1,72,p_Firmicutes_A_c_Clostridia_258483_o_Lachnospirales_f_Lachnospiraceae_g_Blautia_A_141781,0.1203881774206297
Rarefied ASV,10,73,p_Firmicutes_c_Clostridia_o_Clostridiales_f_Lachnospiraceae_g_Roseburia_s_faecis,0.1182946529301548
Rarefied ASV,11,74,p_Firmicutes_A_c_Clostridia_258483_o_Tissierellales_f_Peptoniphilaceae_g_Finegoldia_s_Finegoldia_magna_H,0.1160445153170348
Rarefied ASV,10,75,p_Firmicutes_c_Clostridia_o_Clostridiales_f_Ruminococcaceae,0.1156369780458307
Rarefied ASV,11,76,p_Firmicutes_A_c_Clostridia_258483_o_Tissierellales_f_Peptoniphilaceae_g_Anaerococcus_s_Anaerococcus_rubeinfantis,0.1155838188129856
Rarefied ASV,1,77,p_Firmicutes_A_c_Clostridia_258483_o_Lachnospirales_f_Lachnospiraceae_g_Blautia_A_141781_s_Blautia_A_141781_caecimuris,0.1065172228922397
Rarefied ASV,11,78,p_Firmicutes_A_c_Clostridia_258483_o_Tissierellales_f_Peptoniphilaceae_g_Peptoniphilus_A_s_Peptoniphilus_A_harei,0.1053619986496728
Rarefied ASV,15,79,p_Firmicutes_c_Clostridia_o_Clostridiales_f_Lachnospiraceae_g_Lachnospira,0.1043899361223029
Rarefied ASV,11,80,p_Bacteroidota_c_Bacteroidia_o_Bacteroidales_f_Bacteroidaceae_g_Bacteroides_H_s_Bacteroides_H_stercoris,0.1033348969553206
Rarefied ASV,11,81,p_Bacteroidota_c_Bacteroidia_o_Bacteroidales_f_Bacteroidaceae_g_Bacteroides_H,0.098295538483792
Rarefied ASV,11,82,p_Firmicutes_A_c_Clostridia_258483_o_Lachnospirales_f_Lachnospiraceae_g_Roseburia_s_Roseburia_inulinivorans,0.0965881411516275
Rarefied ASV,11,83,p_Firmicutes_A_c_Clostridia_258483_o_Peptostreptococcales_f_Anaerovoracaceae_g_Copromorpha_s_Copromorpha_sp900066305,0.0965247204211378
Rarefied ASV,15,84,p_Bacteroidetes_c_Bacteroidia_o_Bacteroidales_f_[Barnesiellaceae],0.0955654518379919
Rarefied ASV,11,85,p_Firmicutes_A_c_Clostridia_258483_o_Oscillospirales_f_Oscillospiraceae_88309_g_Lawsonibacter,0.0937884772054894
Rarefied ASV,11,86,p_Bacteroidota_c_Bacteroidia_o_Bacteroidales_f_Bacteroidaceae_g_Phocaeicola_A_858004_s_Phocaeicola_A_858004_vulgatus,0.0924584325545636
Rarefied ASV,15,87,p_Bacteroidetes_c_Bacteroidia_o_Bacteroidales_f_Porphyromonadaceae_g_Parabacteroides,0.0916596635262728
Rarefied ASV,1,88,p_Firmicutes_A_c_Clostridia_258483_o_Lachnospirales_f_Lachnospiraceae_g_Fusicatenibacter_s_Fusicatenibacter_saccharivorans,0.0723423524030748
Rarefied ASV,1,89,p_Firmicutes_A_c_Clostridia_258483_o_Lachnospirales_f_Lachnospiraceae_g_Eisenbergiella_s_Eisenbergiella_porci,0.0708234872584513
Rarefied ASV,9,90,p_Bacteroidetes_c_Bacteroidia_o_Bacteroidales_f_Rikenellaceae_g_Alistipes_s_onderdonkii,0.0680461459703194
Rarefied ASV,15,91,p_Bacteroidetes_c_Bacteroidia_o_Bacteroidales_f_Rikenellaceae,0.0609856882019902
Rarefied ASV,16,92,p_Firmicutes_c_Erysipelotrichi_o_Erysipelotrichales_f_Erysipelotrichaceae_g_Bulleidia_s_p-1630-c5,0.0596679770606605
Rarefied ASV,15,93,p_Firmicutes_c_Clostridia_o_Clostridiales_f_Ruminococcaceae_g_Faecalibacterium_s_prausnitzii,0.0587568469554872
Rarefied ASV,9,94,p_Actinobacteria_c_Actinobacteria_o_Bifidobacteriales_f_Bifidobacteriaceae_g_Bifidobacterium_s_adolescentis,0.0574572605090644
Rarefied ASV,1,95,p_Proteobacteria_c_Gammaproteobacteria_o_Enterobacterales_A_737866_f_Enterobacteriaceae_A_g_Escherichia_710834,0.0560561784478797
Rarefied ASV,10,96,p_Firmicutes_c_Clostridia_o_Clostridiales_f_Ruminococcaceae_g_Ruminococcus,0.0530148182061927
Rarefied ASV,1,97,p_Firmicutes_A_c_Clostridia_258483_o_Lachnospirales_f_Lachnospiraceae_g_Anaerostipes_s_Anaerostipes_hadrus,0.049126510004145
Rarefied ASV,10,98,p_Bacteroidetes_c_Bacteroidia_o_Bacteroidales_f_[Paraprevotellaceae]_g_Paraprevotella,0.0489863964941269
Rarefied ASV,15,99,p_Bacteroidetes_c_Bacteroidia_o_Bacteroidales_f_Prevotellaceae_g_Prevotella,0.0461889929824341
Rarefied ASV,10,100,p_Firmicutes_c_Clostridia_o_Clostridiales_f_Lachnospiraceae_g_[Ruminococcus],0.0451863277787295
Rarefied ASV,11,101,p_Firmicutes_A_c_Clostridia_258483_o_Oscillospirales_f_Oscillospiraceae_88309_g_ER4_s_ER4_sp000765235,0.0417803413860458
Rarefied ASV,10,102,p_Firmicutes_c_Clostridia_o_Clostridiales,0.0407326192807256
Rarefied ASV,1,103,p_Firmicutes_A_c_Clostridia_258483_o_Lachnospirales_f_Lachnospiraceae_g_Lachnospira_s_Lachnospira_eligens,0.0393480074950654
Rarefied ASV,16,104,p_Bacteroidetes_c_Bacteroidia_o_Bacteroidales_f_[Paraprevotellaceae],0.0382197705393971
Rarefied ASV,1,105,p_Firmicutes_A_c_Clostridia_258483_o_Oscillospirales_f_Ruminococcaceae_g_Faecalibacterium_s_Faecalibacterium_prausnitzii_C_71358,0.0379524314160111
Rarefied ASV,1,106,p_Firmicutes_A_c_Clostridia_258483_o_Oscillospirales_f_Ruminococcaceae_g_Gemmiger_A_73129_s_Gemmiger_A_73129_qucibialis,0.0371378854422286
Rarefied ASV,11,107,p_Firmicutes_A_c_Clostridia_258483_o_Lachnospirales_f_Lachnospiraceae_g_Clostridium_Q_135822_s_Clostridium_Q_135822_fessum,0.0368243488271771
Rarefied ASV,1,108,p_Bacteroidota_c_Bacteroidia_o_Bacteroidales_f_Rikenellaceae_g_Alistipes_A_871400_s_Alistipes_A_871400_putredinis,0.036089211126663
Rarefied ASV,11,109,p_Firmicutes_A_c_Clostridia_258483_o_Oscillospirales_f_Acutalibacteraceae_g_CAG-217,0.0354727952163055
Rarefied ASV,11,110,p_Firmicutes_A_c_Clostridia_258483_o_Lachnospirales_f_Lachnospiraceae_g_Blautia_A_141781_s_Blautia_A_141781_obeum,0.0350650734707913
Rarefied ASV,1,111,p_Firmicutes_A_c_Clostridia_258483_o_Oscillospirales_f_Acutalibacteraceae_g_UBA1417_s_UBA1417_sp003531055,0.03316391352223
Rarefied ASV,1,112,p_Firmicutes_A_c_Clostridia_258483_o_Oscillospirales_f_Oscillospiraceae_88309_g_Faecousia_s_Faecousia_sp000434635,0.0325676033728829
Rarefied ASV,11,113,p_Firmicutes_A_c_Clostridia_258483_o_Lachnospirales_f_Lachnospiraceae_g_Anaerobutyricum_s_Anaerobutyricum_hallii,0.032359011389409
Rarefied ASV,1,114,p_Bacteroidota_c_Bacteroidia_o_Bacteroidales_f_Bacteroidaceae_g_Bacteroides_H_s_Bacteroides_H_uniformis,0.0299999999999999
Rarefied ASV,1,115,p_Bacteroidota_c_Bacteroidia_o_Bacteroidales_f_Bacteroidaceae_g_Bacteroides_H_s_Bacteroides_H_ovatus,0.0299999999999999
Rarefied ASV,1,116,p_Proteobacteria_c_Gammaproteobacteria_o_Enterobacterales_A_737866_f_Enterobacteriaceae_A,0.0293741984780422
Rarefied ASV,1,117,p_Firmicutes_A_c_Clostridia_258483_o_Lachnospirales_f_Lachnospiraceae_g_Ruminococcus_B_s_Mediterraneibacter_gnavus,0.0266666666666666
Rarefied ASV,1,118,p_Firmicutes_A_c_Clostridia_258483_o_Lachnospirales_f_Lachnospiraceae_g_Anaerobutyricum_s_Anaerobutyricum_soehngenii,0.0256592118240177
Rarefied ASV,10,119,p_Bacteroidetes_c_Bacteroidia_o_Bacteroidales_f_Bacteroidaceae_g_Bacteroides,0.0205596483109586
Rarefied ASV,10,120,p_Proteobacteria_c_Betaproteobacteria_o_Burkholderiales_f_Alcaligenaceae_g_Sutterella,0.0174999999999999
Rarefied ASV,1,121,p_Firmicutes_A_c_Clostridia_258483_o_Lachnospirales_f_Lachnospiraceae_g_Blautia_A_141781_s_Blautia_A_141781_massiliensis,0.0166666666666666
Rarefied ASV,1,122,p_Bacteroidota_c_Bacteroidia_o_Bacteroidales_f_Bacteroidaceae_g_Phocaeicola_A_858004_s_Phocaeicola_A_858004_vulgatus,0.0166666666666666
Rarefied ASV,10,123,p_Firmicutes_c_Clostridia_o_Clostridiales_f_Lachnospiraceae_g_Coprococcus,0.0149999999999999
Rarefied ASV,15,124,p_Proteobacteria_c_Deltaproteobacteria_o_Desulfovibrionales_f_Desulfovibrionaceae_g_Bilophila,0.0147609742619427
Rarefied ASV,1,125,p_Firmicutes_A_c_Clostridia_258483_o_Oscillospirales_f_Ruminococcaceae_g_Ruthenibacterium_s_Ruthenibacterium_lactatiformans,0.0146494831690281
Rarefied ASV,16,126,p_Bacteroidetes_c_Bacteroidia_o_Bacteroidales_f_Bacteroidaceae_g_Bacteroides,0.01433540163623
Rarefied ASV,10,127,p_Bacteroidetes_c_Bacteroidia_o_Bacteroidales_f_Prevotellaceae_g_Prevotella_s_copri,0.0137283504399747
Rarefied ASV,10,128,p_Firmicutes_c_Clostridia_o_Clostridiales_f_Veillonellaceae_g_Dialister,0.0135858001976971
Rarefied ASV,10,129,p_Firmicutes_c_Clostridia_o_Clostridiales_f_Ruminococcaceae_g_Oscillospira,0.0133333333333333
Rarefied ASV,1,130,p_Firmicutes_A_c_Clostridia_258483_o_Christensenellales_f_CAG-74,0.0133333333333333
Rarefied ASV,15,131,p_Firmicutes_c_Clostridia_o_Clostridiales_f_Lachnospiraceae,0.0129171690548186
Rarefied ASV,1,132,p_Actinobacteriota_c_Actinomycetia_o_Actinomycetales_f_Bifidobacteriaceae_g_Bifidobacterium_388775_s_Bifidobacterium_adolescentis,0.0127664171849258
Rarefied ASV,1,133,p_Firmicutes_C_c_Negativicutes_o_Veillonellales_f_Veillonellaceae_g_Veillonella_A,0.0127252219081487
Rarefied ASV,1,134,p_Firmicutes_A_c_Clostridia_258483_o_Oscillospirales_f_Oscillospiraceae_88309,0.0116666666666666
Rarefied ASV,1,135,p_Bacteroidota_c_Bacteroidia_o_Bacteroidales_f_Rikenellaceae_g_Alistipes_A_871400_s_Alistipes_A_871400_dispar,0.0099999999999999
Rarefied ASV,10,136,p_Firmicutes_c_Clostridia_o_Clostridiales_f_Ruminococcaceae_g_Faecalibacterium_s_prausnitzii,0.0098749328482331
Rarefied ASV,16,137,`1b550108139fd4cf0ac07dbeb697d329`_1,0.0083333333333333
Rarefied ASV,9,138,p_Firmicutes_c_Clostridia_o_Clostridiales_f_Lachnospiraceae_g_Dorea_s_longicatena,0.0077513513513513
Rarefied ASV,15,139,p_Bacteroidetes_c_Bacteroidia_o_Bacteroidales_f_[Odoribacteraceae]_g_Butyricimonas,0.0076785714285714
Rarefied ASV,15,140,p_Proteobacteria_c_Gammaproteobacteria_o_Pasteurellales_f_Pasteurellaceae_g_Aggregatibacter_s_segnis,0.0076785714285714
Rarefied ASV,15,141,p_Firmicutes_c_Clostridia_o_Clostridiales_f_Lachnospiraceae_g_Blautia,0.0075206206632932
Rarefied ASV,16,142,p_Actinobacteria_c_Coriobacteriia_o_Coriobacteriales_f_Coriobacteriaceae_g_Atopobium_s_vaginae,0.0074999999999999
Rarefied ASV,16,143,p_Fusobacteria_c_Fusobacteriia_o_Fusobacteriales_f_Fusobacteriaceae_g_Fusobacterium,0.0074999999999999
Rarefied ASV,9,144,p_Bacteroidetes_c_Bacteroidia_o_Bacteroidales_f_Porphyromonadaceae_g_Parabacteroides_s_distasonis,0.0071999999999999
Rarefied ASV,15,145,p_Firmicutes_c_Clostridia_o_Clostridiales_f_Christensenellaceae,0.0069642857142857
Rarefied ASV,15,146,p_Firmicutes_c_Clostridia_o_Clostridiales_f_[Mogibacteriaceae],0.0069642857142857
Rarefied ASV,15,147,p_Firmicutes_c_Clostridia_o_Clostridiales_f_Ruminococcaceae_g_Ruminococcus,0.0064285714285714
Rarefied ASV,15,148,p_Firmicutes_c_Clostridia_o_Clostridiales_f_Veillonellaceae_g_Megasphaera,0.0064285714285714
Rarefied ASV,15,149,p_Proteobacteria_c_Betaproteobacteria_o_Burkholderiales_f_Alcaligenaceae_g_Sutterella,0.0063392857142857
Rarefied ASV,15,150,p_Actinobacteria_c_Actinobacteria_o_Actinomycetales_f_Actinomycetaceae_g_Actinomyces,0.0063392857142857
Rarefied ASV,9,151,p_Bacteroidetes_c_Bacteroidia_o_Bacteroidales_f_Rikenellaceae,0.0061783783783783
Rarefied ASV,11,152,p_Proteobacteria_c_Gammaproteobacteria_o_Burkholderiales_592522_f_Burkholderiaceae_A_592522,0.0059606242522519
Rarefied ASV,11,153,p_Firmicutes_A_c_Clostridia_258483_o_Tissierellales_f_Peptoniphilaceae_g_Anaerococcus_s_Anaerococcus_vaginimassiliensis,0.0058034953111679
Rarefied ASV,15,154,p_Firmicutes_c_Clostridia_o_Clostridiales_f_Ruminococcaceae,0.0057142857142857
Rarefied ASV,10,155,p_Firmicutes_c_Clostridia_o_Clostridiales_f_Ruminococcaceae_g_Faecalibacterium,0.005625
Rarefied ASV,16,156,p_Bacteroidetes_c_Bacteroidia_o_Bacteroidales_f_S24-7,0.0056069449329781
Rarefied ASV,9,157,p_Firmicutes_c_Clostridia_o_Clostridiales_f_Ruminococcaceae,0.0051135135135134
Rarefied ASV,10,158,p_Firmicutes_c_Bacilli_o_Bacillales_f_Bacillaceae_g_Bacillus_s_thermoamylovorans,0.005
Rarefied ASV,10,159,p_Bacteroidetes_c_Bacteroidia_o_Bacteroidales_f_Bacteroidaceae_g_Bacteroides_s_plebeius,0.005
Rarefied ASV,1,160,p_Firmicutes_D_c_Bacilli_o_Lactobacillales_f_Lactobacillaceae_g_Ligilactobacillus_s_Ligilactobacillus_ruminis,0.0049999999999999
Rarefied ASV,1,161,p_Firmicutes_A_c_Clostridia_258483_o_Oscillospirales_f_Oscillospiraceae_88309_g_Lawsonibacter_s_Lawsonibacter_asaccharolyticus,0.0049999999999999
Rarefied ASV,1,162,p_Firmicutes_A_c_Clostridia_258483_o_Oscillospirales_f_Oscillospiraceae_88309_g_Vescimonas_s_Vescimonas_fastidiosa,0.0049999999999999
Rarefied ASV,16,163,p_Firmicutes_c_Erysipelotrichi_o_Erysipelotrichales_f_Erysipelotrichaceae_g_[Eubacterium]_s_cylindroides,0.004822723071274
Rarefied ASV,16,164,p_Firmicutes_c_Clostridia_o_Clostridiales_f_Lachnospiraceae_g_Oribacterium,0.0048216120575886
Rarefied ASV,11,165,p_Firmicutes_A_c_Clostridia_258483_o_Oscillospirales_f_Ruminococcaceae_g_Ruthenibacterium_s_Ruthenibacterium_lactatiformans,0.0047811691426917
Rarefied ASV,9,166,p_Bacteroidetes_c_Bacteroidia_o_Bacteroidales_f_S24-7,0.0047459459459459
Rarefied ASV,16,167,p_Firmicutes_c_Erysipelotrichi_o_Erysipelotrichales_f_Erysipelotrichaceae_g_Catenibacterium,0.0045949151867463
Rarefied ASV,10,168,p_Proteobacteria_c_Gammaproteobacteria_o_Pasteurellales_f_Pasteurellaceae_g_Aggregatibacter,0.0045919765287876
Rarefied ASV,9,169,p_Firmicutes_c_Clostridia_o_Clostridiales_f_Lachnospiraceae_g_Clostridium_s_citroniae,0.0045567567567567
Rarefied ASV,11,170,p_Firmicutes_A_c_Clostridia_258483_o_Peptostreptococcales_f_Peptostreptococcaceae_256921,0.0044351884941296
Rarefied ASV,9,171,p_Firmicutes_c_Clostridia_o_Clostridiales_f_Ruminococcaceae_g_Ruminococcus,0.0044216216216216
Rarefied ASV,10,172,p_Actinobacteria_c_Coriobacteriia_o_Coriobacteriales_f_Coriobacteriaceae_g_Collinsella,0.0043749999999999
Rarefied ASV,10,173,p_Proteobacteria_c_Gammaproteobacteria_o_Enterobacteriales_f_Enterobacteriaceae,0.0043749999999999
Rarefied ASV,9,174,p_Bacteroidetes_c_Bacteroidia_o_Bacteroidales_f_Prevotellaceae_g_Prevotella_s_melaninogenica,0.0043405405405405
Rarefied ASV,16,175,p_Firmicutes_c_Clostridia_o_Clostridiales_f_Ruminococcaceae_g_Oscillospira,0.0042508995692009
Rarefied ASV,9,176,p_Firmicutes_c_Clostridia_o_Clostridiales_f_Veillonellaceae_g_Veillonella_s_parvula,0.0041459459459459
Rarefied ASV,11,177,p_Firmicutes_A_c_Clostridia_258483_o_Oscillospirales_f_Acutalibacteraceae_g_Eubacterium_R,0.0041176470588235
Rarefied ASV,11,178,p_Proteobacteria_c_Gammaproteobacteria_o_Burkholderiales_592524_f_Burkholderiaceae_A_580492_g_Cupriavidus,0.0040618750396313
Rarefied ASV,16,179,p_Bacteroidetes_c_Bacteroidia_o_Bacteroidales,0.0040379016451121
Rarefied ASV,9,180,p_Bacteroidetes_c_Bacteroidia_o_Bacteroidales_f_Bacteroidaceae_g_Bacteroides_s_uniformis,0.0037999999999999
Rarefied ASV,16,181,p_Firmicutes_c_Clostridia_o_Clostridiales_f_Lachnospiraceae,0.00375
Rarefied ASV,16,182,p_Firmicutes_c_Bacilli_o_Lactobacillales,0.00375
Rarefied ASV,16,183,p_Actinobacteria_c_Actinobacteria_o_Actinomycetales_f_Corynebacteriaceae_g_Corynebacterium,0.00375
Rarefied ASV,16,184,p_Proteobacteria_c_Deltaproteobacteria_o_Desulfovibrionales_f_Desulfovibrionaceae,0.00375
Rarefied ASV,16,185,p_Firmicutes_c_Clostridia_o_Clostridiales_f_[Tissierellaceae]_g_Peptoniphilus,0.00375
Rarefied ASV,11,186,p_Firmicutes_A_c_Clostridia_258483_o_Oscillospirales_f_Ruminococcaceae_g_Faecalibacterium_s_Faecalibacterium_prausnitzii_C_71358,0.0036189026366648
Rarefied ASV,15,187,p_Bacteroidetes_c_Bacteroidia_o_Bacteroidales_f_[Paraprevotellaceae]_g_Paraprevotella,0.0035714285714285
Rarefied ASV,9,188,p_Firmicutes_c_Bacilli_o_Bacillales_f_Planococcaceae,0.0035567567567567
Rarefied ASV,15,189,p_Bacteroidetes_c_Bacteroidia_o_Bacteroidales_f_Porphyromonadaceae_g_Porphyromonas,0.0034113576329167
Rarefied ASV,15,190,p_Actinobacteria_c_Actinobacteria_o_Bifidobacteriales_f_Bifidobacteriaceae_g_Bifidobacterium,0.0033466972647217
Rarefied ASV,1,191,p_Firmicutes_C_c_Negativicutes_o_Veillonellales_f_Dialisteraceae_g_Dialister_s_Dialister_invisus,0.0033333333333333
Rarefied ASV,1,192,p_Firmicutes_A_c_Clostridia_258483_o_Oscillospirales_f_Oscillospiraceae_88309_g_CAG-83_s_CAG-83_sp900545585,0.0033333333333333
Rarefied ASV,11,193,p_Firmicutes_A_c_Clostridia_258483_o_Oscillospirales_f_Oscillospiraceae_88309_g_Vescimonas,0.0033262599806505
Rarefied ASV,11,194,p_Actinobacteriota_c_Coriobacteriia_o_Coriobacteriales_f_Eggerthellaceae_g_Ellagibacter_s_Ellagibacter_isourolithinifaciens,0.0032310315430519
Rarefied ASV,11,195,p_Firmicutes_A_c_Clostridia_258483_o_Tissierellales_f_Peptoniphilaceae_g_Peptoniphilus_C_s_Peptoniphilus_C_coxii,0.0032172069344345
Rarefied ASV,11,196,p_Actinobacteriota_c_Actinomycetia_o_Propionibacteriales_f_Propionibacteriaceae_g_Cutibacterium_s_Cutibacterium_acnes,0.0029853123450384
Rarefied ASV,11,197,p_Firmicutes_A_c_Clostridia_258483_o_Oscillospirales_f_Ruminococcaceae_g_Ruminococcus_C_58660,0.0028580562659846
Rarefied ASV,10,198,p_Bacteroidetes_c_Bacteroidia_o_Bacteroidales_f_Prevotellaceae_g_Prevotella_s_stercorea,0.0028155741417985
Rarefied ASV,11,199,p_Firmicutes_C_c_Negativicutes_o_Veillonellales_f_Dialisteraceae_g_Dialister_s_Dialister_sp001553355,0.0027919863597612
Rarefied ASV,11,200,p_Firmicutes_A_c_Clostridia_258483_o_Lachnospirales_f_Lachnospiraceae_g_Fusicatenibacter_s_Fusicatenibacter_saccharivorans,0.0027898550724637
Rarefied ASV,9,201,p_Firmicutes_c_Clostridia_o_Clostridiales,0.002681081081081
Rarefied ASV,10,202,p_Firmicutes_c_Erysipelotrichi_o_Erysipelotrichales_f_Erysipelotrichaceae_g_[Eubacterium]_s_dolichum,0.002665405017933
Rarefied ASV,15,203,p_Firmicutes_c_Clostridia_o_Clostridiales_f_[Tissierellaceae]_g_Peptoniphilus,0.0026307196318336
Rarefied ASV,11,204,p_Firmicutes_A_c_Clostridia_258483_o_Lachnospirales_f_Lachnospiraceae_g_Agathobacter_164117_s_Agathobacter_rectalis,0.002580988917306
Rarefied ASV,11,205,p_Proteobacteria_c_Gammaproteobacteria_o_Burkholderiales_592524_f_Burkholderiaceae_A_580492,0.0025684866262281
Rarefied ASV,16,206,p_Firmicutes_c_Clostridia_o_Clostridiales_f_Lachnospiraceae_g_Lachnospira,0.0025
Rarefied ASV,10,207,p_Bacteroidetes_c_Bacteroidia_o_Bacteroidales_f_[Barnesiellaceae],0.0025
Rarefied ASV,16,208,p_Bacteroidetes_c_Bacteroidia_o_Bacteroidales_f_Porphyromonadaceae_g_Parabacteroides_s_gordonii,0.0025
Rarefied ASV,10,209,p_Bacteroidetes_c_Bacteroidia_o_Bacteroidales_f_Prevotellaceae_g_Prevotella,0.0025
Rarefied ASV,9,210,p_Firmicutes_c_Clostridia_o_Clostridiales_f_Lachnospiraceae_g_Lachnospira,0.0024773085049386
Rarefied ASV,15,211,p_Actinobacteria_c_Actinobacteria_o_Actinomycetales_f_Corynebacteriaceae_g_Corynebacterium,0.0024407458375379
Rarefied ASV,15,212,p_Bacteroidetes_c_Bacteroidia_o_Bacteroidales_f_Bacteroidaceae_g_Bacteroides_s_ovatus,0.0023284467994662
Rarefied ASV,15,213,p_Actinobacteria_c_Coriobacteriia_o_Coriobacteriales_f_Coriobacteriaceae_g_Collinsella_s_aerofaciens,0.0022321428571428
Rarefied ASV,15,214,p_Proteobacteria_c_Alphaproteobacteria_o_Caulobacterales_f_Caulobacteraceae,0.0021428571428571
Rarefied ASV,15,215,p_Firmicutes_c_Bacilli_o_Lactobacillales_f_Enterococcaceae_g_Enterococcus,0.0021428571428571
Rarefied ASV,11,216,p_Bacteroidota_c_Bacteroidia_o_Bacteroidales_f_Bacteroidaceae_g_Bacteroides_H_s_Bacteroides_H_thetaiotaomicron,0.0021334185848252
Rarefied ASV,11,217,p_Campylobacterota_c_Campylobacteria_o_Campylobacterales_f_Campylobacteraceae_g_Campylobacter_B_s_Campylobacter_B_hominis,0.0021270247229326
Rarefied ASV,9,218,p_Bacteroidetes_c_Bacteroidia_o_Bacteroidales_f_[Paraprevotellaceae]_g_Paraprevotella,0.002081081081081
Rarefied ASV,15,219,p_Firmicutes_c_Clostridia_o_Clostridiales_f_Clostridiaceae,0.0020259005574351
Rarefied ASV,10,220,p_Firmicutes_c_Clostridia_o_Clostridiales_f_[Mogibacteriaceae]_g_Mogibacterium,0.0018771233776478
Rarefied ASV,11,221,p_Firmicutes_A_c_Clostridia_258483_o_Lachnospirales_f_Lachnospiraceae_g_Mediterraneibacter_A_155507_s_Mediterraneibacter_A_155507_faecis,0.0017833679996844
Rarefied ASV,9,222,p_Actinobacteria_c_Actinobacteria_o_Actinomycetales_f_Actinomycetaceae_g_Varibaculum,0.0017513513513513
Rarefied ASV,16,223,p_Firmicutes_c_Clostridia_o_Clostridiales_f_Christensenellaceae,0.0016666666666666
Rarefied ASV,9,224,p_Actinobacteria_c_Actinobacteria_o_Actinomycetales_f_Actinomycetaceae_g_Mobiluncus,0.0016162162162162
Rarefied ASV,9,225,p_Synergistetes_c_Synergistia_o_Synergistales_f_Synergistaceae_g_Cloacibacillus,0.0016162162162162
Rarefied ASV,11,226,p_Bacteroidota_c_Bacteroidia_o_Bacteroidales_f_Tannerellaceae_g_Parabacteroides_B_862066_s_Parabacteroides_B_862066_distasonis,0.0016112531969309
Rarefied ASV,11,227,p_Bacteroidota_c_Bacteroidia_o_Bacteroidales_f_Rikenellaceae_g_Alistipes_A_871400_s_Alistipes_A_871400_onderdonkii,0.0015793494754786
Rarefied ASV,9,228,p_Bacteroidetes_c_Bacteroidia_o_Bacteroidales_f_[Odoribacteraceae]_g_Butyricimonas,0.0015513513513513
Rarefied ASV,11,229,p_Bacteroidota_c_Bacteroidia_o_Bacteroidales_f_Bacteroidaceae_g_Bacteroides_H_s_Bacteroides_H_nordii,0.0015451832907075
Rarefied ASV,11,230,p_Bacteroidota_c_Bacteroidia_o_Bacteroidales_f_Bacteroidaceae_g_Prevotella,0.0014178467606866
Rarefied ASV,10,231,p_Firmicutes_c_Clostridia_o_Clostridiales_f_Christensenellaceae,0.0013395389529306
Rarefied ASV,11,232,p_Firmicutes_A_c_Clostridia_258483_o_Christensenellales_f_CAG-74_g_SFMI01,0.0013334139145024
Rarefied ASV,11,233,p_Firmicutes_A_c_Clostridia_258483_o_Oscillospirales_f_Oscillospiraceae_88309_g_Faecousia_s_Faecousia_sp000434635,0.0012510656436487
Rarefied ASV,16,234,p_Firmicutes_c_Clostridia_o_Clostridiales_f_Ruminococcaceae,0.00125
Rarefied ASV,10,235,p_Bacteroidetes_c_Bacteroidia_o_Bacteroidales_f_Bacteroidaceae_g_Bacteroides_s_ovatus,0.00125
Rarefied ASV,11,236,p_Bacteroidota_c_Bacteroidia_o_Bacteroidales_f_Rikenellaceae_g_Alistipes_A_871400_s_Alistipes_A_871400_shahii,0.0010861925094054
Rarefied ASV,10,237,p_Bacteroidetes_c_Bacteroidia_o_Bacteroidales_f_Rikenellaceae_g_Alistipes_s_indistinctus,0.0010690061237624
Rarefied ASV,11,238,p_Bacteroidota_c_Bacteroidia_o_Bacteroidales_f_Porphyromonadaceae_g_Porphyromonas_A_859424,0.0010315430520034
Rarefied ASV,11,239,p_Firmicutes_A_c_Clostridia_258483_o_UBA1381_f_UBA1381_g_CAG-41_s_CAG-41_sp001941225,0.0010294117647058
Rarefied ASV,15,240,p_Proteobacteria_c_Alphaproteobacteria_o_Sphingomonadales_f_Sphingomonadaceae_g_Novosphingobium,0.0010009640952438
Rarefied ASV,10,241,p_Actinobacteria_c_Actinobacteria_o_Actinomycetales_f_Actinomycetaceae_g_Actinomyces,0.0008803759132283
Rarefied ASV,9,242,p_Firmicutes_c_Clostridia_o_Clostridiales_f_Clostridiaceae,0.0008195114277669
Rarefied ASV,11,243,p_Bacteroidota_c_Bacteroidia_o_Bacteroidales_f_Bacteroidaceae_g_Phocaeicola_A_858004_s_Phocaeicola_A_858004_plebeius,0.0006977758373104
Rarefied ASV,10,244,p_Firmicutes_c_Clostridia_o_Clostridiales_f_Lachnospiraceae_g_Coprococcus_s_eutactus,0.0006802162457493
Rarefied ASV,11,245,p_Firmicutes_A_c_Clostridia_258483_o_Lachnospirales_f_Anaerotignaceae,0.0006521739130434
Rarefied ASV,10,246,p_Firmicutes_c_Clostridia_o_Clostridiales_f_Veillonellaceae_g_Megasphaera,0.000625
Rarefied ASV,10,247,p_Bacteroidetes_c_Bacteroidia_o_Bacteroidales_f_[Odoribacteraceae]_g_Butyricimonas,0.000625
Rarefied ASV,9,248,p_Bacteroidetes_c_Bacteroidia_o_Bacteroidales_f_Porphyromonadaceae_g_Porphyromonas,0.0006077146087016
Rarefied ASV,11,249,p_Proteobacteria,0.0005882352941176
Rarefied ASV,11,250,p_Bacteroidota_c_Bacteroidia,0.0005797101449275
Rarefied ASV,10,251,p_Firmicutes_c_Bacilli_o_Turicibacterales_f_Turicibacteraceae_g_Turicibacter,0.0005528533489629
Rarefied ASV,11,252,p_Actinobacteriota_c_Actinomycetia_o_Actinomycetales_f_Bifidobacteriaceae_g_Bifidobacterium_388775_s_Bifidobacterium_adolescentis,0.0005464791473015
Rarefied ASV,9,253,p_Proteobacteria_c_Betaproteobacteria_o_Burkholderiales,0.0005351351351351
Rarefied ASV,9,254,p_Firmicutes_c_Bacilli_o_Lactobacillales_f_Streptococcaceae_g_Streptococcus,0.0005297297297297
Rarefied ASV,11,255,p_Actinobacteriota_c_Actinomycetia_o_Actinomycetales_f_Bifidobacteriaceae_g_Bifidobacterium_388775_s_Bifidobacterium_bifidum,0.0005072463768115
Rarefied ASV,11,256,p_Actinobacteriota,0.0005072463768115
Rarefied ASV,11,257,p_Firmicutes_A_c_Clostridia_258483_o_Lachnospirales_f_Lachnospiraceae_g_Blautia_A_141781_s_Blautia_A_141781_faecis,0.0005072463768115
Rarefied ASV,11,258,p_Bacteroidota_c_Bacteroidia_o_Bacteroidales_f_Porphyromonadaceae_g_Porphyromonas_A_859426_s_Porphyromonas_A_859426_bennonis,0.0004708648955471
Rarefied ASV,11,259,p_Firmicutes_D_c_Bacilli_o_Haloplasmatales_A_f_Turicibacteraceae_g_Turicibacter_s_Turicibacter_sanguinis,0.0004634604395468
Rarefied ASV,9,260,p_Bacteroidetes_c_Bacteroidia_o_Bacteroidales_f_Prevotellaceae,0.0004054054054053
Rarefied ASV,9,261,p_Bacteroidetes_c_Bacteroidia_o_Bacteroidales_f_[Paraprevotellaceae],0.0004054054054053
Rarefied ASV,11,262,p_Firmicutes_A_c_Clostridia_258483_o_Oscillospirales_f_Ruminococcaceae_g_Ruminococcus_D_s_Ruminococcus_D_bicirculans,0.0004014483792957
Rarefied ASV,10,263,p_Firmicutes_c_Clostridia_o_Clostridiales_f_Lachnospiraceae_g_Clostridium_s_symbiosum,0.0003760982671077
Rarefied ASV,11,264,p_Firmicutes_A_c_Clostridia_258483_o_Lachnospirales_f_Lachnospiraceae_g_Ventrimonas_s_Ventrimonas_sp003481825,0.0003340600380642
Rarefied ASV,9,265,p_Firmicutes_c_Bacilli_o_Gemellales_f_Gemellaceae,0.0003297297297297
Rarefied ASV,9,266,p_Firmicutes_c_Clostridia_o_Clostridiales_f_Lachnospiraceae_g_Shuttleworthia,0.0002507542020552
Rarefied ASV,10,267,p_Firmicutes_c_Clostridia_o_Clostridiales_f_Lachnospiraceae_g_Dorea,0.0002316421490544
Rarefied ASV,11,268,p_Bacteroidota_c_Bacteroidia_o_Bacteroidales_f_Bacteroidaceae_g_Prevotella_s_Prevotella_timonensis,0.0002271437862199
Rarefied ASV,10,269,p_Firmicutes_c_Clostridia_o_Clostridiales_f_Lachnospiraceae_g_Blautia_s_producta,0.0001745615300692
Rarefied ASV,11,270,p_Firmicutes_A_c_Clostridia_258483_o_Lachnospirales_f_Lachnospiraceae_g_Coprococcus_A_121497_s_Coprococcus_A_121497_sp000154245,7.121745145917543e-05
Rarefied ASV,10,271,p_Actinobacteria_c_Actinobacteria_o_Bifidobacteriales_f_Bifidobacteriaceae_g_Bifidobacterium_s_adolescentis,0.0
Rarefied ASV,16,272,p_Bacteroidetes_c_Bacteroidia_o_Bacteroidales_f_[Odoribacteraceae]_g_Butyricimonas,0.0
Rarefied ASV,10,273,p_Actinobacteria_c_Actinobacteria_o_Bifidobacteriales_f_Bifidobacteriaceae_g_Bifidobacterium,0.0
Rarefied ASV,10,274,p_Actinobacteria_c_Actinobacteria_o_Actinomycetales_f_Propionibacteriaceae_g_Propionibacterium_s_acnes,0.0
Rarefied ASV,16,275,p_Bacteroidetes_c_Flavobacteriia_o_Flavobacteriales_f_[Weeksellaceae]_g_Chryseobacterium,0.0
Rarefied ASV,16,276,p_Bacteroidetes_c_Bacteroidia_o_Bacteroidales_f_Porphyromonadaceae_g_Parabacteroides,0.0
Rarefied ASV,10,277,p_Synergistetes_c_Synergistia_o_Synergistales_f_Dethiosulfovibrionaceae_g_Pyramidobacter_s_piscolens,0.0
Rarefied Taxa,9,1,p_Bacteroidetes_c_Bacteroidia_o_Bacteroidales_f_Bacteroidaceae_g_Bacteroides_s_eggerthii,6187420940636.589
Rarefied Taxa,11,2,p_Bacteroidota_c_Bacteroidia_o_Bacteroidales_f_Tannerellaceae_g_Parabacteroides_B_862066_s_Parabacteroides_B_862066_merdae,1006737714429.9633
Rarefied Taxa,11,3,p_Proteobacteria_c_Gammaproteobacteria_o_Enterobacterales_A_737866_f_Enterobacteriaceae_A_g_Escherichia_710834,695389299216.7816
Rarefied Taxa,9,4,p_Firmicutes,43831013496.86482
Rarefied Taxa,11,5,p_Firmicutes_D_c_Bacilli_o_Lactobacillales_f_Lactobacillaceae,11844005009.96178
Rarefied Taxa,9,6,p_Firmicutes_c_Clostridia_o_Clostridiales_f__Tissierellaceae_g_Finegoldia_s_NR_041935,1299383831.7654192
Rarefied Taxa,11,7,p_Firmicutes_A_c_Clostridia_258483_o_Oscillospirales_f_Oscillospiraceae_88309_g_NR_s_NR_179330,592386447.7998081
Rarefied Taxa,16,8,k_Bacteria_p_Firmicutes_c_Clostridia_o_Clostridiales_f_Lachnospiraceae_g_Clostridium_s_aldenense,0.756966564068571
Rarefied Taxa,16,9,k_Bacteria_p_Firmicutes_c_Clostridia_o_Clostridiales_f_Veillonellaceae_g_Megasphaera_s_NR_133027,0.7496124593501138
Rarefied Taxa,1,10,k_Bacteria_p_Firmicutes_A_c_Clostridia_258483_o_Lachnospirales_f_Lachnospiraceae_g_COE1_s_NR_180833,0.5425093955463833
Rarefied Taxa,1,11,k_Bacteria_p_Firmicutes_A_c_Clostridia_258483_o_Lachnospirales_f_Lachnospiraceae_g_COE1,0.5425093955463833
Rarefied Taxa,1,12,k_Bacteria_p_Verrucomicrobiota_c_Verrucomicrobiae_o_Verrucomicrobiales,0.5280239926444159
Rarefied Taxa,1,13,k_Bacteria_p_Verrucomicrobiota_c_Verrucomicrobiae_o_Verrucomicrobiales_f_Akkermansiaceae_g_Akkermansia,0.5280239926444159
Rarefied Taxa,1,14,k_Bacteria_p_Verrucomicrobiota_c_Verrucomicrobiae,0.5280239926444159
Rarefied Taxa,1,15,k_Bacteria_p_Verrucomicrobiota_c_Verrucomicrobiae_o_Verrucomicrobiales_f_Akkermansiaceae,0.5280239926444159
Rarefied Taxa,1,16,k_Bacteria_p_Proteobacteria_c_Gammaproteobacteria_o_Enterobacterales_A_737866_f_Enterobacteriaceae_A_g_Proteus,0.5123328520192041
Rarefied Taxa,1,17,k_Bacteria_p_Firmicutes_A_c_Clostridia_258483_o_Oscillospirales_f_Acutalibacteraceae_g_NR,0.5098780473073324
Rarefied Taxa,1,18,k_Bacteria_p_Verrucomicrobiota,0.5069998807377286
Rarefied Taxa,16,19,k_Bacteria_p_Firmicutes_c_Clostridia_o_Clostridiales_f_Veillonellaceae_g_Dialister_s_NR_028862,0.5056426858463123
Rarefied Taxa,16,20,k_Bacteria_p_Bacteroidetes_c_Bacteroidia_o_Bacteroidales_f_Prevotellaceae_g_Prevotella_s_NR_113320,0.5031063333153725
Rarefied Taxa,10,21,p_Firmicutes_c_Clostridia_o_Clostridiales_f_Ruminococcaceae_g_Ruminococcus_s_NR_145929,0.4945246309041977
Rarefied Taxa,10,22,p_Firmicutes_c_Erysipelotrichi_o_Erysipelotrichales_f_Erysipelotrichaceae_g_Coprobacillus_s_NR_144738,0.4923382488079369
Rarefied Taxa,16,23,k_Bacteria_p_Bacteroidetes_c_Bacteroidia_o_Bacteroidales_f_Odoribacteraceae_g_Butyricimonas_s_NR_179974,0.4816002608281169
Rarefied Taxa,1,24,k_Bacteria_p_Firmicutes_A_c_Clostridia_258483_o_Lachnospirales_f_Lachnospiraceae_g_Coprococcus_A_187866_s_Coprococcus_A_187866_catus,0.4718003266387516
Rarefied Taxa,10,25,p_Bacteroidetes_c_Bacteroidia_o_Bacteroidales_f_Rikenellaceae_g_Alistipes_s_onderdonkii,0.4708485506474972
Rarefied Taxa,1,26,k_Bacteria_p_Firmicutes_A_c_Clostridia_258483_o_Lachnospirales_f_Lachnospiraceae_g_CAG_45_s_CAG_45_sp000438375,0.4699062731530931
Rarefied Taxa,10,27,p_Firmicutes_c_Clostridia_o_Clostridiales_f_Lachnospiraceae_g_Anaerostipes_s_NR_118670,0.4698924958705902
Rarefied Taxa,1,28,k_Bacteria_p_Proteobacteria_c_Gammaproteobacteria_o_Enterobacterales_A_737866_f_Enterobacteriaceae_A_g_Proteus_s_Proteus_mirabilis,0.4635968219902781
Rarefied Taxa,1,29,k_Bacteria_p_Actinobacteriota_c_Coriobacteriia_o_Coriobacteriales_f_Eggerthellaceae_g_Adlercreutzia_404257_s_Adlercreutzia_equolifaciens,0.4508430692884657
Rarefied Taxa,15,30,p_Bacteroidetes_c_Bacteroidia_o_Bacteroidales_f_Prevotellaceae_g_Prevotella_s_stercorea,0.4388206154108047
Rarefied Taxa,1,31,k_Bacteria_p_Actinobacteriota_c_Coriobacteriia_o_Coriobacteriales_f_Eggerthellaceae_g_Senegalimassilia_s_Senegalimassilia_faecalis,0.4356481949488321
Rarefied Taxa,1,32,k_Bacteria_p_Actinobacteriota_c_Coriobacteriia_o_Coriobacteriales_f_Eggerthellaceae_g_Senegalimassilia,0.4356481949488321
Rarefied Taxa,10,33,p_Bacteroidetes_c_Bacteroidia_o_Bacteroidales_f_Bacteroidaceae_g_Bacteroides_s_caccae,0.4306078620254993
Rarefied Taxa,10,34,p_Firmicutes_c_Clostridia_o_Clostridiales_f_Lachnospiraceae_g_Anaerostipes,0.4158251643180847
Rarefied Taxa,1,35,k_Bacteria_p_Firmicutes_A_c_Clostridia_258483_o_Lachnospirales_f_Lachnospiraceae_g_Oliverpabstia,0.4145727508597904
Rarefied Taxa,16,36,k_Bacteria_p_Firmicutes_c_Clostridia_o_Clostridiales_f_Peptococcaceae_g_Peptococcus_s_NR_153710,0.4091205194592476
Rarefied Taxa,10,37,p_Firmicutes_c_Erysipelotrichi_o_Erysipelotrichales_f_Erysipelotrichaceae_g_Coprobacillus,0.4069838158786297
Rarefied Taxa,16,38,k_Bacteria_p_Firmicutes_c_Clostridia_o_Clostridiales_f_Lachnospiraceae_g_Clostridium_s_colinum,0.4015297401878651
Rarefied Taxa,10,39,p_Firmicutes_c_Clostridia_o_Clostridiales_f_Clostridiales_g_NR_s_NR_025651,0.3974739402532578
Rarefied Taxa,10,40,p_Firmicutes_c_Clostridia_o_Clostridiales_f_Lachnospiraceae_g_NR_s_NR_156078,0.3940500438213348
Rarefied Taxa,16,41,k_Bacteria_p_Bacteroidetes_c_Bacteroidia_o_Bacteroidales_f_Paraprevotellaceae_g_NR_s_NR_173659,0.393604165315628
Rarefied Taxa,15,42,p_Bacteroidetes_c_Bacteroidia_o_Bacteroidales_f_Bacteroidaceae_g_Bacteroides_s_uniformis,0.3932294234633445
Rarefied Taxa,10,43,p_Firmicutes_c_Clostridia_o_Clostridiales_f_Lachnospiraceae_g_NR_s_NR_189197,0.3897426009178161
Rarefied Taxa,16,44,k_Bacteria_p_Firmicutes_c_Erysipelotrichi_o_Erysipelotrichales_f_Erysipelotrichaceae_g_Bulleidia_s_p_1630_c5,0.3869548097252845
Rarefied Taxa,16,45,k_Bacteria_p_Actinobacteria_c_Coriobacteriia_o_Coriobacteriales_f_Coriobacteriaceae_g_NR_s_NR_144751,0.3817802608013153
Rarefied Taxa,15,46,p_Bacteroidetes_c_Bacteroidia_o_Bacteroidales_f_Bacteroidaceae_g_Bacteroides,0.3817301116883754
Rarefied Taxa,15,47,p_Bacteroidetes_c_Bacteroidia_o_Bacteroidales_f_Bacteroidaceae,0.3817301116883754
Rarefied Taxa,10,48,p_Firmicutes_c_Clostridia_o_Clostridiales_f_Lachnospiraceae_g_NR_s_NR_156077,0.3737035468220711
Rarefied Taxa,1,49,k_Bacteria_p_Actinobacteriota_c_Actinomycetia_o_Actinomycetales_f_Bifidobacteriaceae_g_Bifidobacterium_388775_s_NR_074802,0.3730282376209895
Rarefied Taxa,16,50,k_Bacteria_p_Firmicutes_c_Erysipelotrichi_o_Erysipelotrichales_f_Erysipelotrichaceae_g_Clostridium_s_saccharogumia,0.3702780082821846
Rarefied Taxa,1,51,k_Bacteria_p_Firmicutes_C_c_Negativicutes_o_Veillonellales_f_Megasphaeraceae,0.3673059158855013
Rarefied Taxa,10,52,p_Proteobacteria_c_Deltaproteobacteria_o_Desulfovibrionales_f_Desulfovibrionaceae_g_NR_s_NR_104990,0.3672508925199508
Rarefied Taxa,10,53,p_Proteobacteria_c_Deltaproteobacteria_o_Desulfovibrionales_f_Desulfovibrionaceae_g_NR,0.3672508925199508
Rarefied Taxa,15,54,p_Bacteroidetes_c_Bacteroidia_o_Bacteroidales_f_Prevotellaceae,0.3670554056763649
Rarefied Taxa,15,55,p_Bacteroidetes_c_Bacteroidia_o_Bacteroidales_f_Prevotellaceae_g_Prevotella,0.3670554056763649
Rarefied Taxa,10,56,p_Firmicutes_c_Clostridia_o_Clostridiales_f_Clostridiales_g_NR_s_NR_024829,0.3632762089371681
Rarefied Taxa,15,57,p_Bacteroidetes_c_Bacteroidia_o_Bacteroidales_f_Bacteroidaceae_g_Bacteroides_s_NR_041351,0.3625488638877868
Rarefied Taxa,16,58,k_Bacteria_p_Firmicutes_c_Clostridia_o_Clostridiales_f_Veillonellaceae_g_Acidaminococcus_s_NR_037018,0.3611024808060358
Rarefied Taxa,15,59,p_Bacteroidetes_c_Bacteroidia_o_Bacteroidales_f_Rikenellaceae,0.3591565832495689
Rarefied Taxa,15,60,p_Firmicutes_c_Clostridia_o_Clostridiales_f_Clostridiales,0.3566582962870598
Rarefied Taxa,15,61,p_Firmicutes_c_Clostridia_o_Clostridiales_f_Clostridiales_g_NR,0.3566582962870598
Rarefied Taxa,15,62,p_Firmicutes_c_Clostridia,0.3536343172192573
Rarefied Taxa,15,63,p_Firmicutes_c_Clostridia_o_Clostridiales,0.3534721851348877
Rarefied Taxa,10,64,p_Firmicutes_c_Clostridia_o_Clostridiales_f_Lachnospiraceae_g_Roseburia_s_NR_181393,0.3512156330049037
Rarefied Taxa,16,65,k_Bacteria_p_Bacteroidetes_c_Bacteroidia_o_Bacteroidales_f_Prevotellaceae_g_Prevotella_s_NR_179449,0.3508816659450531
Rarefied Taxa,15,66,p_Firmicutes_c_Clostridia_o_Clostridiales_f_Veillonellaceae_g_Megamonas,0.3507691942155361
Rarefied Taxa,16,67,k_Bacteria_p_Bacteroidetes_c_Bacteroidia_o_Bacteroidales_f_Bacteroidales_g_NR_s_NR_165720,0.3473533295094966
Rarefied Taxa,16,68,k_Bacteria_p_Firmicutes_c_Erysipelotrichi_o_Erysipelotrichales_f_Erysipelotrichaceae_g_Eubacterium_s_cylindroides,0.3468862384557724
Rarefied Taxa,10,69,p_Firmicutes_c_Clostridia_o_Clostridiales_f_Clostridiales_g_NR_s_NR_189245,0.3462146054953336
Rarefied Taxa,15,70,p_Firmicutes_c_Clostridia_o_Clostridiales_f_Veillonellaceae_g_Phascolarctobacterium_s_NR_112902,0.3446390390396118
Rarefied Taxa,15,71,p_Bacteroidetes_c_Bacteroidia_o_Bacteroidales_f_Rikenellaceae_g_NR,0.3398259110748768
Rarefied Taxa,16,72,k_Bacteria_p_Firmicutes_c_Clostridia_o_Clostridiales_f_Lachnospiraceae_g_Oribacterium,0.3236892193555832
Rarefied Taxa,16,73,k_Bacteria_p_Firmicutes_c_Clostridia_o_Clostridiales_f_Lachnospiraceae_g_Oribacterium_s_NR_029097,0.3236892193555832
Rarefied Taxa,16,74,k_Bacteria_p_Bacteroidetes_c_Bacteroidia_o_Bacteroidales_f_Bacteroidales_g_NR_s_NR_179978,0.2894240980257899
Rarefied Taxa,16,75,k_Bacteria_p_Firmicutes_c_Bacilli_o_Lactobacillales_f_Lactobacillaceae_g_Lactobacillus_s_iners,0.2894240980257899
Rarefied Taxa,16,76,k_Bacteria_p_Firmicutes_c_Clostridia_o_Clostridiales_f_Ruminococcaceae_g_NR_s_NR_169458,0.2831382590180249
Rarefied Taxa,16,77,k_Bacteria_p_Proteobacteria_c_Alphaproteobacteria_o_Sphingomonadales_f_Sphingomonadaceae_g_Sphingobium_s_yanoikuyae,0.2540162654318053
Rarefied Taxa,15,78,p_Bacteroidetes_c_Bacteroidia_o_Bacteroidales_f_Prevotellaceae_g_Prevotella_s_NR_147404,0.2517565296962903
Rarefied Taxa,16,79,k_Bacteria_p_Firmicutes_c_Clostridia_o_Clostridiales_f_Clostridiales_g_NR_s_NR_179713,0.25011676107476
Rarefied Taxa,11,80,p_Firmicutes_A_c_Clostridia_258483_o_Lachnospirales_f_Lachnospiraceae_g_Dorea_A_s_NR_179638,0.2429126612842083
Rarefied Taxa,9,81,p_Firmicutes_c_Clostridia_o_Clostridiales_f_Ruminococcaceae_g_Oscillospira_s_NR_173697,0.2360080406069755
Rarefied Taxa,9,82,p_Bacteroidetes_c_Bacteroidia_o_Bacteroidales_f_Bacteroidaceae_g_Bacteroides_s_NR_041351,0.2316513086551276
Rarefied Taxa,9,83,p_Firmicutes_c_Bacilli_o_Lactobacillales_f_Lactobacillaceae_g_Lactobacillus_s_NR_041920,0.2289713715790624
Rarefied Taxa,16,84,k_Bacteria_p_Bacteroidetes_c_Bacteroidia_o_Bacteroidales_f_Paraprevotellaceae_g_Prevotella_s_NR_118334,0.2275394554383775
Rarefied Taxa,11,85,p_Bacteroidota_c_Bacteroidia_o_Bacteroidales_f_Bacteroidaceae_g_Bacteroides_H_s_Bacteroides_H_stercoris,0.2269175980983028
Rarefied Taxa,9,86,p_Bacteroidetes_c_Bacteroidia_o_Bacteroidales_f_Bacteroidaceae,0.2250074818730354
Rarefied Taxa,9,87,p_Bacteroidetes_c_Bacteroidia_o_Bacteroidales_f_Bacteroidaceae_g_Bacteroides,0.2250074818730354
Rarefied Taxa,9,88,p_Firmicutes_c_Clostridia_o_Clostridiales_f_Ruminococcaceae_g_Faecalibacterium,0.2156687494367361
Rarefied Taxa,9,89,p_Firmicutes_c_Clostridia_o_Clostridiales_f_Ruminococcaceae_g_Faecalibacterium_s_prausnitzii,0.2137022867798805
Rarefied Taxa,9,90,p_Bacteroidetes_c_Bacteroidia_o_Bacteroidales_f__Odoribacteraceae_,0.2094767741858959
Rarefied Taxa,9,91,p_Bacteroidetes_c_Bacteroidia_o_Bacteroidales_f__Odoribacteraceae_g_Odoribacter,0.206024782732129
Rarefied Taxa,9,92,p_Firmicutes_c_Clostridia_o_Clostridiales_f_Ruminococcaceae_g_Faecalibacterium_s_NR_178280,0.2055929612368345
Rarefied Taxa,9,93,p_Firmicutes_c_Clostridia_o_Clostridiales_f_Veillonellaceae_g_Phascolarctobacterium,0.2047202333807945
Rarefied Taxa,15,94,p_Firmicutes_c_Clostridia_o_Clostridiales_f_Veillonellaceae_g_Megamonas_s_NR_041590,0.1999886795414543
Rarefied Taxa,11,95,p_Bacteroidota_c_Bacteroidia_o_Bacteroidales_f_Bacteroidaceae_g_Bacteroides_H_s_NR_028607,0.1988856354854426
Rarefied Taxa,11,96,p_Firmicutes_A_c_Clostridia_258483_o_Peptostreptococcales_f_Peptostreptococcaceae_256921_g_Terrisporobacter_s_Terrisporobacter_glycolicus_239331,0.1984510496258735
Rarefied Taxa,11,97,p_Firmicutes_A_c_Clostridia_258483_o_Peptostreptococcales_f_Peptostreptococcaceae_256921_g_Terrisporobacter,0.198313220590353
Rarefied Taxa,11,98,p_Firmicutes_A_c_Clostridia_258483_o_Lachnospirales_f_Lachnospiraceae_g_Dorea_A,0.1977929692715406
Rarefied Taxa,15,99,p_Bacteroidetes_c_Bacteroidia_o_Bacteroidales_f_Bacteroidaceae_g_Bacteroides_s_NR_112893,0.1973810073487991
Rarefied Taxa,9,100,p_Firmicutes_c_Clostridia_o_Clostridiales_f_Lachnospiraceae_g_NR_s_NR_024570,0.1961433910056763
Rarefied Taxa,11,101,p_Firmicutes_A_c_Clostridia_258483_o_Lachnospirales_f_Lachnospiraceae_g_Butyribacter_s_Butyribacter_sp003529475,0.1957425896078348
Rarefied Taxa,11,102,p_Firmicutes_A_c_Clostridia_258483_o_Oscillospirales_f_CAG_382_g_SFLA01,0.1950052715837955
Rarefied Taxa,11,103,p_Firmicutes_A_c_Clostridia_258483_o_Oscillospirales_f_CAG_382,0.1950052715837955
Rarefied Taxa,9,104,p_Proteobacteria_c_Gammaproteobacteria_o_Enterobacteriales_f_Enterobacteriaceae_g_NR_s_NR_024570,0.1939205696133436
Rarefied Taxa,11,105,p_Firmicutes_A_c_Clostridia_258483_o_Oscillospirales_f_Butyricicoccaceae_g_NR_s_NR_179713,0.1913501761853694
Rarefied Taxa,9,106,p_Bacteroidetes_c_Bacteroidia_o_Bacteroidales,0.1903433162719011
Rarefied Taxa,9,107,p_Bacteroidetes_c_Bacteroidia,0.1903433162719011
Rarefied Taxa,9,108,k_Archaea_p_Euryarchaeota_c_Methanobacteria_o_Methanobacteriales_f_Methanobacteriaceae_g_Methanobrevibacter_s_NR_044786,0.1897231427021324
Rarefied Taxa,9,109,k_Archaea_p_Euryarchaeota_c_Methanobacteria_o_Methanobacteriales_f_Methanobacteriaceae_g_Methanobrevibacter,0.1897231427021324
Rarefied Taxa,9,110,p_Bacteroidetes_c_Bacteroidia_o_Bacteroidales_f__Odoribacteraceae_g_Odoribacter_s_NR_113075,0.1893446799367666
Rarefied Taxa,15,111,p_Bacteroidetes_c_Bacteroidia_o_Bacteroidales_f_Bacteroidaceae_g_Bacteroides_s_NR_041313,0.1890572878730429
Rarefied Taxa,11,112,p_Bacteroidota_c_Bacteroidia_o_Bacteroidales_f_Bacteroidaceae_g_Bacteroides_H_s_NR_181532,0.1884995941995795
Rarefied Taxa,9,113,p_Firmicutes_c_Clostridia_o_Clostridiales_f_Ruminococcaceae_g_NR_s_NR_044972,0.188214711472392
Rarefied Taxa,9,114,k_Archaea_p_Euryarchaeota_c_Methanobacteria_o_Methanobacteriales,0.1873827494680881
Rarefied Taxa,9,115,k_Archaea_p_Euryarchaeota_c_Methanobacteria,0.1873827494680881
Rarefied Taxa,11,116,p_Firmicutes_A_c_Clostridia_258483_o_Christensenellales_f_Borkfalkiaceae_g_UBA1259,0.1857009332627058
Rarefied Taxa,11,117,p_Firmicutes_A_c_Clostridia_258483_o_Christensenellales_f_Borkfalkiaceae,0.1839035458862781
Rarefied Taxa,11,118,p_Firmicutes_A_c_Clostridia_258483_o_Oscillospirales_f_Butyricicoccaceae_g_NR,0.1831294368952512
Rarefied Taxa,11,119,p_Bacteria_c_Bacteria_o_Bacteria_f_Bacteria_g_NR_s_NR_179651,0.1830472553014331
Rarefied Taxa,9,120,p_Firmicutes_c_Erysipelotrichi_o_Erysipelotrichales_f_Erysipelotrichaceae_g_Clostridium_s_cocleatum,0.1817201242123979
Rarefied Taxa,9,121,p_Firmicutes_c_Bacilli_o_Lactobacillales_f_Enterococcaceae_g_Enterococcus_s_NR_026499,0.1811149403024167
Rarefied Taxa,9,122,p_Firmicutes_c_Bacilli_o_Lactobacillales_f_Lactobacillaceae_g_Lactobacillus_s_zeae,0.1802169899050514
Rarefied Taxa,15,123,p_Bacteroidetes_c_Bacteroidia_o_Bacteroidales_f_Bacteroidaceae_g_Bacteroides_s_NR_043017,0.1791418599729574
Rarefied Taxa,11,124,p_Firmicutes_A_c_Clostridia_258483_o_Lachnospirales_f_Lachnospiraceae_g_Enterocloster_s_Enterocloster_sp000431375,0.1766467209905385
Rarefied Taxa,11,125,p_Firmicutes_A_c_Clostridia_258483_o_Lachnospirales_f_Lachnospiraceae_g_Mediterraneibacter_A_155507,0.1753036846406757
Rarefied Taxa,9,126,p_Firmicutes_c_Clostridia_o_Clostridiales_f_Peptostreptococcaceae_g_NR_s_NR_144740,0.1741776085422597
Rarefied Taxa,11,127,p_Firmicutes_A_c_Clostridia_258483_o_Christensenellales_f_Borkfalkiaceae_g_UBA1259_s_NR_025917,0.1718676876276731
Rarefied Taxa,15,128,p_Bacteroidetes_c_Bacteroidia_o_Bacteroidales_f_Bacteroidaceae_g_Bacteroides_s_NR_181010,0.171082525299514
Rarefied Taxa,15,129,p_Bacteroidetes_c_Bacteroidia_o_Bacteroidales_f__Barnesiellaceae_g_NR_s_NR_118316,0.1692096438632593
Rarefied Taxa,10,130,p_Firmicutes_c_Clostridia_o_Clostridiales_f_Lachnospiraceae_g_Lachnospira_s_NR_118667,0.1677165269774345
Rarefied Taxa,9,131,p_Firmicutes_c_Clostridia_o_Clostridiales_f_Veillonellaceae_g_Phascolarctobacterium_s_NR_026111,0.1638710275675872
Rarefied Taxa,10,132,p_Firmicutes_c_Clostridia_o_Clostridiales_f_Ruminococcaceae_g_NR_s_NR_104846,0.1611704837069563
Rarefied Taxa,9,133,p_Proteobacteria_c_Gammaproteobacteria_o_Enterobacteriales_f_Enterobacteriaceae_g_Proteus_s_NR_104767,0.157886984415869
Rarefied Taxa,15,134,p_Firmicutes_c_Clostridia_o_Clostridiales_f_Lachnospiraceae_g_Lachnospira_s_NR_118667,0.1576636165840929
Rarefied Taxa,9,135,p_Firmicutes_c_Clostridia_o_Clostridiales_f_Ruminococcaceae_g_NR_s_NR_147378,0.1516549944519454
Rarefied Taxa,9,136,p_Firmicutes_c_Clostridia_o_Clostridiales_f_Ruminococcaceae_g_Ruminococcus_s_NR_114789,0.146205755820423
Rarefied Taxa,15,137,p_Firmicutes_c_Clostridia_o_Clostridiales_f_Clostridiales_g_NR_s_NR_026104,0.1451669872371577
Rarefied Taxa,15,138,p_Bacteroidetes_c_Bacteroidia_o_Bacteroidales_f_Bacteroidaceae_g_Bacteroides_s_NR_042745,0.1415198347056323
Rarefied Taxa,9,139,p_Bacteroidetes_c_Bacteroidia_o_Bacteroidales_f_Bacteroidaceae_g_Bacteroides_s_NR_028607,0.1365273308280297
Rarefied Taxa,9,140,p_Firmicutes_c_Bacilli_o_Lactobacillales_f_Enterococcaceae_g_Enterococcus_s_NR_025445,0.1364090442603053
Rarefied Taxa,10,141,p_Firmicutes_c_Clostridia_o_Clostridiales_f_Veillonellaceae_g_Mitsuokella,0.1356248819583492
Rarefied Taxa,10,142,p_Firmicutes_c_Erysipelotrichi_o_Erysipelotrichales_f_Erysipelotrichaceae_g_Clostridium_s_spiroforme,0.1342915446419657
Rarefied Taxa,9,143,p_Bacteroidetes_c_Bacteroidia_o_Bacteroidales_f_Bacteroidaceae_g_Bacteroides_s_NR_042745,0.1342725152089833
Rarefied Taxa,10,144,p_Bacteroidetes_c_Bacteroidia_o_Bacteroidales_f_Bacteroidaceae_g_Bacteroides_s_NR_041278,0.133893306470935
Rarefied Taxa,15,145,p_Firmicutes_c_Clostridia_o_Clostridiales_f_Ruminococcaceae_g_Oscillospira_s_NR_173697,0.1307991095805997
Rarefied Taxa,10,146,p_Firmicutes_c_Bacilli_o_Lactobacillales_f_Leuconostocaceae_g_Leuconostoc_s_NR_028777,0.1248067995206968
Rarefied Taxa,10,147,p_Bacteroidetes_c_Bacteroidia_o_Bacteroidales_f__Odoribacteraceae_g_Butyricimonas_s_NR_126195,0.1214085754232573
Rarefied Taxa,15,148,p_Firmicutes_c_Clostridia_o_Clostridiales_f_Clostridiales_g_NR_s_NR_181393,0.1199911381377121
Rarefied Taxa,11,149,p_Firmicutes_D_c_Bacilli_o_Lactobacillales_f_Enterococcaceae_g_Enterococcus_H_360604_s_Enterococcus_H_360604_faecalis,0.1183008655230275
Rarefied Taxa,11,150,p_Firmicutes_A_c_Clostridia_258483_o_Lachnospirales_f_Lachnospiraceae_g_Enterocloster_s_NR_179538,0.1178676443884595
Rarefied Taxa,11,151,p_Firmicutes_D_c_Bacilli_o_Lactobacillales_f_Enterococcaceae_g_Enterococcus_H_360604,0.1175420564306374
Rarefied Taxa,11,152,p_Firmicutes_D_c_Bacilli_o_Bacilli_f_Bacilli_g_NR_s_NR_041524,0.1079986347837159
Rarefied Taxa,11,153,p_Actinobacteriota_c_Coriobacteriia_o_Coriobacteriales_f_Eggerthellaceae_g_NR_s_NR_144751,0.1079959196617493
Rarefied Taxa,10,154,p_Firmicutes_c_Clostridia_o_Clostridiales_f_Lachnospiraceae_g__Ruminococcus_s_NR_116747,0.1074960162574335
Rarefied Taxa,11,155,p_Firmicutes_A_c_Clostridia_258483_o_Oscillospirales_f_Acutalibacteraceae_g_Acutalibacter_s_NR_144736,0.1017745380536965
Rarefied Taxa,1,156,k_Bacteria_p_Proteobacteria_c_Gammaproteobacteria_o_Enterobacterales_A_737866_f_Enterobacteriaceae_A_g_Proteus_s_NR_113344,0.0997764017789443
Rarefied Taxa,11,157,p_Firmicutes_A_c_Clostridia_258483_o_Lachnospirales_f_Lachnospiraceae_g_NR_s_NR_179587,0.0978392037916647
Rarefied Taxa,9,158,p_Bacteroidetes_c_Bacteroidia_o_Bacteroidales_f_Bacteroidaceae_g_Bacteroides_s_NR_074515,0.0950409882307625
Rarefied Taxa,15,159,p_Bacteroidetes_c_Bacteroidia_o_Bacteroidales_f_Porphyromonadaceae_g_Parabacteroides_s_NR_041343,0.0945246567544045
Rarefied Taxa,1,160,k_Bacteria_p_Firmicutes_A_c_Clostridia_258483_o_Lachnospirales_f_Lachnospiraceae_g_Clostridium_Q_134516_s_Clostridium_Q_134516_symbiosum,0.0934321616001298
Rarefied Taxa,9,161,p_Bacteroidetes_c_Bacteroidia_o_Bacteroidales_f_Rikenellaceae_g_Alistipes_s_putredinis,0.0925213922285191
Rarefied Taxa,1,162,k_Bacteria_p_Firmicutes_A_c_Clostridia_258483_o_Lachnospirales_f_Lachnospiraceae_g_Blautia_A_141781_s_NR_118692,0.0879253517189836
Rarefied Taxa,1,163,k_Bacteria_p_Firmicutes_A_c_Clostridia_258483_o_Lachnospirales_f_Lachnospiraceae_g_Blautia_A_141781_s_NR_114315,0.0860110700097548
Rarefied Taxa,15,164,p_Firmicutes_c_Clostridia_o_Clostridiales_f_Veillonellaceae_g_Mitsuokella,0.0850760235038824
Rarefied Taxa,15,165,p_Firmicutes_c_Clostridia_o_Clostridiales_f_Veillonellaceae_g_Mitsuokella_s_NR_028840,0.0836646189414627
Rarefied Taxa,15,166,p_Bacteroidetes_c_Bacteroidia_o_Bacteroidales_f_Prevotellaceae_g_Prevotella_s_copri,0.0809855588779992
Rarefied Taxa,1,167,k_Bacteria_p_Firmicutes_A_c_Clostridia_258483_o_Lachnospirales_f_Lachnospiraceae_g_Eubacterium_I,0.0791464391851489
Rarefied Taxa,1,168,k_Bacteria_p_Firmicutes_A_c_Clostridia_258483_o_Lachnospirales_f_Lachnospiraceae_g_Eubacterium_I_s_NR_118674,0.0785794283529969
Rarefied Taxa,10,169,p_Firmicutes_c_Clostridia_o_Clostridiales_f_Lachnospiraceae_g_NR_s_NR_147396,0.0754892893711328
Rarefied Taxa,11,170,p_Bacteroidota_c_Bacteroidia_o_Bacteroidales_f_Bacteroidaceae_g_Bacteroides_H,0.0731111457649282
Rarefied Taxa,1,171,k_Bacteria_p_Firmicutes_A_c_Clostridia_258483_o_Lachnospirales_f_Lachnospiraceae_g_NR_s_NR_027557,0.0730497627446286
Rarefied Taxa,10,172,p_Firmicutes_c_Clostridia_o_Clostridiales_f_Clostridiales_g_NR_s_NR_165727,0.0723948859026313
Rarefied Taxa,11,173,p_Bacteroidota_c_Bacteroidia_o_Bacteroidales_f_Bacteroidaceae_g_Bacteroides_H_s_Bacteroides_H_xylanisolvens,0.0713439428053277
Rarefied Taxa,9,174,p_Proteobacteria_c_Gammaproteobacteria_o_Enterobacteriales_f_Enterobacteriaceae_g_NR,0.070809863275073
Rarefied Taxa,1,175,k_Bacteria_p_Firmicutes_A_c_Clostridia_258483_o_Lachnospirales_f_Lachnospiraceae_g_Clostridium_Q_134516_s_NR_118730,0.0695538880170033
Rarefied Taxa,10,176,p_Firmicutes_c_Clostridia_o_Clostridiales_f_Ruminococcaceae_g_NR_s_NR_151982,0.0690086769786185
Rarefied Taxa,10,177,p_Firmicutes_c_Clostridia_o_Clostridiales_f_Ruminococcaceae_g_Gemmiger_s_formicilis,0.0670376871931836
Rarefied Taxa,10,178,p_Firmicutes_c_Clostridia_o_Clostridiales_f_Ruminococcaceae_g_Gemmiger,0.0670376871931836
Rarefied Taxa,1,179,k_Bacteria_p_Firmicutes_A_c_Clostridia_258483_o_Lachnospirales_f_Lachnospiraceae_g_Ruminococcus_B_s_Ruminococcus_B_gnavus,0.0665481318863493
Rarefied Taxa,1,180,k_Bacteria_p_Firmicutes_A_c_Clostridia_258483_o_Lachnospirales_f_Lachnospiraceae_g_NR_s_NR_104799,0.0664324823146264
Rarefied Taxa,11,181,p_Firmicutes_A_c_Clostridia_258483_o_Lachnospirales_f_Lachnospiraceae_g_Blautia_A_141781_s_Blautia_A_141781_obeum,0.0658368013875293
Rarefied Taxa,1,182,k_Bacteria_p_Firmicutes_A_c_Clostridia_258483_o_Clostridia_258483_f_Clostridia_258483_g_NR_s_NR_178971,0.0653549343774658
Rarefied Taxa,10,183,p_Bacteroidetes_c_Bacteroidia_o_Bacteroidales_f__Paraprevotellaceae_g_Paraprevotella_s_NR_041626,0.0653364122404363
Rarefied Taxa,1,184,k_Bacteria_p_Actinobacteriota_c_Actinomycetia_o_Actinomycetales_f_Bifidobacteriaceae_g_Bifidobacterium_388775_s_Bifidobacterium_pseudocatenulatum,0.0652534768095759
Rarefied Taxa,10,185,p_Bacteroidetes_c_Bacteroidia_o_Bacteroidales_f__Paraprevotellaceae_g_Paraprevotella,0.0650052337286674
Rarefied Taxa,9,186,p_Proteobacteria_c_Gammaproteobacteria_o_Enterobacteriales,0.0633317997515735
Rarefied Taxa,15,187,p_Firmicutes_c_Clostridia_o_Clostridiales_f_Lachnospiraceae_g_NR_s_NR_116747,0.0626496958978704
Rarefied Taxa,11,188,p_Bacteroidota_c_Bacteroidia_o_Bacteroidales_f_Bacteroidaceae_g_Prevotella,0.0624852744259329
Rarefied Taxa,1,189,k_Bacteria_p_Firmicutes_A_c_Clostridia_258483_o_Clostridia_258483_f_Clostridia_258483_g_NR_s_NR_179388,0.0623409501056101
Rarefied Taxa,1,190,k_Bacteria_p_Firmicutes_A_c_Clostridia_258483_o_Oscillospirales_f_Ruminococcaceae_g_Faecalibacterium_s_NR_199945,0.061385707171039
Rarefied Taxa,1,191,k_Bacteria_p_Firmicutes_A_c_Clostridia_258483_o_Oscillospirales_f_Ruminococcaceae_g_Gemmiger_A_73129_s_NR_199945,0.0612598476297882
Rarefied Taxa,9,192,p_Firmicutes_c_Clostridia_o_Clostridiales_f_Lachnospiraceae_g_Coprococcus_s_NR_118673,0.0612368375136258
Rarefied Taxa,10,193,p_Bacteroidetes_c_Bacteroidia_o_Bacteroidales_f_Bacteroidaceae_g_Bacteroides_s_NR_074515,0.0611419794118398
Rarefied Taxa,11,194,p_Firmicutes_A_c_Clostridia_258483_o_Oscillospirales_f_Oscillospirales_g_NR_s_NR_118452,0.0598120194605025
Rarefied Taxa,10,195,p_Firmicutes_c_Clostridia_o_Clostridiales_f_Ruminococcaceae_g_Oscillospira_s_NR_118554,0.0577345225237032
Rarefied Taxa,16,196,k_Bacteria_p_Bacteroidetes_c_Bacteroidia_o_Bacteroidales_f_Prevotellaceae_g_Prevotella_s_NR_113110,0.0566890895600465
Rarefied Taxa,10,197,p_Proteobacteria_c_Betaproteobacteria,0.056060334607638
Rarefied Taxa,16,198,k_Bacteria_p_Firmicutes_c_Clostridia_o_Clostridiales_f_Veillonellaceae_g_Anaerovibrio,0.05500633248938
Rarefied Taxa,10,199,p_Firmicutes_c_Bacilli_o_Gemellales_f_Gemellaceae_g_NR_s_NR_133752,0.0506605271140748
Rarefied Taxa,11,200,p_Firmicutes_A_c_Clostridia_258483_o_Oscillospirales_f_Ruminococcaceae_g_Gemmiger_A_73129_s_NR_180622,0.0487072136350558
Rarefied Taxa,11,201,p_Bacteroidota_c_Bacteroidia_o_Bacteroidales_f_Marinifilaceae_g_Butyricimonas_s_NR_126194,0.0475093810143042
Rarefied Taxa,1,202,k_Bacteria_p_Firmicutes_A_c_Clostridia_258483_o_Oscillospirales_f_Oscillospirales,0.0460863605496847
Rarefied Taxa,1,203,k_Bacteria_p_Firmicutes_A_c_Clostridia_258483_o_Oscillospirales_f_Ruminococcaceae_g_Gemmiger_A_73129_s_NR_104846,0.045
Rarefied Taxa,1,204,k_Bacteria_p_Firmicutes_A_c_Clostridia_258483_o_Oscillospirales_f_Acutalibacteraceae_g_Anaeromassilibacillus,0.0449999999999999
Rarefied Taxa,1,205,k_Bacteria_p_Firmicutes_A_c_Clostridia_258483_o_Lachnospirales_f_Lachnospiraceae_g_Copromonas_s_Copromonas_sp900066535,0.0433333333333333
Rarefied Taxa,1,206,k_Bacteria_p_Firmicutes_A_c_Clostridia_258483_o_Lachnospirales_f_Lachnospiraceae_g_Enterocloster_s_Enterocloster_sp000431375,0.0396627513336568
Rarefied Taxa,1,207,k_Bacteria_p_Firmicutes_A_c_Clostridia_258483_o_Oscillospirales_f_Oscillospiraceae_88309_g_Vescimonas,0.0385955960157469
Rarefied Taxa,1,208,k_Bacteria_p_Firmicutes_A_c_Clostridia_258483_o_Peptostreptococcales_f_Peptostreptococcaceae_256921_g_NR_s_NR_144740,0.0349999999999999
Rarefied Taxa,1,209,k_Bacteria_p_Firmicutes_A_c_Clostridia_258483_o_Peptostreptococcales_f_Peptostreptococcaceae_256921_g_NR,0.0349999999999999
Rarefied Taxa,1,210,k_Bacteria_p_Firmicutes_A_c_Clostridia_258483_o_Lachnospirales_f_Lachnospiraceae_g_Lachnospira_s_Lachnospira_eligens,0.034509689054409
Rarefied Taxa,1,211,k_Bacteria_p_Firmicutes_A_c_Clostridia_258483_o_Oscillospirales_f_Oscillospirales_g_NR,0.0341014268802252
Rarefied Taxa,1,212,k_Bacteria_p_Bacteroidota_c_Bacteroidia_o_Bacteroidales_f_Rikenellaceae_g_Alistipes_A_871400_s_Alistipes_A_871400_finegoldii,0.0333333333333333
Rarefied Taxa,1,213,k_Bacteria_p_Firmicutes_A_c_Clostridia_258483_o_Lachnospirales_f_Lachnospiraceae_g_Ventrisoma_s_Ventrisoma_faecale,0.032486602277342
Rarefied Taxa,1,214,k_Bacteria_p_Firmicutes_A_c_Clostridia_258483_o_Lachnospirales_f_Lachnospiraceae_g_Ventrisoma,0.032486602277342
Rarefied Taxa,1,215,k_Bacteria_p_Firmicutes_D_c_Bacilli_o_Erysipelotrichales_f_Erysipelotrichaceae_g_Merdibacter,0.0316666666666666
Rarefied Taxa,1,216,k_Bacteria_p_Firmicutes_D_c_Bacilli_o_Erysipelotrichales_f_Erysipelotrichaceae_g_Merdibacter_s_Merdibacter_massiliensis,0.0316666666666666
Rarefied Taxa,1,217,k_Bacteria_p_Bacteria_c_Bacteria_o_Bacteria_f_Bacteria_g_NR_s_NR_119284,0.0316666666666666
Rarefied Taxa,1,218,k_Bacteria_p_Firmicutes_A_c_Clostridia_258483_o_Christensenellales_f_CAG_74_g_NR_s_NR_181386,0.0316666666666666
Rarefied Taxa,1,219,k_Bacteria_p_Firmicutes_A_c_Clostridia_258483_o_Lachnospirales_f_Lachnospiraceae_g_Oliverpabstia_s_Oliverpabstia_faecicola,0.0316666666666666
Rarefied Taxa,15,220,p_Bacteroidetes_c_Bacteroidia_o_Bacteroidales_f__Odoribacteraceae_g_Odoribacter_s_NR_113075,0.031653129019304
Rarefied Taxa,1,221,k_Bacteria_p_Proteobacteria_c_Gammaproteobacteria_o_Enterobacterales_A_737866_f_Enterobacteriaceae_A_g_NR_s_NR_180451,0.0313963247290556
Rarefied Taxa,1,222,k_Bacteria_p_Proteobacteria_c_Alphaproteobacteria_o_RF32,0.03
Rarefied Taxa,1,223,k_Bacteria_p_Bacteroidota_c_Bacteroidia_o_Bacteroidales_f_Bacteroidaceae_g_Bacteroides_H_s_Bacteroides_H_stercoris,0.03
Rarefied Taxa,1,224,k_Bacteria_p_Firmicutes_A_c_Clostridia_258483_o_Oscillospirales_f_Oscillospiraceae_88309_g_NR_s_NR_113032,0.03
Rarefied Taxa,1,225,k_Bacteria_p_Firmicutes_A_c_Clostridia_258483_o_Oscillospirales_f_Ruminococcaceae_g_NR_s_NR_102884,0.03
Rarefied Taxa,1,226,k_Bacteria_p_Bacteroidota_c_Bacteroidia_o_Bacteroidales_f_Rikenellaceae_g_Alistipes_A_871400_s_Alistipes_A_871400_dispar,0.03
Rarefied Taxa,1,227,k_Bacteria_p_Firmicutes_A_c_Clostridia_258483_o_Oscillospirales_f_Oscillospiraceae_88309_g_NR_s_NR_176530,0.03
Rarefied Taxa,10,228,p_Firmicutes_c_Clostridia_o_Clostridiales_f_Clostridiales_g_NG_s_NG_041947,0.0299999999999999
Rarefied Taxa,1,229,k_Bacteria_p_Firmicutes_A_c_Clostridia_258483_o_Lachnospirales_f_Lachnospiraceae_g_Blautia_A_141780_s_Blautia_A_141780_hansenii,0.0299999999999999
Rarefied Taxa,10,230,p_Firmicutes_c_Clostridia_o_Clostridiales_f_Clostridiales_g_NG,0.0299999999999999
Rarefied Taxa,1,231,k_Bacteria_p_Proteobacteria_c_Gammaproteobacteria_o_Burkholderiales_592524_f_Burkholderiaceae_A_574934_g_Herbaspirillum,0.0283333333333333
Rarefied Taxa,1,232,k_Bacteria_p_Proteobacteria_c_Gammaproteobacteria_o_Burkholderiales_592524_f_Burkholderiaceae_A_574934_g_Herbaspirillum_s_NR_114068,0.0283333333333333
Rarefied Taxa,16,233,k_Bacteria_p_Firmicutes_c_Clostridia_o_Clostridiales_f_Veillonellaceae_g_Anaerovibrio_s_NR_180826,0.0283333333333332
Rarefied Taxa,1,234,k_Bacteria_p_Firmicutes_A_c_Clostridia_258483_o_Lachnospirales_f_Anaerotignaceae_g_Anaerotignum_189125_s_Anaerotignum_faecicola,0.0272358530740309
Rarefied Taxa,1,235,k_Bacteria_p_Firmicutes_A_c_Clostridia_258483_o_Monoglobales_f_Monoglobaceae,0.0266666666666666
Rarefied Taxa,1,236,k_Bacteria_p_Firmicutes_A_c_Clostridia_258483_o_Monoglobales_f_Monoglobaceae_g_Monoglobus,0.0266666666666666
Rarefied Taxa,1,237,k_Bacteria_p_Firmicutes_A_c_Clostridia_258483_o_Monoglobales,0.0266666666666666
Rarefied Taxa,1,238,k_Bacteria_p_Firmicutes_A_c_Clostridia_258483_o_Oscillospirales_f_Oscillospiraceae_88309_g_Lawsonibacter_s_NR_179410,0.0266666666666666
Rarefied Taxa,1,239,k_Bacteria_p_Firmicutes_A_c_Clostridia_258483_o_Monoglobales_f_Monoglobaceae_g_Monoglobus_s_Monoglobus_pectinilyticus,0.0266666666666666
Rarefied Taxa,1,240,k_Bacteria_p_Firmicutes_A_c_Clostridia_258483_o_TANB77_f_CAG_508_g_UMGS1994,0.0250581797426934
Rarefied Taxa,1,241,k_Bacteria_p_Firmicutes_A_c_Clostridia_258483_o_TANB77,0.0245706607191007
Rarefied Taxa,10,242,p_Firmicutes_c_Clostridia_o_Clostridiales_f_Ruminococcaceae_g_Ruminococcus_s_bromii,0.0244092512691166
Rarefied Taxa,10,243,p_Firmicutes_c_Clostridia_o_Clostridiales_f_Lachnospiraceae_g_Dorea_s_longicatena,0.0238333333333333
Rarefied Taxa,10,244,p_Proteobacteria,0.0235529423282762
Rarefied Taxa,1,245,k_Bacteria_p_Firmicutes_D_c_Bacilli_o_Haloplasmatales_A,0.0235056910338013
Rarefied Taxa,1,246,k_Bacteria_p_Proteobacteria_c_Gammaproteobacteria_o_Enterobacterales_A_737866_f_Pasteurellaceae_g_Haemophilus_D_735815_s_NR_116168,0.023440782333871
Rarefied Taxa,1,247,k_Bacteria_p_Firmicutes_A_c_Clostridia_258483_o_Oscillospirales_f_Oscillospiraceae_88309_g_NR_s_NR_180619,0.0233333333333333
Rarefied Taxa,16,248,k_Bacteria_p_Bacteroidetes_c_Bacteroidia_o_Bacteroidales_f_Rikenellaceae_g_Alistipes_s_massiliensis,0.0232323280778457
Rarefied Taxa,1,249,k_Bacteria_p_Firmicutes_A_c_Clostridia_258483_o_Lachnospirales_f_Lachnospiraceae_g_Roseburia_s_Roseburia_inulinivorans,0.0229365540983189
Rarefied Taxa,1,250,k_Bacteria_p_Firmicutes_A_c_Clostridia_258483_o_Lachnospirales_f_Lachnospiraceae_g_Copromonas_s_Copromonas_sp000435795,0.0216666666666666
Rarefied Taxa,1,251,k_Bacteria_p_Firmicutes_A_c_Clostridia_258483_o_Lachnospirales_f_Lachnospiraceae_g_Eisenbergiella_s_NR_025567,0.0208548272148848
Rarefied Taxa,10,252,p_Bacteroidetes_c_Bacteroidia_o_Bacteroidales_f_Bacteroidaceae_g_Bacteroides_s_NR_112942,0.0206666666666666
Rarefied Taxa,10,253,p_Firmicutes_c_Bacilli_o_Lactobacillales_f_Leuconostocaceae_g_Leuconostoc_s_NR_040811,0.0204166666666666
Rarefied Taxa,10,254,p_Firmicutes_c_Clostridia_o_Clostridiales_f_Lachnospiraceae,0.0199999999999999
Rarefied Taxa,1,255,k_Bacteria_p_Firmicutes_A_c_Clostridia_258483_o_Oscillospirales_f_Ruminococcaceae_g_Anaerotruncus_s_Anaerotruncus_colihominis,0.0199999999999999
Rarefied Taxa,15,256,p_Bacteroidetes_c_Bacteroidia_o_Bacteroidales_f__Odoribacteraceae_g_Odoribacter,0.0193694093856122
Rarefied Taxa,10,257,p_Bacteroidetes_c_Bacteroidia_o_Bacteroidales_f_Prevotellaceae_g_Prevotella,0.0191666666666666
Rarefied Taxa,1,258,k_Bacteria_p_Firmicutes_A_c_Clostridia_258483_o_TANB77_f_CAG_508_g_UMGS1994_s_UMGS1994_sp900553945,0.0190000608503618
Rarefied Taxa,1,259,k_Bacteria_p_Firmicutes_D_c_Bacilli_o_Lactobacillales_f_Streptococcaceae_g_Streptococcus_s_NR_028664,0.0188796357405807
Rarefied Taxa,15,260,p_Firmicutes_c_Clostridia_o_Clostridiales_f_Clostridiales_g_NR_s_NR_125677,0.0186257871162444
Rarefied Taxa,1,261,k_Bacteria_p_Firmicutes_A_c_Clostridia_258483_o_Oscillospirales_f_Oscillospiraceae_88309_g_Faecousia,0.0183333333333333
Rarefied Taxa,1,262,k_Bacteria_p_Firmicutes_A_c_Clostridia_258483_o_Oscillospirales_f_Oscillospiraceae_88309_g_Oscillibacter,0.0182691248213599
Rarefied Taxa,1,263,k_Bacteria_p_Firmicutes_A_c_Clostridia_258483_o_Christensenellales_f_CAG_138_g_Phil1_s_Phil1_sp002069725,0.0182596966001146
Rarefied Taxa,1,264,k_Bacteria_p_Firmicutes_A_c_Clostridia_258483_o_Christensenellales_f_CAG_138_g_Phil1,0.0182596966001146
Rarefied Taxa,11,265,p_Proteobacteria_c_Gammaproteobacteria_o_Burkholderiales_592524_f_Burkholderiaceae_A_580492,0.018040961815762
Rarefied Taxa,11,266,p_Proteobacteria_c_Gammaproteobacteria_o_Burkholderiales_592524,0.0175829169636251
Rarefied Taxa,10,267,p_Firmicutes_c_Bacilli_o_Lactobacillales_f_Lactobacillaceae_g_Pediococcus,0.0174999999999999
Rarefied Taxa,1,268,k_Bacteria_p_Firmicutes_A_c_Clostridia_258483_o_Oscillospirales_f_Oscillospiraceae_88309_g_Vescimonas_s_Vescimonas_fastidiosa,0.0173139316459675
Rarefied Taxa,16,269,k_Bacteria_p_Bacteroidetes_c_Bacteroidia_o_Bacteroidales_f_Bacteroidaceae_g_Bacteroides_s_plebeius,0.0171131387900317
Rarefied Taxa,15,270,p_Bacteroidetes_c_Bacteroidia_o_Bacteroidales_f_Bacteroidaceae_g_Bacteroides_s_ovatus,0.017030310117057
Rarefied Taxa,10,271,p_Firmicutes_c_Clostridia_o_Clostridiales_f_Dehalobacteriaceae_g_Dehalobacterium_s_NR_043559,0.0168749999999999
Rarefied Taxa,10,272,p_Firmicutes_c_Clostridia_o_Clostridiales_f_Lachnospiraceae_g_Ruminococcus,0.0166666666666666
Rarefied Taxa,1,273,k_Bacteria_p_Bacteroidota_c_Bacteroidia_o_Bacteroidales_f_Bacteroidaceae_g_Bacteroides_H_s_Bacteroides_H_faecis,0.0166666666666666
Rarefied Taxa,10,274,p_Firmicutes_c_Clostridia_o_Clostridiales_f_Ruminococcaceae_g_NR_s_NR_159227,0.0166666666666666
Rarefied Taxa,10,275,p_Firmicutes_c_Clostridia_o_Clostridiales_f__Mogibacteriaceae_g_NR_s_NR_180913,0.0166666666666666
Rarefied Taxa,10,276,p_Firmicutes_c_Clostridia_o_Clostridiales_f_Lachnospiraceae_g_Blautia_s_obeum,0.0166666666666666
Rarefied Taxa,10,277,p_Firmicutes_c_Clostridia_o_Clostridiales_f_Lachnospiraceae_g_Coprococcus_s_NR_148620,0.0166666666666666
Rarefied Taxa,10,278,p_Firmicutes_c_Clostridia_o_Clostridiales_f_Lachnospiraceae_g_Ruminococcus_s_lactaris,0.0166666666666666
Rarefied Taxa,1,279,k_Bacteria_p_Firmicutes_D_c_Bacilli_o_Erysipelotrichales_f_Coprobacillaceae_g_Faecalibacillus_s_Faecalibacillus_faecis,0.0166666666666666
Rarefied Taxa,10,280,p_Firmicutes_c_Clostridia_o_Clostridiales_f_Lachnospiraceae_g_NR_s_NR_179627,0.0166666666666666
Rarefied Taxa,10,281,p_Firmicutes_c_Bacilli_o_Lactobacillales_f_Leuconostocaceae_g_Weissella,0.0159999999999999
Rarefied Taxa,10,282,p_Firmicutes_c_Bacilli_o_Gemellales,0.0156758838908063
Rarefied Taxa,1,283,k_Bacteria_p_Firmicutes_A_c_Clostridia_258483_o_TANB77_f_CAG_508_g_CAG_269_s_CAG_269_sp000431335,0.0152113978863562
Rarefied Taxa,9,284,p_Firmicutes_c_Clostridia_o_Clostridiales_f_Veillonellaceae,0.0150952221702613
Rarefied Taxa,10,285,p_Firmicutes_c_Clostridia_o_Clostridiales_f_Lachnospiraceae_g_NR_s_NR_180797,0.0150381158316592
Rarefied Taxa,1,286,k_Bacteria_p_Bacteroidota_c_Bacteroidia_o_Bacteroidales_f_Bacteroidaceae_g_Bacteroides_H_s_Bacteroides_H_rodentium,0.0149999999999999
Rarefied Taxa,10,287,p_Firmicutes_c_Clostridia_o_Clostridiales_f__Mogibacteriaceae_g_NR_s_NR_181399,0.0149999999999999
Rarefied Taxa,1,288,k_Bacteria_p_Proteobacteria_c_Gammaproteobacteria_o_Burkholderiales_595427_f_Burkholderiaceae_A_595427_g_Duodenibacillus_s_Duodenibacillus_massiliensis,0.0149999999999999
Rarefied Taxa,10,289,p_Firmicutes_c_Clostridia_o_Clostridiales_f_Lachnospiraceae_g_NR_s_NR_028883,0.0149999999999999
Rarefied Taxa,1,290,k_Bacteria_p_Firmicutes_A_c_Clostridia_258483_o_Christensenellales_f_Christensenellaceae_g_NR_s_NR_181387,0.0149999999999999
Rarefied Taxa,1,291,k_Bacteria_p_Firmicutes_A_c_Clostridia_258483_o_Christensenellales_f_Christensenellaceae_g_NR,0.0149999999999999
Rarefied Taxa,15,292,p_Firmicutes_c_Clostridia_o_Clostridiales_f_Clostridiaceae_g_NR_s_NR_144749,0.0147727272727272
Rarefied Taxa,9,293,p_Actinobacteria,0.0138747704260938
Rarefied Taxa,15,294,p_Proteobacteria_c_Betaproteobacteria_o_Burkholderiales_f_Alcaligenaceae_g_Sutterella_s_NR_169348,0.0136931818181818
Rarefied Taxa,10,295,p_Firmicutes_c_Clostridia_o_Clostridiales_f_Clostridiaceae_g_Clostridium_s_celatum,0.0135416666666666
Rarefied Taxa,15,296,p_Firmicutes_c_Clostridia_o_Clostridiales_f_Ruminococcaceae_g_NR_s_NR_180148,0.0135227272727272
Rarefied Taxa,1,297,k_Bacteria_p_Firmicutes_A_c_Clostridia_258483_o_Lachnospirales_f_Lachnospiraceae_g_Clostridium_Q_135853_s_Clostridium_Q_135853_saccharolyticum_A,0.0133333333333333
Rarefied Taxa,1,298,k_Bacteria_p_Firmicutes_A_c_Clostridia_258483_o_Lachnospirales_f_Anaerotignaceae_g_NR,0.0133333333333333
Rarefied Taxa,1,299,k_Bacteria_p_Firmicutes_A_c_Clostridia_258483_o_Oscillospirales_f_Oscillospiraceae_88309_g_Dysosmobacter_s_NR_041340,0.0133333333333333
Rarefied Taxa,1,300,k_Bacteria_p_Firmicutes_A_c_Clostridia_258483_o_Oscillospirales_f_Acutalibacteraceae_g_CAG_177_s_CAG_177_sp003538135,0.0133333333333333
Rarefied Taxa,15,301,p_Firmicutes_c_Clostridia_o_Clostridiales_f_Ruminococcaceae_g_NR_s_NR_044644,0.0128977272727272
Rarefied Taxa,16,302,k_Bacteria_p_Firmicutes_c_Bacilli_o_Lactobacillales_f_Lactobacillaceae_g_NR,0.0123396696498278
Rarefied Taxa,15,303,p_Firmicutes_c_Clostridia_o_Clostridiales_f_Ruminococcaceae_g_NR_s_NR_179430,0.0122321428571428
Rarefied Taxa,15,304,p_Firmicutes_c_Clostridia_o_Clostridiales_f_Ruminococcaceae_g_Faecalibacterium,0.0120535714285714
Rarefied Taxa,15,305,p_Firmicutes_c_Clostridia_o_Clostridiales_f_Ruminococcaceae_g_Faecalibacterium_s_prausnitzii,0.0120535714285714
Rarefied Taxa,15,306,p_Firmicutes_c_Clostridia_o_Clostridiales_f_Clostridiales_g_NR_s_NR_180825,0.0119642857142857
Rarefied Taxa,10,307,p_Firmicutes_c_Clostridia_o_Clostridiales_f_Ruminococcaceae_g_Ruminococcus,0.0116666666666666
Rarefied Taxa,10,308,p_Bacteroidetes_c_Bacteroidia_o_Bacteroidales_f_Bacteroidaceae_g_Bacteroides_s_fragilis,0.0116666666666666
Rarefied Taxa,10,309,p_Firmicutes_c_Clostridia_o_Clostridiales_f_Lachnospiraceae_g_Dorea_s_NR_026100,0.0114999999999999
Rarefied Taxa,9,310,p_Proteobacteria_c_Deltaproteobacteria,0.0113413651802397
Rarefied Taxa,16,311,k_Bacteria_p_Proteobacteria_c_Deltaproteobacteria_o_Desulfovibrionales_f_Desulfovibrionaceae_g_NR_s_NR_104990,0.01125
Rarefied Taxa,16,312,k_Bacteria_p_Proteobacteria_c_Gammaproteobacteria_o_Gammaproteobacteria_f_Gammaproteobacteria,0.01125
Rarefied Taxa,16,313,k_Bacteria_p_Proteobacteria_c_Gammaproteobacteria_o_Gammaproteobacteria,0.01125
Rarefied Taxa,15,314,p_Firmicutes_c_Clostridia_o_Clostridiales_f_Clostridiales_g_NR_s_NR_152095,0.0112117884515089
Rarefied Taxa,15,315,p_Firmicutes_c_Clostridia_o_Clostridiales_f_Veillonellaceae_g_Phascolarctobacterium,0.0110795454545454
Rarefied Taxa,10,316,p_Firmicutes_c_Clostridia_o_Clostridiales_f_Lachnospiraceae_g_Clostridium_s_symbiosum,0.0110416666666666
Rarefied Taxa,10,317,p_Proteobacteria_c_Betaproteobacteria_o_Burkholderiales_f_Alcaligenaceae_g_Sutterella_s_NR_104851,0.0106249999999999
Rarefied Taxa,9,318,p_Firmicutes_c_Bacilli_o_Lactobacillales_f_Lactobacillaceae_g_Lactobacillus,0.0104397824339426
Rarefied Taxa,9,319,p_Actinobacteria_c_Actinobacteria_o_Bifidobacteriales,0.0104290291770754
Rarefied Taxa,16,320,k_Bacteria_p_Firmicutes_c_Bacilli_o_Lactobacillales_f_Lactobacillaceae_g_NR_s_NR_025447,0.0103612944611487
Rarefied Taxa,9,321,p_Firmicutes_c_Clostridia_o_Clostridiales_f_Ruminococcaceae_g_Ruminococcus,0.0100918918918918
Rarefied Taxa,15,322,p_Firmicutes_c_Clostridia_o_Clostridiales_f_Lachnospiraceae_g_NR_s_NR_042007,0.0099999999999999
Rarefied Taxa,1,323,k_Bacteria_p_Firmicutes_A_c_Clostridia_258483_o_Lachnospirales_f_CAG_274_g_CAG_274_s_CAG_274_sp900545305,0.0099999999999999
Rarefied Taxa,15,324,p_Firmicutes_c_Clostridia_o_Clostridiales_f_Clostridiales_g_NR_s_NR_074613,0.0099107142857142
Rarefied Taxa,1,325,k_Bacteria_p_Firmicutes_A_c_Clostridia_258483_o_Oscillospirales_f_Acutalibacteraceae_g_Anaeromassilibacillus_s_Anaeromassilibacillus_sp001305115,0.0096745528174172
Rarefied Taxa,15,326,p_Tenericutes_c_Mollicutes_o_RF39_f_RF39_g_NR_s_NR_028689,0.0096428571428571
Rarefied Taxa,15,327,p_Firmicutes_c_Clostridia_o_Clostridiales_f_Clostridiales_g_NR_s_NR_025025,0.0096428571428571
Rarefied Taxa,10,328,p_Firmicutes_c_Clostridia_o_Clostridiales_f_Ruminococcaceae_g_Clostridium_s_methylpentosum,0.0094999999999999
Rarefied Taxa,10,329,p_Firmicutes_c_Clostridia_o_Clostridiales_f_Ruminococcaceae_g_Clostridium,0.0094999999999999
Rarefied Taxa,10,330,p_Firmicutes_c_Bacilli_o_Lactobacillales_f_Leuconostocaceae_g_Leuconostoc_s_mesenteroides,0.0094999999999999
Rarefied Taxa,10,331,p_Firmicutes_c_Clostridia_o_Clostridiales_f_Lachnospiraceae_g_NR_s_NR_181885,0.0094490050756119
Rarefied Taxa,15,332,p_Firmicutes_c_Bacilli_o_Lactobacillales_f_Aerococcaceae_g_NR,0.0094318181818181
Rarefied Taxa,15,333,p_Firmicutes_c_Bacilli_o_Lactobacillales_f_Aerococcaceae_g_NR_s_NR_028835,0.0094318181818181
Rarefied Taxa,9,334,p_Actinobacteria_c_Actinobacteria_o_Bifidobacteriales_f_Bifidobacteriaceae,0.0093526228084186
Rarefied Taxa,15,335,p_Firmicutes_c_Erysipelotrichi_o_Erysipelotrichales_f_Erysipelotrichaceae_g_NR_s_NR_176505,0.0090151641096419
Rarefied Taxa,15,336,p_Firmicutes_c_Clostridia_o_Clostridiales_f_Lachnospiraceae_g_NR_s_NR_114326,0.0089285714285714
Rarefied Taxa,9,337,p_Actinobacteria_c_Actinobacteria,0.0087308499189327
Rarefied Taxa,15,338,p_Proteobacteria_c_Gammaproteobacteria_o_Pseudomonadales_f_Pseudomonadaceae_g_Pseudomonas_s_NR_113646,0.0085227272727272
Rarefied Taxa,9,339,p_Firmicutes_c_Clostridia_o_Clostridiales_f_Ruminococcaceae_g_Oscillospira,0.0083612273627285
Rarefied Taxa,10,340,p_Firmicutes_c_Clostridia_o_Clostridiales_f_Peptostreptococcaceae_g_NR,0.0083333333333333
Rarefied Taxa,10,341,p_Firmicutes_c_Clostridia_o_Clostridiales_f_Peptostreptococcaceae_g_NR_s_NR_144740,0.0083333333333333
Rarefied Taxa,16,342,k_Bacteria_p_Bacteroidetes_c_Bacteroidia_o_Bacteroidales_f_Rikenellaceae_g_NR_s_NR_113271,0.0083333333333333
Rarefied Taxa,1,343,k_Bacteria_p_Firmicutes_A_c_Clostridia_258483_o_Lachnospirales_f_Lachnospiraceae_g_Blautia_A_141781_s_NR_179584,0.0083333333333333
Rarefied Taxa,9,344,p_Proteobacteria_c_Deltaproteobacteria_o_Desulfovibrionales_f_Desulfovibrionaceae,0.0081786609182154
Rarefied Taxa,15,345,p_Verrucomicrobia_c_Verrucomicrobiae_o_Verrucomicrobiales_f_Verrucomicrobiaceae,0.0080681818181818
Rarefied Taxa,15,346,p_Verrucomicrobia_c_Verrucomicrobiae_o_Verrucomicrobiales,0.0080681818181818
Rarefied Taxa,15,347,p_Verrucomicrobia_c_Verrucomicrobiae_o_Verrucomicrobiales_f_Verrucomicrobiaceae_g_Akkermansia,0.0080681818181818
Rarefied Taxa,15,348,p_Verrucomicrobia,0.0080681818181818
Rarefied Taxa,15,349,p_Verrucomicrobia_c_Verrucomicrobiae_o_Verrucomicrobiales_f_Verrucomicrobiaceae_g_Akkermansia_s_muciniphila,0.0080681818181818
Rarefied Taxa,15,350,p_Verrucomicrobia_c_Verrucomicrobiae,0.0080681818181818
Rarefied Taxa,9,351,p_Firmicutes_c_Erysipelotrichi_o_Erysipelotrichales_f_Erysipelotrichaceae_g__Eubacterium_,0.0080594594594594
Rarefied Taxa,9,352,p_Bacteroidetes_c_Bacteroidia_o_Bacteroidales_f_Bacteroidaceae_g_Bacteroides_s_ovatus,0.0079100529100528
Rarefied Taxa,11,353,p_Firmicutes_A_c_Clostridia_258483_o_Lachnospirales_f_Lachnospiraceae_g_Clostridium_Q_135822_s_Clostridium_Q_135822_fessum,0.0077328197706451
Rarefied Taxa,10,354,p_Firmicutes_c_Clostridia_o_Clostridiales_f_Ruminococcaceae_g_Ruminococcus_s_NR_114789,0.0077083333333333
Rarefied Taxa,15,355,p_Firmicutes_c_Erysipelotrichi_o_Erysipelotrichales_f_Erysipelotrichaceae_g_Catenibacterium,0.0076785714285714
Rarefied Taxa,11,356,p_Proteobacteria_c_Gammaproteobacteria_o_Burkholderiales_592522_f_Burkholderiaceae_A_592522_g_NR_s_NR_027567,0.0076093048633945
Rarefied Taxa,16,357,k_Bacteria_p_Bacteroidetes_c_Sphingobacteriia,0.0074999999999999
Rarefied Taxa,16,358,k_Bacteria_p_Bacteroidetes_c_Sphingobacteriia_o_Sphingobacteriales,0.0074999999999999
Rarefied Taxa,16,359,k_Bacteria_p_Actinobacteria_c_Coriobacteriia_o_Coriobacteriales_f_Coriobacteriaceae_g_Eggerthella_s_lenta,0.0074999999999999
Rarefied Taxa,16,360,k_Bacteria_p_Bacteroidetes_c_Sphingobacteriia_o_Sphingobacteriales_f_Sphingobacteriaceae,0.0074999999999999
Rarefied Taxa,16,361,k_Bacteria_p_Firmicutes_c_Clostridia_o_Clostridiales_f_Christensenellaceae_g_NR_s_NR_029198,0.0074999999999999
Rarefied Taxa,16,362,k_Bacteria_p_Firmicutes_c_Clostridia_o_Clostridiales_f_Lachnospiraceae_g_Clostridium_s_NR_147396,0.0074999999999999
Rarefied Taxa,16,363,k_Bacteria_p_Proteobacteria_c_Deltaproteobacteria_o_Desulfovibrionales_f_Desulfovibrionaceae_g_Desulfovibrio_s_NR_104990,0.0074999999999999
Rarefied Taxa,16,364,k_Bacteria_p_Actinobacteria_c_Coriobacteriia_o_Coriobacteriales_f_Coriobacteriaceae_g_Eggerthella,0.0074999999999999
Rarefied Taxa,16,365,k_Bacteria_p_Firmicutes_c_Clostridia_o_Clostridiales_f_Eubacteriaceae,0.0074999999999999
Rarefied Taxa,9,366,p_Firmicutes_c_Clostridia_o_Clostridiales_f_Lachnospiraceae,0.0073464046401027
Rarefied Taxa,10,367,p_Bacteroidetes_c_Bacteroidia_o_Bacteroidales_f_Rikenellaceae_g_Alistipes_s_indistinctus,0.0069999999999999
Rarefied Taxa,9,368,p_Bacteroidetes_c_Bacteroidia_o_Bacteroidales_f_Rikenellaceae,0.006708108108108
Rarefied Taxa,15,369,p_Firmicutes_c_Clostridia_o_Clostridiales_f_Ruminococcaceae_g_NR_s_NR_029313,0.0067045454545454
Rarefied Taxa,16,370,k_Bacteria_p_Firmicutes_c_Clostridia_o_Clostridiales_f_Ruminococcaceae_g_NR_s_NR_181390,0.0066666666666666
Rarefied Taxa,16,371,k_Bacteria_p_Firmicutes_c_Clostridia_o_Clostridiales_f_Peptococcaceae_g_NR,0.0066666666666666
Rarefied Taxa,16,372,k_Bacteria_p_Firmicutes_c_Clostridia_o_Clostridiales_f_Peptococcaceae_g_NR_s_NR_029221,0.0066666666666666
Rarefied Taxa,10,373,p_Firmicutes_c_Bacilli_o_Bacillales,0.0066666666666666
Rarefied Taxa,1,374,k_Bacteria_p_Firmicutes_A_c_Clostridia_258483_o_Oscillospirales_f_Acutalibacteraceae_g_UBA1417_s_UBA1417_sp003531055,0.0066462551785387
Rarefied Taxa,1,375,k_Bacteria_p_Firmicutes_A_c_Clostridia_258483_o_Oscillospirales_f_Acutalibacteraceae_g_UBA5905_s_UBA5905_sp002437905,0.0066079340226817
Rarefied Taxa,9,376,p_Firmicutes_c_Clostridia_o_Clostridiales_f_Ruminococcaceae_g_Ruminococcus_s_bromii,0.0064324324324324
Rarefied Taxa,15,377,p_Firmicutes_c_Clostridia_o_Clostridiales_f_Peptococcaceae_g_Peptococcus_s_NR_153710,0.0064285714285714
Rarefied Taxa,15,378,p_Actinobacteria_c_Actinobacteria_o_Actinomycetales_f_Corynebacteriaceae,0.0064285714285714
Rarefied Taxa,15,379,p_Bacteroidetes_c_Bacteroidia_o_Bacteroidales_f_Bacteroidaceae_g_Bacteroides_s_plebeius,0.00625
Rarefied Taxa,9,380,p_Bacteroidetes_c_Bacteroidia_o_Bacteroidales_f__Paraprevotellaceae_g__Prevotella_s_NR_144750,0.0062162162162161
Rarefied Taxa,1,381,k_Bacteria_p_Firmicutes_D_c_Bacilli_o_Haloplasmatales_A_f_Turicibacteraceae_g_Turicibacter,0.0061949089835527
Rarefied Taxa,1,382,k_Bacteria_p_Firmicutes_D_c_Bacilli_o_Haloplasmatales_A_f_Turicibacteraceae,0.0061948114297593
Rarefied Taxa,11,383,p_Firmicutes_A_c_Clostridia_258483_o_Lachnospirales_f_Lachnospiraceae_g_NR_s_NR_104799,0.0061888888888888
Rarefied Taxa,10,384,p_Firmicutes_c_Clostridia_o_Clostridiales_f_Ruminococcaceae_g_Oscillospira_s_NR_147375,0.0059999999999999
Rarefied Taxa,10,385,p_Firmicutes_c_Clostridia_o_Clostridiales_f_Lachnospiraceae_g_Dorea,0.0058470317081233
Rarefied Taxa,9,386,p_Proteobacteria_c_Gammaproteobacteria,0.0057567567567567
Rarefied Taxa,16,387,k_Bacteria_p_Cyanobacteria_c_4C0d_2_o_YS2_f_YS2_g_NR_s_NR_116427,0.0057446637724059
Rarefied Taxa,9,388,p_Firmicutes_c_Clostridia_o_Clostridiales_f_Veillonellaceae_g_Megasphaera,0.0056864864864864
Rarefied Taxa,9,389,p_Bacteroidetes_c_Bacteroidia_o_Bacteroidales_f_Rikenellaceae_g_NR_s_NR_113271,0.0056613756613756
Rarefied Taxa,15,390,p_Proteobacteria_c_Alphaproteobacteria_o_Sphingomonadales,0.005625
Rarefied Taxa,9,391,p_Firmicutes_c_Erysipelotrichi_o_Erysipelotrichales_f_Erysipelotrichaceae_g__Eubacterium_s_dolichum,0.0055297297297297
Rarefied Taxa,16,392,k_Bacteria_p_Firmicutes_c_Firmicutes_o_Firmicutes,0.0054535213778766
Rarefied Taxa,9,393,p_Firmicutes_c_Clostridia_o_Clostridiales_f_Ruminococcaceae_g_Ruminococcus_s_NR_179996,0.0054054054054053
Rarefied Taxa,9,394,p_Actinobacteria_c_Actinobacteria_o_Bifidobacteriales_f_Bifidobacteriaceae_g_Bifidobacterium_s_adolescentis,0.005335135135135
Rarefied Taxa,16,395,k_Bacteria_p_Firmicutes_c_Clostridia_o_SHA_98_f_SHA_98_g_NR_s_NR_181386,0.0049999999999999
Rarefied Taxa,10,396,p_Firmicutes_c_Clostridia_o_Clostridiales_f_Lachnospiraceae_g__Ruminococcus_s_NR_112553,0.0049999999999999
Rarefied Taxa,16,397,k_Bacteria_p_Firmicutes_c_Clostridia_o_SHA_98_f_SHA_98_g_NR,0.0049999999999999
Rarefied Taxa,11,398,p_Firmicutes_A_c_Clostridia_258483_o_Lachnospirales_f_Lachnospiraceae,0.0049833333333332
Rarefied Taxa,11,399,p_Proteobacteria_c_Gammaproteobacteria_o_Burkholderiales_592522_f_Burkholderiaceae_A_592522_g_NR,0.0049814242043584
Rarefied Taxa,11,400,p_Firmicutes_A_c_Clostridia_258483_o_Oscillospirales_f_Butyricicoccaceae,0.0049166666666666
Rarefied Taxa,1,401,k_Bacteria_p_Proteobacteria_c_Gammaproteobacteria_o_Burkholderiales_595427_f_Burkholderiaceae_A_595427_g_Parasutterella_s_Parasutterella_gallistercoris,0.0048943029148492
Rarefied Taxa,1,402,k_Bacteria_p_Firmicutes_A_c_Clostridia_258483_o_Lachnospirales_f_Lachnospiraceae_g_Mediterraneibacter_A_155507_s_Mediterraneibacter_A_155507_faecis,0.004836214160672
Rarefied Taxa,16,403,k_Bacteria_p_Firmicutes_c_Bacilli_o_Lactobacillales_f_Lactobacillales_g_NR_s_NR_028682,0.0048141693060197
Rarefied Taxa,11,404,p_Firmicutes_A_c_Clostridia_258483_o_Lachnospirales_f_Lachnospiraceae_g_Coprococcus_A_187866,0.0047511248674681
Rarefied Taxa,9,405,p_Firmicutes_c_Clostridia_o_Clostridiales_f_Ruminococcaceae_g_Butyricicoccus_s_pullicaecorum,0.0047222222222222
Rarefied Taxa,10,406,p_Bacteroidetes_c_Bacteroidia_o_Bacteroidales_f_Prevotellaceae_g_Prevotella_s_NR_044629,0.0047017884386533
Rarefied Taxa,11,407,p_Firmicutes_A_c_Clostridia_258483_o_Peptostreptococcales_f_Peptostreptococcaceae_256921_g_NR_s_NR_144740,0.0046381832624263
Rarefied Taxa,1,408,k_Bacteria_p_Firmicutes_B_370539_c_Dehalobacteriia_o_Dehalobacteriales_f_Dehalobacteriaceae,0.0046286845166963
Rarefied Taxa,1,409,k_Bacteria_p_Firmicutes_A_c_Clostridia_258483_o_Oscillospirales_f_Ruminococcaceae_g_Anaerotruncus,0.004622821520693
Rarefied Taxa,10,410,p_Proteobacteria_c_Deltaproteobacteria_o_Desulfovibrionales,0.0044999999999999
Rarefied Taxa,10,411,p_Synergistetes_c_Synergistia_o_Synergistales_f_Synergistaceae_g_Cloacibacillus,0.0044999999999999
Rarefied Taxa,10,412,p_Synergistetes_c_Synergistia_o_Synergistales_f_Synergistaceae_g_Cloacibacillus_s_NR_115465,0.0044999999999999
Rarefied Taxa,10,413,p_Proteobacteria_c_Betaproteobacteria_o_Neisseriales_f_Neisseriaceae_g_Neisseria_s_NR_121687,0.0044999999999999
Rarefied Taxa,10,414,p_Firmicutes_c_Clostridia_o_Clostridiales_f_Lachnospiraceae_g_NR_s_NR_181406,0.0044529200869275
Rarefied Taxa,9,415,p_Proteobacteria_c_Alphaproteobacteria_o_Alphaproteobacteria,0.0044047619047618
Rarefied Taxa,9,416,p_Proteobacteria_c_Alphaproteobacteria_o_Alphaproteobacteria_f_Alphaproteobacteria,0.0044047619047618
Rarefied Taxa,15,417,p_Bacteroidetes_c_Bacteroidia_o_Bacteroidales_f_Prevotellaceae_g_Prevotella_s_NR_113118,0.0043749999999999
Rarefied Taxa,10,418,p_Firmicutes_c_Clostridia_o_Clostridiales_f_Lachnospiraceae_g_Blautia_s_NR_041960,0.0043749999999999
Rarefied Taxa,9,419,p_Proteobacteria_c_Deltaproteobacteria_o_Desulfovibrionales,0.0043692439179852
Rarefied Taxa,9,420,p_Firmicutes_c_Clostridia_o_Clostridiales_f_Ruminococcaceae_g_NR_s_NR_118554,0.0043189189189188
Rarefied Taxa,9,421,p_Firmicutes_c_Clostridia_o_Clostridiales_f_Ruminococcaceae_g_Oscillospira_s_NR_179330,0.0043189189189188
Rarefied Taxa,16,422,k_Bacteria_p_Proteobacteria_c_Gammaproteobacteria_o_Gammaproteobacteria_f_Gammaproteobacteria_g_NR,0.0042803548856176
Rarefied Taxa,11,423,p_Cyanobacteria_c_Vampirovibrionia_o_Gastranaerophilales_f_Gastranaerophilaceae_g_Stercorousia_s_Stercorousia_sp001765415,0.0042583120204603
Rarefied Taxa,9,424,p_Firmicutes_c_Erysipelotrichi,0.0042432432432432
Rarefied Taxa,9,425,p_Firmicutes_c_Erysipelotrichi_o_Erysipelotrichales,0.0042432432432432
Rarefied Taxa,9,426,p_Firmicutes_c_Erysipelotrichi_o_Erysipelotrichales_f_Erysipelotrichaceae,0.0042432432432432
Rarefied Taxa,11,427,p_Bacteroidota_c_Bacteroidia_o_Bacteroidales_f_Bacteroidaceae_g_Phocaeicola_A_858004_s_Phocaeicola_A_858004_plebeius,0.0041837169650468
Rarefied Taxa,15,428,p_Bacteroidetes_c_Bacteroidia_o_Bacteroidales_f_S24_7_g_NR_s_NR_180431,0.0041446041933673
Rarefied Taxa,11,429,p_Firmicutes_D_c_Bacilli_o_Erysipelotrichales_f_Coprobacillaceae_g_Erysipelatoclostridium_s_Clostridium_spiroforme,0.0041222222222221
Rarefied Taxa,11,430,p_Proteobacteria_c_Gammaproteobacteria_o_Burkholderiales_595427_f_Burkholderiaceae_A_595427_g_Parasutterella,0.004119778346121
Rarefied Taxa,9,431,p_Proteobacteria_c_Deltaproteobacteria_o_Desulfovibrionales_f_Desulfovibrionaceae_g_Bilophila_s_NR_176800,0.0041189189189188
Rarefied Taxa,9,432,p_Firmicutes_c_Clostridia_o_Clostridiales_f_Clostridiales_g_NR_s_NR_136763,0.0041189189189188
Rarefied Taxa,9,433,p_Proteobacteria_c_Deltaproteobacteria_o_Desulfovibrionales_f_Desulfovibrionaceae_g_Bilophila,0.0041189189189188
Rarefied Taxa,15,434,p_Firmicutes_c_Clostridia_o_Clostridia_f_Clostridia,0.004090909090909
Rarefied Taxa,15,435,p_Firmicutes_c_Clostridia_o_Clostridia,0.004090909090909
Rarefied Taxa,15,436,p_Firmicutes_c_Clostridia_o_Clostridia_f_Clostridia_g_NR,0.004090909090909
Rarefied Taxa,10,437,p_Firmicutes_c_Clostridia_o_Clostridiales_f_Lachnospiraceae_g_NR_s_NR_025567,0.0039999999999999
Rarefied Taxa,9,438,p_Firmicutes_c_Clostridia_o_Clostridiales_f_Veillonellaceae_g_Phascolarctobacterium_s_NR_112902,0.0039891891891891
Rarefied Taxa,9,439,p_Firmicutes_c_Bacilli_o_Bacillales,0.0039550264550264
Rarefied Taxa,10,440,p_Actinobacteria_c_Coriobacteriia_o_Coriobacteriales_f_Coriobacteriaceae_g_Adlercreutzia,0.0038903029413042
Rarefied Taxa,16,441,k_Bacteria_p_Bacteroidetes_c_Bacteroidia_o_Bacteroidales_f_Odoribacteraceae_g_Butyricimonas_s_NR_179642,0.0038722791195594
Rarefied Taxa,11,442,p_Firmicutes_A_c_Clostridia_258483_o_Lachnospirales_f_Lachnospiraceae_g_Lachnoclostridium_B_s_Lachnoclostridium_B_sp900066555,0.0038722222222221
Rarefied Taxa,11,443,p_Firmicutes_D,0.0038526637314446
Rarefied Taxa,9,444,p_Firmicutes_c_Erysipelotrichi_o_Erysipelotrichales_f_Erysipelotrichaceae_g__Eubacterium_s_biforme,0.0038432432432432
Rarefied Taxa,9,445,p_Actinobacteria_c_Coriobacteriia_o_Coriobacteriales,0.0037698412698412
Rarefied Taxa,11,446,p_Firmicutes_D_c_Bacilli_o_Lactobacillales_f_Streptococcaceae,0.0037444444444444
Rarefied Taxa,10,447,p_Firmicutes_c_Erysipelotrichi_o_Erysipelotrichales,0.0037173521069355
Rarefied Taxa,9,448,p_Firmicutes_c_Bacilli_o_Bacillales_f_Bacillaceae_g_Bacillus_s_NR_024697,0.0037169312169311
Rarefied Taxa,15,449,p_Bacteroidetes_c_Bacteroidia_o_Bacteroidales_f_Rikenellaceae_g_NR_s_NR_144706,0.0036607142857142
Rarefied Taxa,16,450,k_Bacteria_p_Elusimicrobia_c_Elusimicrobia,0.0036539654974445
Rarefied Taxa,1,451,k_Bacteria_p_Firmicutes_A_c_Clostridia_258483_o_Oscillospirales_f_Acutalibacteraceae_g_UBA1417,0.0036493964070502
Rarefied Taxa,11,452,p_Firmicutes_D_c_Bacilli_o_Lactobacillales,0.0036055555555555
Rarefied Taxa,11,453,p_Firmicutes_A_c_Clostridia_258483_o_Lachnospirales_f_Lachnospiraceae_g_Butyrivibrio_A_168226_s_NR_102893,0.0035912190963341
Rarefied Taxa,9,454,p_Proteobacteria_c_Alphaproteobacteria_o_Caulobacterales_f_Caulobacteraceae_g_Brevundimonas_s_NR_028633,0.0035714285714285
Rarefied Taxa,11,455,p_Bacteroidota_c_Bacteroidia_o_Bacteroidales_f_Bacteroidaceae_g_Bacteroides_H_s_Bacteroides_H_fragilis,0.0035333333333332
Rarefied Taxa,9,456,p_Bacteroidetes_c_Bacteroidia_o_Bacteroidales_f__Odoribacteraceae_g_Butyricimonas_s_NR_126195,0.0035185185185185
Rarefied Taxa,10,457,p_Firmicutes_c_Clostridia_o_Clostridiales_f_Ruminococcaceae_g_NR_s_NR_026204,0.0034999999999999
Rarefied Taxa,10,458,p_Firmicutes_c_Clostridia_o_Clostridiales_f_Lachnospiraceae_g_NR_s_NR_173632,0.0034999999999999
Rarefied Taxa,15,459,p_Bacteroidetes_c_Flavobacteriia,0.0034915147490076
Rarefied Taxa,10,460,p_Firmicutes_c_Clostridia_o_Clostridiales_f_Veillonellaceae_g_Dialister_s_NR_179301,0.0034733059961698
Rarefied Taxa,9,461,p_Firmicutes_c_Clostridia_o_Clostridiales_f_Clostridiales_g_NR_s_NR_029269,0.0034523809523809
Rarefied Taxa,11,462,p_Firmicutes_C_c_Negativicutes_o_Acidaminococcales,0.0034505541346973
Rarefied Taxa,9,463,p_Proteobacteria_c_Gammaproteobacteria_o_Enterobacteriales_f_Enterobacteriaceae_g_Shigella_s_NR_024570,0.0034259259259258
Rarefied Taxa,11,464,p_Firmicutes_A_c_Clostridia_258483_o_Peptostreptococcales_f_Peptostreptococcaceae_256921_g_NR,0.0034022073735078
Rarefied Taxa,16,465,k_Bacteria_p_Firmicutes_c_Clostridia_o_Clostridiales_f_Lachnospiraceae_g_NR_s_NR_133762,0.0033333333333333
Rarefied Taxa,1,466,k_Bacteria_p_Firmicutes_D_c_Bacilli_o_Lactobacillales_f_Streptococcaceae_g_Streptococcus_s_NR_115241,0.0033333333333333
Rarefied Taxa,16,467,k_Bacteria_p_Bacteroidetes_c_Bacteroidia_o_Bacteroidales_f_Paraprevotellaceae_g_NR_s_NR_179975,0.0033333333333333
Rarefied Taxa,16,468,k_Bacteria_p_Bacteroidetes_c_Bacteroidia_o_Bacteroidales_f_Rikenellaceae_g_NR_s_NR_145882,0.0033333333333333
Rarefied Taxa,10,469,p_Fusobacteria_c_Fusobacteriia_o_Fusobacteriales_f_Fusobacteriaceae,0.0033333333333333
Rarefied Taxa,1,470,k_Bacteria_p_Firmicutes_A_c_Clostridia_258483_o_Lachnospirales_f_Lachnospiraceae_g_Porcincola_s_NR_179631,0.0033333333333333
Rarefied Taxa,10,471,p_Bacteroidetes_c_Bacteroidia_o_Bacteroidales_f_Prevotellaceae_g_Prevotella_s_NR_044627,0.0033333333333333
Rarefied Taxa,11,472,p_Firmicutes_C_c_Negativicutes_o_Acidaminococcales_f_Acidaminococcaceae_g_Phascolarctobacterium_A,0.0032499999999999
Rarefied Taxa,9,473,p_Firmicutes_c_Clostridia_o_Clostridiales_f_Christensenellaceae_g_NR,0.0032407407407407
Rarefied Taxa,11,474,p_Bacteroidota_c_Bacteroidia_o_Bacteroidales_f_Bacteroidaceae_g_Phocaeicola_A_858004_s_Phocaeicola_A_858004_vulgatus,0.0032331628303495
Rarefied Taxa,15,475,p_Bacteroidetes_c_Bacteroidia_o_Bacteroidales_f_Rikenellaceae_g_NR_s_NR_113153,0.0032286867257814
Rarefied Taxa,9,476,p_Firmicutes_c_Clostridia_o_Clostridiales_f_Ruminococcaceae_g_Anaerotruncus,0.0032275132275132
Rarefied Taxa,15,477,p_Firmicutes_c_Clostridia_o_Clostridiales_f_Clostridiaceae_g_Clostridium_s_NR_159227,0.0031818181818181
Rarefied Taxa,11,478,p_Firmicutes_A_c_Clostridia_258483_o_Lachnospirales_f_Lachnospiraceae_g_Coprococcus_A_187866_s_Coprococcus_A_187866_catus,0.0031647749232146
Rarefied Taxa,9,479,p_Firmicutes_c_Clostridia_o_Clostridiales_f_Lachnospiraceae_g_Lachnobacterium_s_NR_180825,0.0031459459459459
Rarefied Taxa,15,480,p_Cyanobacteria_c_4C0d_2_o_YS2_f_YS2_g_NR_s_NR_176490,0.003125
Rarefied Taxa,11,481,p_Firmicutes_A_c_Clostridia_258483_o_Lachnospirales_f_Lachnospiraceae_g_Merdisoma_s_NR_180026,0.003111111111111
Rarefied Taxa,15,482,p_Firmicutes_c_Clostridia_o_Clostridiales_f__Tissierellaceae_g_Peptoniphilus,0.0030972203324808
Rarefied Taxa,11,483,p_Bacteroidota_c_Bacteroidia_o_Bacteroidales_f_Bacteroidaceae_g_NR_s_NR_074515,0.0030861040068201
Rarefied Taxa,10,484,p_Firmicutes_c_Clostridia_o_Clostridiales_f_Lachnospiraceae_g_NR_s_NR_156907,0.0030405171847433
Rarefied Taxa,9,485,p_Bacteroidetes_c_Bacteroidia_o_Bacteroidales_f_Prevotellaceae_g_Prevotella_s_stercorea,0.0030108108108107
Rarefied Taxa,10,486,p_Firmicutes_c_Clostridia_o_Clostridiales_f_Lachnospiraceae_g_Blautia_s_NR_109014,0.0029999999999999
Rarefied Taxa,11,487,p_Firmicutes_C_c_Negativicutes,0.0029939332663052
Rarefied Taxa,10,488,p_Firmicutes_c_Clostridia_o_Clostridiales_f_Clostridiales,0.0029893919469874
Rarefied Taxa,11,489,p_Proteobacteria_c_Gammaproteobacteria_o_Burkholderiales_592524_f_Burkholderiaceae_A_580492_g_Cupriavidus,0.0029833913839086
Rarefied Taxa,11,490,p_Proteobacteria_c_Gammaproteobacteria_o_Burkholderiales_595427_f_Burkholderiaceae_A_595427_g_Sutterella_s_Sutterella_wadsworthensis_A_565869,0.0029833333333333
Rarefied Taxa,15,491,k_Archaea_p_Euryarchaeota_c_Methanobacteria_o_Methanobacteriales,0.0029593874202078
Rarefied Taxa,10,492,p_Proteobacteria_c_Gammaproteobacteria_o_Pasteurellales_f_Pasteurellaceae_g_Aggregatibacter_s_NR_025423,0.0029233809197324
Rarefied Taxa,11,493,p_Actinobacteriota_c_Actinomycetia_o_Propionibacteriales_f_Propionibacteriaceae_g_Cutibacterium_s_Cutibacterium_acnes,0.0029166666666666
Rarefied Taxa,10,494,p_Proteobacteria_c_Betaproteobacteria_o_Burkholderiales_f_Alcaligenaceae_g_Sutterella_s_NR_169348,0.0029166666666666
Rarefied Taxa,15,495,p_Proteobacteria_c_Gammaproteobacteria_o_Pseudomonadales_f_Moraxellaceae_g_Acinetobacter_s_NR_026208,0.0029010839629444
Rarefied Taxa,11,496,p_Firmicutes_D_c_Bacilli_o_Lactobacillales_f_Streptococcaceae_g_Lactococcus_A_346120_s_Lactococcus_A_346120_lactis_344179,0.0028888888888888
Rarefied Taxa,9,497,p_Proteobacteria_c_Betaproteobacteria_o_Burkholderiales_f_Alcaligenaceae_g_Sutterella_s_NR_041667,0.0028864864864864
Rarefied Taxa,10,498,p_Firmicutes_c_Clostridia_o_Clostridiales_f_Lachnospiraceae_g_Clostridium_s_colinum,0.0028810868345852
Rarefied Taxa,11,499,p_Firmicutes_A_c_Clostridia_258483_o_Oscillospirales_f_Acutalibacteraceae_g_CAG_217_s_NR_170495,0.0028777777777777
Rarefied Taxa,15,500,p_Proteobacteria_c_Alphaproteobacteria_o_RF32_f_RF32_g_NR,0.0028454424214552
Rarefied Taxa,11,501,p_Firmicutes_A_c_Clostridia_258483_o_Oscillospirales_f_Oscillospirales_g_NR_s_NR_144605,0.0028282182438192
Rarefied Taxa,11,502,p_Firmicutes_A_c_Clostridia_258483_o_Lachnospirales_f_Lachnospiraceae_g_Blautia_A_141780,0.0027888888888888
Rarefied Taxa,1,503,k_Bacteria_p_Firmicutes_A_c_Clostridia_258483_o_Oscillospirales_f_Oscillospiraceae_88309_g_Faecousia_s_Faecousia_sp000434635,0.0027830139723674
Rarefied Taxa,15,504,p_Firmicutes_c_Clostridia_o_Clostridiales_f__Tissierellaceae_g_Anaerococcus_s_NR_041940,0.0027272727272727
Rarefied Taxa,9,505,p_Actinobacteria_c_Actinobacteria_o_Actinomycetales_f_Micrococcaceae_g_Rothia,0.002681081081081
Rarefied Taxa,10,506,p_Firmicutes_c_Clostridia_o_Clostridiales_f_Ruminococcaceae_g_NR_s_NR_179430,0.0026727672211172
Rarefied Taxa,11,507,p_Bacteroidota_c_Bacteroidia_o_Bacteroidales_f_Tannerellaceae_g_Parabacteroides_B_862066_s_Parabacteroides_B_862066_distasonis,0.0026663129161655
Rarefied Taxa,1,508,k_Bacteria_p_Proteobacteria_c_Gammaproteobacteria_o_Burkholderiales_595427_f_Burkholderiaceae_A_595427_g_Parasutterella,0.0026413465471726
Rarefied Taxa,11,509,p_Fusobacteriota_c_Fusobacteriia_o_Fusobacteriales_993521,0.0026406649616368
Rarefied Taxa,9,510,p_Bacteroidetes_c_Bacteroidia_o_Bacteroidales_f__Odoribacteraceae_g_Butyricimonas_s_NR_146820,0.0026322751322751
Rarefied Taxa,15,511,p_Proteobacteria_c_Alphaproteobacteria_o_Rhizobiales,0.0026183656779631
Rarefied Taxa,9,512,p_Firmicutes_c_Clostridia_o_Clostridiales_f_Lachnospiraceae_g_Clostridium_s_citroniae,0.0026162162162162
Rarefied Taxa,11,513,p_Cyanobacteria_c_Vampirovibrionia_o_Obscuribacterales_f_Obscuribacteraceae_g_SBAT01_s_SBAT01_sp005240105,0.0026055555555555
Rarefied Taxa,11,514,p_Cyanobacteria_c_Vampirovibrionia_o_Obscuribacterales_f_Obscuribacteraceae_g_SBAT01,0.0026055555555555
Rarefied Taxa,11,515,p_Firmicutes_D_c_Bacilli_o_Lactobacillales_f_Streptococcaceae_g_Lactococcus_A_346120,0.0025888888888888
Rarefied Taxa,15,516,p_Firmicutes_c_Clostridia_o_Clostridiales_f_Clostridiaceae,0.0025884456350116
Rarefied Taxa,11,517,p_Firmicutes_A_c_Clostridia_258483_o_Lachnospirales_f_Lachnospiraceae_g_NR_s_NR_117867,0.0025490196078431
Rarefied Taxa,16,518,k_Bacteria_p_Firmicutes_c_Clostridia_o_Clostridiales_f_Lachnospiraceae_g_Blautia_s_NR_114315,0.0025
Rarefied Taxa,16,519,k_Bacteria_p_Firmicutes_c_Clostridia_o_Clostridiales_f_Ruminococcaceae_g_Oscillospira_s_guilliermondii,0.0025
Rarefied Taxa,10,520,p_Firmicutes_c_Clostridia_o_Clostridiales_f_Dehalobacteriaceae_g_Dehalobacterium,0.0024999999999999
Rarefied Taxa,10,521,p_Firmicutes_c_Clostridia_o_Clostridiales_f_Ruminococcaceae_g_NR_s_NR_179559,0.0024999999999999
Rarefied Taxa,10,522,p_Firmicutes_c_Clostridia_o_Clostridiales_f_Dehalobacteriaceae,0.0024999999999999
Rarefied Taxa,10,523,p_Firmicutes_c_Clostridia_o_Clostridiales_f_Ruminococcaceae_g_Oscillospira_s_NR_144611,0.0024999999999999
Rarefied Taxa,11,524,p_Firmicutes_A_c_Clostridia_258483_o_Peptostreptococcales_f_Peptostreptococcales,0.0024765558397271
Rarefied Taxa,11,525,p_Firmicutes_A_c_Clostridia_258483_o_Peptostreptococcales_f_Peptostreptococcales_g_NR,0.0024765558397271
Rarefied Taxa,10,526,p_Firmicutes_c_Clostridia_o_Clostridiales_f_Ruminococcaceae_g_Ruminococcus_s_callidus,0.00241393132115
Rarefied Taxa,15,527,p_Proteobacteria_c_Gammaproteobacteria_o_Gammaproteobacteria_f_Gammaproteobacteria,0.0024107142857142
Rarefied Taxa,15,528,p_Proteobacteria_c_Gammaproteobacteria_o_Gammaproteobacteria_f_Gammaproteobacteria_g_NR_s_NR_112914,0.0024107142857142
Rarefied Taxa,15,529,p_Proteobacteria_c_Gammaproteobacteria_o_Gammaproteobacteria_f_Gammaproteobacteria_g_NR,0.0024107142857142
Rarefied Taxa,15,530,p_Proteobacteria_c_Gammaproteobacteria_o_Gammaproteobacteria,0.0024107142857142
Rarefied Taxa,15,531,p_Firmicutes_c_Clostridia_o_Clostridiales_f_Veillonellaceae_g_Anaerovibrio,0.002409635103253
Rarefied Taxa,11,532,p_Firmicutes_C_c_Negativicutes_o_Veillonellales,0.0024062233589087
Rarefied Taxa,9,533,p_Synergistetes_c_Synergistia_o_Synergistales,0.0023999999999999
Rarefied Taxa,11,534,p_Firmicutes_A_c_Clostridia_258483_o_Peptostreptococcales_f_Peptostreptococcales_g_NR_s_NR_144737,0.0023998294970161
Rarefied Taxa,11,535,p_Firmicutes_A_c_Clostridia_258483_o_Tissierellales_f_Peptoniphilaceae_g_Anaerococcus_s_NR_115504,0.0023742540494458
Rarefied Taxa,15,536,p_Fusobacteria_c_Fusobacteriia_o_Fusobacteriales_f_Fusobacteriaceae_g_Fusobacterium_s_NR_026084,0.002364923262914
Rarefied Taxa,10,537,p_Firmicutes_c_Clostridia_o_Clostridiales_f_Lachnospiraceae_g_Lachnospira,0.0023132288097758
Rarefied Taxa,10,538,p_Bacteroidetes_c_Bacteroidia_o_Bacteroidales_f_Rikenellaceae_g_NR,0.0023036710627898
Rarefied Taxa,9,539,p_Proteobacteria_c_Gammaproteobacteria_o_Enterobacteriales_f_Enterobacteriaceae_g_Shigella,0.0022751322751322
Rarefied Taxa,15,540,p_Firmicutes_c_Clostridia_o_Clostridiales_f_Clostridiaceae_g_Clostridium_s_NR_115340,0.0022727272727272
Rarefied Taxa,9,541,p_Bacteroidetes_c_Bacteroidia_o_Bacteroidales_f_S24_7_g_NR,0.0022353411111341
Rarefied Taxa,11,542,p_Firmicutes_A_c_Clostridia_258483_o_Lachnospirales_f_Lachnospiraceae_g_Blautia_A_141781_s_NR_181402,0.002211111111111
Rarefied Taxa,9,543,p_Actinobacteria_c_Actinobacteria_o_Bifidobacteriales_f_Bifidobacteriaceae_g_Bifidobacterium_s_bifidum,0.0022108108108107
Rarefied Taxa,9,544,p_Firmicutes_c_Clostridia_o_Clostridiales_f__Mogibacteriaceae_g_NR_s_NR_159296,0.0022054054054053
Rarefied Taxa,11,545,p_Bacteroidota_c_Bacteroidia_o_Bacteroidales_f_Bacteroidaceae_g_Bacteroides_H_s_Bacteroides_H_faecis,0.0021994884910485
Rarefied Taxa,10,546,p_Bacteroidetes_c_Bacteroidia_o_Bacteroidales_f_Rikenellaceae_g_NR_s_NR_144706,0.00219053578489
Rarefied Taxa,15,547,p_Bacteroidetes_c_Bacteroidia_o_Bacteroidales_f__Paraprevotellaceae_g__Prevotella_,0.0021428571428571
Rarefied Taxa,11,548,p_Bacteria_c_Bacteria_o_Bacteria_f_Bacteria_g_NR_s_NR_152095,0.0020999999999999
Rarefied Taxa,15,549,p_Proteobacteria_c_Gammaproteobacteria_o_Aeromonadales_f_Succinivibrionaceae,0.0020834587066589
Rarefied Taxa,15,550,p_Firmicutes_c_Clostridia_o_Clostridiales_f_Clostridiales_g_NR_s_NR_044022,0.0020535714285714
Rarefied Taxa,10,551,p_Firmicutes_c_Clostridia_o_Clostridiales_f_Lachnospiraceae_g_Blautia_s_NR_044054,0.0019999999999999
Rarefied Taxa,10,552,p_Firmicutes_c_Clostridia_o_Clostridiales_f_Lachnospiraceae_g_NR_s_NR_181397,0.0019999999999999
Rarefied Taxa,10,553,p_Firmicutes_c_Clostridia_o_Clostridiales_f_Lachnospiraceae_g_NR_s_NR_180026,0.0019999999999999
Rarefied Taxa,11,554,p_Firmicutes_A_c_Clostridia_258483_o_Oscillospirales_f_Acutalibacteraceae_g_Ruminococcus_E_s_Ruminococcus_E_bromii_B,0.0019722222222221
Rarefied Taxa,11,555,p_Bacteroidota_c_Bacteroidia_o_Bacteroidales_f_Bacteroidaceae_g_NR_s_NR_181010,0.0019714407502131
Rarefied Taxa,15,556,p_Proteobacteria_c_Deltaproteobacteria_o_Desulfovibrionales_f_Desulfovibrionaceae_g_Bilophila,0.0019663036300894
Rarefied Taxa,9,557,p_Tenericutes_c_Mollicutes_o_RF39_f_RF39_g_NR_s_NR_118703,0.0019444444444444
Rarefied Taxa,10,558,p_Firmicutes_c_Bacilli_o_Lactobacillales_f_Leuconostocaceae_g_Weissella_s_NR_029041,0.0018954815025841
Rarefied Taxa,15,559,p_Firmicutes_c_Clostridia_o_Clostridiales_f_Clostridiales_g_NR_s_NR_114326,0.0018668691398402
Rarefied Taxa,9,560,p_Firmicutes_c_Clostridia_o_Clostridiales_f_Ruminococcaceae_g_Oscillospira_s_NR_179531,0.0018162162162161
Rarefied Taxa,10,561,p_Bacteroidetes_c_Bacteroidia_o_Bacteroidales_f_Porphyromonadaceae,0.0017803700704099
Rarefied Taxa,15,562,p_Proteobacteria_c_Gammaproteobacteria_o_Enterobacteriales_f_Enterobacteriaceae_g_NR,0.0017757261090351
Rarefied Taxa,11,563,p_Firmicutes_D_c_Bacilli_o_Lactobacillales_f_Streptococcaceae_g_Streptococcus_s_NR_042776,0.0017583120204603
Rarefied Taxa,11,564,p_Proteobacteria_c_Alphaproteobacteria_o_Sphingomonadales_f_Sphingomonadaceae_g_Sphingopyxis,0.0017433930093776
Rarefied Taxa,11,565,p_Bacteroidota_c_Bacteroidia_o_Bacteroidales_f_Rikenellaceae_g_Tidjanibacter,0.0017249625089293
Rarefied Taxa,11,566,p_Actinobacteriota_c_Coriobacteriia_o_Coriobacteriales_f_Eggerthellaceae_g_Slackia_A_s_Slackia_A_exigua,0.0017222222222222
Rarefied Taxa,15,567,p_Firmicutes_c_Clostridia_o_Clostridiales_f_Lachnospiraceae_g_Coprococcus_s_NR_044049,0.00171204928525
Rarefied Taxa,11,568,p_Firmicutes_A_c_Clostridia_258483_o_Oscillospirales_f_Ruminococcaceae_g_Soleaferrea_s_Soleaferrea_massiliensis,0.0016879795396419
Rarefied Taxa,11,569,p_Firmicutes_D_c_Bacilli_o_Lactobacillales_f_Lactobacillaceae_g_Leuconostoc_B_s_NR_025034,0.0016879795396419
Rarefied Taxa,11,570,p_Actinobacteriota_c_Actinomycetia_o_Actinomycetales_f_Bifidobacteriaceae_g_Bifidobacterium_388775_s_Bifidobacterium_bifidum,0.0016858482523444
Rarefied Taxa,11,571,p_Firmicutes_A_c_Clostridia_258483_o_Lachnospirales_f_Lachnospiraceae_g_NR_s_NR_179651,0.0016815856777493
Rarefied Taxa,11,572,p_Bacteria,0.0016798289980347
Rarefied Taxa,15,573,p_Proteobacteria_c_Alphaproteobacteria_o_RF32,0.0016749809317092
Rarefied Taxa,16,574,k_Bacteria_p_Bacteroidetes_c_Bacteroidia_o_Bacteroidales_f_Rikenellaceae_g_NR_s_NR_102861,0.0016666666666666
Rarefied Taxa,16,575,k_Bacteria_p_Cyanobacteria_c_4C0d_2_o_YS2_f_YS2_g_NR_s_NR_179458,0.0016666666666666
Rarefied Taxa,16,576,k_Bacteria_p_Firmicutes_c_Clostridia_o_Clostridiales_f_Clostridiales_g_NR_s_NR_144611,0.0016666666666666
Rarefied Taxa,1,577,k_Bacteria_p_Fusobacteriota_c_Fusobacteriia,0.0016666666666666
Rarefied Taxa,1,578,k_Bacteria_p_Proteobacteria_c_Gammaproteobacteria_o_Burkholderiales_595427_f_Burkholderiaceae_A_595427_g_Parasutterella_s_Parasutterella_excrementihominis,0.0016666666666666
Rarefied Taxa,10,579,p_Bacteroidetes_c_Bacteroidia_o_Bacteroidales_f__Barnesiellaceae_g_NR_s_NR_041668,0.001655931472271
Rarefied Taxa,9,580,p_Bacteroidetes_c_Bacteroidia_o_Bacteroidales_f_Prevotellaceae_g_Prevotella_s_NR_151886,0.0016534391534391
Rarefied Taxa,11,581,p_Firmicutes_A_c_Clostridia_258483_o_Lachnospirales_f_Lachnospiraceae_g_NR_s_NR_037068,0.0016166666666666
Rarefied Taxa,9,582,p_Firmicutes_c_Clostridia_o_Clostridiales_f_Clostridiales_g_NR_s_NR_189244,0.0016137566137565
Rarefied Taxa,11,583,p_Firmicutes_A_c_Clostridia_258483_o_Tissierellales_f_Peptoniphilaceae_g_Peptoniphilus_C_s_Peptoniphilus_C_nemausensis,0.001611111111111
Rarefied Taxa,15,584,p_Bacteroidetes_c_Bacteroidia_o_Bacteroidales_f__Odoribacteraceae_,0.0015983941996798
Rarefied Taxa,15,585,p_Firmicutes_c_Clostridia_o_Clostridiales_f__Tissierellaceae_g_ph2,0.0015630905652034
Rarefied Taxa,9,586,p_Firmicutes_c_Clostridia_o_Clostridiales_f_Eubacteriaceae_g_Pseudoramibacter_Eubacterium_s_NR_026330,0.0015608465608465
Rarefied Taxa,11,587,p_Firmicutes_D_c_Bacilli_o_Erysipelotrichales_f_Coprobacillaceae_g_Erysipelatoclostridium_s_NR_119286,0.0014833333333333
Rarefied Taxa,11,588,p_Firmicutes_A_c_Clostridia_258483_o_TANB77_f_CAG_508_g_NR_s_NR_179800,0.0014777777777777
Rarefied Taxa,11,589,p_Proteobacteria_c_Alphaproteobacteria_o_Rhodobacterales_f_Rhodobacteraceae_g_NR,0.0014777777777777
Rarefied Taxa,11,590,p_Actinobacteriota,0.0014334313576861
Rarefied Taxa,15,591,p_Elusimicrobia_c_Elusimicrobia,0.0014285714285714
Rarefied Taxa,15,592,p_Elusimicrobia_c_Elusimicrobia_o_Elusimicrobiales,0.0014285714285714
Rarefied Taxa,15,593,p_Elusimicrobia_c_Elusimicrobia_o_Elusimicrobiales_f_Elusimicrobiaceae,0.0014285714285714
Rarefied Taxa,15,594,p_Elusimicrobia_c_Elusimicrobia_o_Elusimicrobiales_f_Elusimicrobiaceae_g_NR,0.0014285714285714
Rarefied Taxa,15,595,p_Elusimicrobia_c_Elusimicrobia_o_Elusimicrobiales_f_Elusimicrobiaceae_g_NR_s_NR_074114,0.0014285714285714
Rarefied Taxa,15,596,p_Elusimicrobia,0.0014285714285714
Rarefied Taxa,15,597,p_Bacteroidetes_c_Bacteroidia_o_Bacteroidales_f_Bacteroidaceae_g_Bacteroides_s_NR_042499,0.0013923083209565
Rarefied Taxa,11,598,p_Firmicutes_D_c_Bacilli_o_Erysipelotrichales,0.0013874680306905
Rarefied Taxa,11,599,p_Proteobacteria_c_Gammaproteobacteria_o_Enterobacterales_A_737866_f_Enterobacteriaceae_A_g_Escherichia_710834_s_NR_104901,0.0013666666666666
Rarefied Taxa,11,600,p_Campylobacterota_c_Campylobacteria,0.0013168769222269
Rarefied Taxa,11,601,p_Bacteroidota_c_Bacteroidia_o_Bacteroidales_f_Bacteroidaceae_g_Bacteroides_H_s_Bacteroides_H_intestinalis,0.0012446717817561
Rarefied Taxa,11,602,p_Proteobacteria_c_Gammaproteobacteria_o_Burkholderiales_592522_f_Burkholderiaceae_A_592522_g_Pelomonas,0.0011248167369026
Rarefied Taxa,10,603,p_Firmicutes_c_Clostridia_o_Clostridiales_f_Lachnospiraceae_g_Coprococcus_s_NR_118673,0.0010988438371207
Rarefied Taxa,10,604,p_Firmicutes_c_Erysipelotrichi_o_Erysipelotrichales_f_Erysipelotrichaceae_g__Eubacterium_,0.0010928760204434
Rarefied Taxa,11,605,p_Firmicutes_A_c_Clostridia_258483_o_Lachnospirales_f_Lachnospiraceae_g_Anaerobutyricum,0.0010780312446278
Rarefied Taxa,11,606,p_Firmicutes_A_c_Clostridia_258483_o_Lachnospirales_f_Lachnospiraceae_g_Eubacterium_I_s_NR_118674,0.0010499999999999
Rarefied Taxa,9,607,p_Verrucomicrobia_c_Verrucomicrobiae_o_Verrucomicrobiales_f_Verrucomicrobiaceae_g_Akkermansia_s_muciniphila,0.0010460653176618
Rarefied Taxa,10,608,p_Firmicutes_c_Clostridia_o_Clostridiales_f_Ruminococcaceae_g_Oscillospira_s_NR_043142,0.0009999999999999
Rarefied Taxa,11,609,p_Fusobacteriota,0.000990377326755
Rarefied Taxa,15,610,p_Firmicutes_c_Clostridia_o_Clostridiales_f_Lachnospiraceae_g_NR_s_NR_118692,0.0009803293646833
Rarefied Taxa,11,611,p_Bacteria_c_Bacteria_o_Bacteria_f_Bacteria_g_NR_s_NR_041236,0.0009499999999999
Rarefied Taxa,9,612,p_Bacteroidetes_c_Bacteroidia_o_Bacteroidales_f_Prevotellaceae_g_Prevotella_s_NR_044629,0.0009459459459459
Rarefied Taxa,9,613,p_Bacteroidetes_c_Bacteroidia_o_Bacteroidales_f_Prevotellaceae_g_Prevotella_s_NR_043894,0.0009459459459459
Rarefied Taxa,11,614,p_Firmicutes_A_c_Clostridia_258483_o_Lachnospirales_f_Lachnospiraceae_g_Bariatricus,0.0009409281046598
Rarefied Taxa,9,615,p_Bacteroidetes_c_Bacteroidia_o_Bacteroidales_f_Bacteroidaceae_g_Bacteroides_s_caccae,0.000917915440841
Rarefied Taxa,11,616,p_Proteobacteria,0.0008897564909352
Rarefied Taxa,11,617,p_Firmicutes_A_c_Firmicutes_A_o_Firmicutes_A,0.0008849082049148
Rarefied Taxa,10,618,p_Firmicutes_c_Clostridia_o_Clostridiales_f_Ruminococcaceae_g_Oscillospira_s_NR_179531,0.0008845388712035
Rarefied Taxa,11,619,p_Firmicutes_A_c_Clostridia_258483_o_Lachnospirales_f_Lachnospiraceae_g_NR_s_NR_170495,0.0008844842284739
Rarefied Taxa,10,620,p_Firmicutes_c_Clostridia_o_Clostridiales_f_Clostridiaceae_g_Clostridium_s_NR_180617,0.0008824753047124
Rarefied Taxa,10,621,p_Firmicutes_c_Clostridia_o_Clostridiales_f_Clostridiaceae_g_NR_s_NR_179391,0.0008742926929796
Rarefied Taxa,10,622,p_Proteobacteria_c_Betaproteobacteria_o_Burkholderiales_f_Alcaligenaceae,0.0008477200190447
Rarefied Taxa,10,623,p_Firmicutes_c_Clostridia_o_Clostridiales_f_Lachnospiraceae_g_Blautia_s_producta,0.0008434972728155
Rarefied Taxa,16,624,k_Bacteria_p_Firmicutes_c_Clostridia_o_Clostridiales_f_Tissierellaceae_g_Anaerococcus_s_NR_133036,0.0008333333333333
Rarefied Taxa,16,625,k_Bacteria_p_Firmicutes_c_Clostridia_o_Clostridiales_f_Lachnospiraceae_g_NR_s_NR_173596,0.0008333333333333
Rarefied Taxa,9,626,p_Firmicutes_c_Clostridia_o_Clostridiales_f_Lachnospiraceae_g_Dorea_s_formicigenerans,0.0008156332643865
Rarefied Taxa,10,627,p_Firmicutes_c_Clostridia_o_Clostridiales_f_Lachnospiraceae_g_Clostridium,0.0008019210570475
Rarefied Taxa,15,628,p_Firmicutes_c_Clostridia_o_Clostridiales_f_Lachnospiraceae_g_NR_s_NR_036928,0.0007994120083083
Rarefied Taxa,10,629,p_Firmicutes_c_Erysipelotrichi_o_Erysipelotrichales_f_Erysipelotrichaceae_g_NR_s_NR_176505,0.0007696942284996
Rarefied Taxa,10,630,p_Bacteroidetes_c_Bacteroidia_o_Bacteroidales_f_Bacteroidaceae_g_Bacteroides_s_NR_112944,0.0007635718279332
Rarefied Taxa,9,631,p_Lentisphaerae_c__Lentisphaeria_,0.0007634576557209
Rarefied Taxa,10,632,p_Firmicutes_c_Clostridia_o_Clostridiales_f_Ruminococcaceae_g_NR_s_NR_113360,0.00075280473575
Rarefied Taxa,10,633,p_Firmicutes_c_Clostridia_o_Clostridiales_f_Ruminococcaceae_g_Oscillospira_s_NR_200000,0.0007347877112114
Rarefied Taxa,9,634,p_Proteobacteria_c_Gammaproteobacteria_o_Pasteurellales,0.0006957681192392
Rarefied Taxa,11,635,p_Bdellovibrionota_E,0.0006942296247041
Rarefied Taxa,11,636,p_Firmicutes_A_c_Clostridia_258483_o_Tissierellales_f_Peptoniphilaceae_g_Peptoniphilus_A,0.0006763017624107
Rarefied Taxa,10,637,p_Firmicutes_c_Clostridia_o_Clostridiales_f_Lachnospiraceae_g_Clostridium_s_clostridioforme,0.000642552820871
Rarefied Taxa,10,638,p_Firmicutes_c_Clostridia_o_Clostridiales_f_Lachnospiraceae_g_NR_s_NR_179276,0.0006188177773894
Rarefied Taxa,9,639,p_Firmicutes_c_Bacilli_o_Lactobacillales_f_Streptococcaceae_g_Streptococcus_s_agalactiae,0.000595238095238
Rarefied Taxa,9,640,p_Firmicutes_c_Clostridia_o_Clostridiales_f_Lachnospiraceae_g_Lachnobacterium_s_NR_074634,0.000595238095238
Rarefied Taxa,9,641,p_Firmicutes_c_Bacilli_o_Lactobacillales_f_Leuconostocaceae,0.000595238095238
Rarefied Taxa,9,642,k_Archaea_p_Euryarchaeota,0.0005918237080972
Rarefied Taxa,9,643,p_Bacteroidetes_c_Bacteroidia_o_Bacteroidales_f__Paraprevotellaceae_g_Paraprevotella_s_NR_041626,0.0005875970518251
Rarefied Taxa,11,644,p_Actinobacteriota_c_Coriobacteriia_o_Coriobacteriales_f_Eggerthellaceae_g_NR_s_NR_134044,0.0005861040068201
Rarefied Taxa,9,645,p_Proteobacteria_c_Gammaproteobacteria_o_Enterobacteriales_f_Enterobacteriaceae_g_NR_s_NR_037084,0.0005789029015195
Rarefied Taxa,9,646,p_Firmicutes_c_Clostridia_o_Clostridiales_f__Tissierellaceae_g_Peptoniphilus_s_NR_125605,0.0005614425842223
Rarefied Taxa,9,647,p_Proteobacteria_c_Epsilonproteobacteria,0.0005335914810556
Rarefied Taxa,11,648,p_Firmicutes_A_c_Clostridia_258483_o_Clostridia_258483_f_Clostridia_258483_g_NR_s_NR_074634,0.0005333333333333
Rarefied Taxa,10,649,p_Firmicutes_c_Clostridia_o_Clostridiales_f_Veillonellaceae_g_Veillonella_s_dispar,0.0005135928523018
Rarefied Taxa,11,650,p_Firmicutes_A_c_Clostridia_258483_o_Oscillospirales_f_Oscillospirales_g_NR_s_NR_179531,0.0004888888888888
Rarefied Taxa,9,651,p_Firmicutes_c_Bacilli_o_Lactobacillales_f_Enterococcaceae,0.0004833260066404
Rarefied Taxa,11,652,p_Firmicutes_A_c_Clostridia_258483_o_Peptostreptococcales_f_Anaerovoracaceae_g_Alterileibacterium_s_Alterileibacterium_massiliense,0.0004666666666666
Rarefied Taxa,11,653,p_Firmicutes_A_c_Clostridia_258483_o_Peptostreptococcales_f_Anaerovoracaceae_g_Alterileibacterium,0.0004666666666666
Rarefied Taxa,9,654,p_Bacteroidetes_c_Bacteroidia_o_Bacteroidales_f_Rikenellaceae_g_Alistipes_s_indistinctus,0.0004652714829423
Rarefied Taxa,9,655,p_Firmicutes_c_Clostridia_o_SHA_98_f_SHA_98_g_NR_s_NR_181386,0.0004650241549862
Rarefied Taxa,11,656,p_Firmicutes_A_c_Clostridia_258483_o_Lachnospirales_f_Lachnospiraceae_g_CAG_127_s_CAG_127_sp900319515,0.0004508790490321
Rarefied Taxa,11,657,p_Firmicutes_A_c_Clostridia_258483_o_Oscillospirales_f_Ruminococcaceae_g_NR_s_NR_178280,0.0004347826086956
Rarefied Taxa,11,658,p_Firmicutes_D_c_Bacilli_o_Lactobacillales_f_Lactobacillaceae_g_Weissella_A_338544_s_NR_036924,0.0004347826086956
Rarefied Taxa,11,659,p_Firmicutes_A_c_Clostridia_258483_o_Oscillospirales_f_Oscillospirales_g_NR_s_NR_042646,0.0004347826086956
Rarefied Taxa,11,660,p_Firmicutes_A_c_Clostridia_258483_o_Lachnospirales_f_Lachnospiraceae_g_NR_s_NR_074652,0.0003999999999999
Rarefied Taxa,11,661,p_Bacteria_c_Bacteria_o_Bacteria_f_Bacteria_g_NR_s_NR_173642,0.0003999999999999
Rarefied Taxa,9,662,p_Proteobacteria_c_Alphaproteobacteria_o_RF32,0.0003944038726891
Rarefied Taxa,10,663,p_Actinobacteria_c_Coriobacteriia_o_Coriobacteriales_f_Coriobacteriaceae_g_Slackia_s_NR_113188,0.0003929625292729
Rarefied Taxa,11,664,p_Firmicutes_D_c_Bacilli_o_Lactobacillales_f_Streptococcaceae_g_Streptococcus,0.0003915618048138
Rarefied Taxa,11,665,p_Bacteroidota_c_Bacteroidia_o_Bacteroidales_f_Rikenellaceae_g_Alistipes_A_871400_s_Alistipes_A_871400_finegoldii,0.000376656669646
Rarefied Taxa,11,666,p_Firmicutes_A_c_Clostridia_258483_o_Lachnospirales_f_Lachnospiraceae_g_CAG_317_146760_s_CAG_317_sp000433215,0.0003515635795322
Rarefied Taxa,11,667,p_Firmicutes_A_c_Clostridia_258483_o_Tissierellales_f_Peptoniphilaceae,0.0003374500876133
Rarefied Taxa,10,668,p_Firmicutes_c_Clostridia_o_Clostridiales_f_Lachnospiraceae_g_NR_s_NR_181398,0.0003357425409682
Rarefied Taxa,10,669,p_Firmicutes_c_Bacilli_o_Lactobacillales_f_Enterococcaceae,0.0003324023279123
Rarefied Taxa,11,670,p_Firmicutes_D_c_Bacilli_o_Lactobacillales_f_Aerococcaceae_g_Granulicatella_s_NR_028682,0.0003247837278246
Rarefied Taxa,9,671,p_Actinobacteria_c_Actinobacteria_o_Bifidobacteriales_f_Bifidobacteriaceae_g_Bifidobacterium,0.0003108675158718
Rarefied Taxa,11,672,p_Firmicutes_A_c_Clostridia_258483,0.0003081154342337
Rarefied Taxa,11,673,p_Firmicutes_D_c_Bacilli_o_Lactobacillales_f_Lactobacillaceae_g_Weissella_A_338544,0.0002898550724637
Rarefied Taxa,9,674,p_Firmicutes_c_Clostridia_o_Clostridiales_f_Veillonellaceae_g_Veillonella_s_dispar,0.0002885031417862
Rarefied Taxa,11,675,p_Bacteroidota_c_Bacteroidia_o_Bacteroidales_f_UBA932,0.0002861129331126
Rarefied Taxa,11,676,p_Actinobacteriota_c_Actinomycetia_o_Mycobacteriales_f_Mycobacteriaceae_g_Corynebacterium_s_Corynebacterium_amycolatum_A,0.0002651363231792
Rarefied Taxa,11,677,p_Actinobacteriota_c_Actinomycetia_o_Mycobacteriales_f_Mycobacteriaceae_g_Corynebacterium,0.0002575322150186
Rarefied Taxa,11,678,p_Patescibacteria_c_Saccharimonadia,0.0002460515550861
Rarefied Taxa,11,679,p_Bacteroidota_c_Bacteroidia_o_Bacteroidales_f_Bacteroidaceae_g_Phocaeicola_A_858004_s_Phocaeicola_A_858004_coprocola,0.0002280232058339
Rarefied Taxa,11,680,p_Bacteroidota_c_Bacteroidia_o_Bacteroidales_f_Bacteroidaceae_g_Bacteroides_H_s_NR_113067,0.0002237182928433
Rarefied Taxa,11,681,p_Firmicutes_A_c_Clostridia_258483_o_Lachnospirales_f_Lachnospiraceae_g_Eisenbergiella_s_Eisenbergiella_tayi,0.0002081478027229
Rarefied Taxa,16,682,k_Bacteria_p_Spirochaetes,0.0
Rarefied Taxa,1,683,k_Bacteria_p_Desulfobacterota_I,0.0
Rarefied Taxa,16,684,k_Bacteria_p_Firmicutes_c_Firmicutes,0.0
Rarefied Taxa,1,685,k_Bacteria_p_Cyanobacteria,0.0
Rarefied Taxa,16,686,k_Bacteria_p_Bacteroidetes_c_Flavobacteriia,0.0
Rarefied Taxa,1,687,k_Bacteria_p_Fusobacteriota,0.0
Rarefied Taxa,16,688,k_Bacteria_p_Elusimicrobia_c_Elusimicrobia_o_Elusimicrobiales,0.0
Rarefied Taxa,16,689,k_Bacteria_p_Elusimicrobia,0.0
Rarefied Taxa,16,690,k_Bacteria_p_Spirochaetes_c_Brachyspirae_,0.0
